{
  "type": "FeatureCollection",
  "name": "Guwahati_OSM_Road_Centerlines",
  "crs": {
    "type": "name",
    "properties": {
      "name": "urn:ogc:def:crs:OGC:1.3:CRS84"
    }
  },
  "features": [
    {
      "type": "Feature",
      "id": "RE-OSM-0001",
      "properties": {
        "id": "RE-OSM-0001",
        "name": "NH27",
        "osmId": 44638799,
        "highway": "trunk",
        "distanceToHotspotM": 2005.3,
        "nearestHotspot": "Boragaon Bypass",
        "riskNow": "NORMAL",
        "riskPlus1Hr": "NORMAL"
      },
      "geometry": {
        "type": "LineString",
        "coordinates": [
          [
            91.675775,
            26.141472
          ],
          [
            91.674522,
            26.137848
          ],
          [
            91.674345,
            26.137429
          ],
          [
            91.674166,
            26.137007
          ],
          [
            91.673963,
            26.136533
          ],
          [
            91.673597,
            26.13581
          ],
          [
            91.673508,
            26.135581
          ],
          [
            91.673446,
            26.135381
          ],
          [
            91.673406,
            26.13522
          ],
          [
            91.673377,
            26.135075
          ],
          [
            91.673336,
            26.134881
          ],
          [
            91.673326,
            26.134613
          ],
          [
            91.673336,
            26.13438
          ],
          [
            91.673358,
            26.134134
          ],
          [
            91.673409,
            26.133857
          ],
          [
            91.673497,
            26.133489
          ],
          [
            91.673709,
            26.132699
          ],
          [
            91.674136,
            26.13117
          ],
          [
            91.674278,
            26.130727
          ],
          [
            91.674374,
            26.130454
          ],
          [
            91.67453,
            26.130134
          ],
          [
            91.674624,
            26.129992
          ],
          [
            91.674777,
            26.129775
          ],
          [
            91.674932,
            26.129573
          ],
          [
            91.675099,
            26.129393
          ],
          [
            91.675217,
            26.129282
          ],
          [
            91.675935,
            26.12868
          ],
          [
            91.676525,
            26.12821
          ],
          [
            91.676861,
            26.127972
          ],
          [
            91.67733,
            26.127666
          ],
          [
            91.680686,
            26.125698
          ],
          [
            91.682929,
            26.124395
          ],
          [
            91.684545,
            26.123406
          ],
          [
            91.685699,
            26.122751
          ],
          [
            91.685956,
            26.122611
          ],
          [
            91.686203,
            26.122484
          ],
          [
            91.68645,
            26.122368
          ],
          [
            91.68671,
            26.122269
          ],
          [
            91.687008,
            26.122158
          ],
          [
            91.687383,
            26.122036
          ],
          [
            91.689481,
            26.121424
          ],
          [
            91.691686,
            26.120846
          ],
          [
            91.695594,
            26.119718
          ],
          [
            91.696648,
            26.119426
          ],
          [
            91.700221,
            26.118329
          ],
          [
            91.702254,
            26.117719
          ],
          [
            91.703207,
            26.117401
          ]
        ]
      }
    },
    {
      "type": "Feature",
      "id": "RE-OSM-0002",
      "properties": {
        "id": "RE-OSM-0002",
        "name": "Panjabari Road",
        "osmId": 44639607,
        "highway": "secondary",
        "distanceToHotspotM": 764.0,
        "nearestHotspot": "Khanapara Basin",
        "riskNow": "NORMAL",
        "riskPlus1Hr": "MODERATE"
      },
      "geometry": {
        "type": "LineString",
        "coordinates": [
          [
            91.811962,
            26.132481
          ],
          [
            91.812226,
            26.132527
          ],
          [
            91.812515,
            26.132626
          ],
          [
            91.812612,
            26.132638
          ],
          [
            91.813198,
            26.13271
          ],
          [
            91.813571,
            26.13275
          ],
          [
            91.815442,
            26.132949
          ],
          [
            91.815464,
            26.132951
          ],
          [
            91.81626,
            26.133029
          ],
          [
            91.816929,
            26.133094
          ],
          [
            91.817321,
            26.133133
          ],
          [
            91.817924,
            26.133178
          ],
          [
            91.817958,
            26.13318
          ],
          [
            91.819248,
            26.133275
          ],
          [
            91.819335,
            26.133282
          ],
          [
            91.81939,
            26.133286
          ],
          [
            91.81976,
            26.133313
          ],
          [
            91.821089,
            26.13341
          ],
          [
            91.821145,
            26.133414
          ],
          [
            91.821409,
            26.133433
          ],
          [
            91.821528,
            26.133441
          ],
          [
            91.82191,
            26.13347
          ],
          [
            91.821951,
            26.133472
          ],
          [
            91.822186,
            26.133489
          ],
          [
            91.822394,
            26.1335
          ],
          [
            91.822483,
            26.133506
          ],
          [
            91.82302,
            26.133545
          ],
          [
            91.823497,
            26.133576
          ],
          [
            91.823841,
            26.1336
          ],
          [
            91.824278,
            26.133635
          ],
          [
            91.824575,
            26.133642
          ],
          [
            91.824776,
            26.133625
          ],
          [
            91.825005,
            26.133517
          ],
          [
            91.825408,
            26.133299
          ],
          [
            91.825729,
            26.133141
          ],
          [
            91.825802,
            26.133105
          ],
          [
            91.826121,
            26.132991
          ],
          [
            91.826411,
            26.132903
          ],
          [
            91.826603,
            26.132874
          ],
          [
            91.826684,
            26.132863
          ],
          [
            91.826704,
            26.13287
          ],
          [
            91.826813,
            26.132866
          ],
          [
            91.827395,
            26.13294
          ],
          [
            91.827478,
            26.13295
          ],
          [
            91.82802,
            26.133014
          ],
          [
            91.828356,
            26.133061
          ],
          [
            91.828738,
            26.133115
          ],
          [
            91.829106,
            26.133156
          ],
          [
            91.829347,
            26.13316
          ],
          [
            91.830243,
            26.133176
          ],
          [
            91.830614,
            26.133204
          ],
          [
            91.831527,
            26.133206
          ],
          [
            91.832055,
            26.133235
          ],
          [
            91.832115,
            26.133236
          ],
          [
            91.832346,
            26.133239
          ],
          [
            91.832542,
            26.133256
          ],
          [
            91.832711,
            26.133319
          ],
          [
            91.833027,
            26.133509
          ],
          [
            91.83336,
            26.133744
          ],
          [
            91.833448,
            26.13379
          ]
        ]
      }
    },
    {
      "type": "Feature",
      "id": "RE-OSM-0003",
      "properties": {
        "id": "RE-OSM-0003",
        "name": "VIP Road",
        "osmId": 44639845,
        "highway": "secondary",
        "distanceToHotspotM": 1611.6,
        "nearestHotspot": "Rukminigaon",
        "riskNow": "NORMAL",
        "riskPlus1Hr": "NORMAL"
      },
      "geometry": {
        "type": "LineString",
        "coordinates": [
          [
            91.829351,
            26.178486
          ],
          [
            91.82946,
            26.178421
          ],
          [
            91.829618,
            26.178303
          ],
          [
            91.830078,
            26.1779
          ],
          [
            91.830222,
            26.177676
          ],
          [
            91.830393,
            26.17741
          ],
          [
            91.8305,
            26.176967
          ],
          [
            91.830561,
            26.176732
          ],
          [
            91.830664,
            26.17633
          ],
          [
            91.830708,
            26.176156
          ],
          [
            91.830706,
            26.176115
          ],
          [
            91.830683,
            26.175758
          ],
          [
            91.830427,
            26.175068
          ],
          [
            91.830332,
            26.17481
          ],
          [
            91.830318,
            26.174763
          ],
          [
            91.830197,
            26.174351
          ],
          [
            91.830062,
            26.173652
          ],
          [
            91.829971,
            26.173001
          ],
          [
            91.829954,
            26.172882
          ],
          [
            91.829728,
            26.172041
          ],
          [
            91.82964,
            26.171846
          ],
          [
            91.829413,
            26.171345
          ],
          [
            91.829249,
            26.171008
          ],
          [
            91.829225,
            26.170957
          ],
          [
            91.829038,
            26.170573
          ],
          [
            91.828742,
            26.170078
          ],
          [
            91.828237,
            26.169234
          ],
          [
            91.828167,
            26.169121
          ],
          [
            91.827707,
            26.168375
          ],
          [
            91.827172,
            26.167506
          ],
          [
            91.826541,
            26.166427
          ],
          [
            91.82644,
            26.166317
          ],
          [
            91.82564,
            26.16544
          ],
          [
            91.825493,
            26.16528
          ],
          [
            91.824452,
            26.164285
          ],
          [
            91.824237,
            26.164078
          ],
          [
            91.823516,
            26.163367
          ],
          [
            91.822059,
            26.162034
          ],
          [
            91.821562,
            26.161603
          ],
          [
            91.820871,
            26.16101
          ],
          [
            91.820521,
            26.16072
          ],
          [
            91.820395,
            26.160611
          ],
          [
            91.819996,
            26.160276
          ],
          [
            91.819578,
            26.159936
          ],
          [
            91.819345,
            26.159769
          ],
          [
            91.819253,
            26.159712
          ],
          [
            91.819167,
            26.159663
          ],
          [
            91.819058,
            26.159602
          ],
          [
            91.818652,
            26.159408
          ],
          [
            91.818197,
            26.159216
          ],
          [
            91.817961,
            26.15913
          ],
          [
            91.817782,
            26.159064
          ],
          [
            91.817533,
            26.158993
          ],
          [
            91.817228,
            26.158928
          ],
          [
            91.816887,
            26.158897
          ],
          [
            91.815963,
            26.158875
          ],
          [
            91.815784,
            26.158884
          ],
          [
            91.815488,
            26.158898
          ],
          [
            91.815333,
            26.158899
          ],
          [
            91.814042,
            26.158907
          ],
          [
            91.813649,
            26.158864
          ],
          [
            91.813297,
            26.158761
          ],
          [
            91.813128,
            26.158712
          ],
          [
            91.812821,
            26.158592
          ],
          [
            91.812376,
            26.158359
          ],
          [
            91.8121,
            26.158216
          ],
          [
            91.811868,
            26.157999
          ],
          [
            91.811806,
            26.157919
          ],
          [
            91.811758,
            26.15777
          ],
          [
            91.811656,
            26.157446
          ],
          [
            91.811521,
            26.157067
          ],
          [
            91.811474,
            26.156934
          ],
          [
            91.811369,
            26.156594
          ],
          [
            91.811353,
            26.156317
          ],
          [
            91.811394,
            26.155304
          ],
          [
            91.811418,
            26.154629
          ],
          [
            91.811512,
            26.153786
          ],
          [
            91.81163,
            26.152314
          ],
          [
            91.811633,
            26.152097
          ],
          [
            91.811635,
            26.15196
          ],
          [
            91.811636,
            26.151846
          ],
          [
            91.811647,
            26.151076
          ],
          [
            91.811652,
            26.150904
          ],
          [
            91.811697,
            26.14949
          ]
        ]
      }
    },
    {
      "type": "Feature",
      "id": "RE-OSM-0004",
      "properties": {
        "id": "RE-OSM-0004",
        "name": "Secondary Road",
        "osmId": 44641222,
        "highway": "secondary",
        "distanceToHotspotM": 2169.9,
        "nearestHotspot": "Bharalumukh",
        "riskNow": "NORMAL",
        "riskPlus1Hr": "NORMAL"
      },
      "geometry": {
        "type": "LineString",
        "coordinates": [
          [
            91.710851,
            26.187049
          ],
          [
            91.710942,
            26.18724
          ],
          [
            91.711202,
            26.187761
          ],
          [
            91.711933,
            26.18928
          ],
          [
            91.711956,
            26.189329
          ],
          [
            91.712029,
            26.189448
          ],
          [
            91.712073,
            26.189508
          ],
          [
            91.712159,
            26.189563
          ],
          [
            91.712557,
            26.18975
          ],
          [
            91.713582,
            26.190168
          ],
          [
            91.714436,
            26.190558
          ],
          [
            91.71479,
            26.190718
          ],
          [
            91.714945,
            26.190784
          ],
          [
            91.715597,
            26.191061
          ],
          [
            91.716093,
            26.191291
          ],
          [
            91.717128,
            26.191764
          ],
          [
            91.717256,
            26.191823
          ],
          [
            91.717309,
            26.191841
          ],
          [
            91.717269,
            26.192078
          ]
        ]
      }
    },
    {
      "type": "Feature",
      "id": "RE-OSM-0005",
      "properties": {
        "id": "RE-OSM-0005",
        "name": "Secondary Road",
        "osmId": 44641257,
        "highway": "secondary",
        "distanceToHotspotM": 2802.3,
        "nearestHotspot": "Bharalumukh",
        "riskNow": "NORMAL",
        "riskPlus1Hr": "NORMAL"
      },
      "geometry": {
        "type": "LineString",
        "coordinates": [
          [
            91.680036,
            26.181087
          ],
          [
            91.680117,
            26.181032
          ],
          [
            91.680242,
            26.180957
          ],
          [
            91.680294,
            26.180918
          ],
          [
            91.680334,
            26.180875
          ],
          [
            91.680373,
            26.180827
          ],
          [
            91.680401,
            26.180779
          ],
          [
            91.680422,
            26.180725
          ],
          [
            91.68045,
            26.180672
          ],
          [
            91.680493,
            26.18062
          ],
          [
            91.680548,
            26.180584
          ],
          [
            91.680788,
            26.18046
          ],
          [
            91.680908,
            26.180409
          ],
          [
            91.680998,
            26.180378
          ],
          [
            91.681076,
            26.180357
          ],
          [
            91.681157,
            26.180341
          ],
          [
            91.681248,
            26.180336
          ],
          [
            91.681335,
            26.180334
          ],
          [
            91.681436,
            26.180342
          ],
          [
            91.681614,
            26.180376
          ],
          [
            91.681809,
            26.18042
          ],
          [
            91.681974,
            26.180469
          ],
          [
            91.682051,
            26.180504
          ],
          [
            91.682124,
            26.180563
          ],
          [
            91.682251,
            26.180693
          ],
          [
            91.682313,
            26.18076
          ],
          [
            91.682391,
            26.180789
          ],
          [
            91.683153,
            26.18081
          ],
          [
            91.683234,
            26.180819
          ],
          [
            91.683333,
            26.180842
          ],
          [
            91.683468,
            26.180904
          ],
          [
            91.683586,
            26.180979
          ],
          [
            91.683843,
            26.181217
          ],
          [
            91.684195,
            26.18151
          ],
          [
            91.684443,
            26.18171
          ],
          [
            91.684588,
            26.181817
          ],
          [
            91.684751,
            26.181925
          ],
          [
            91.684892,
            26.181987
          ],
          [
            91.685055,
            26.182041
          ],
          [
            91.685291,
            26.182103
          ],
          [
            91.68556,
            26.182151
          ],
          [
            91.686128,
            26.182225
          ],
          [
            91.686523,
            26.182254
          ],
          [
            91.6875,
            26.182203
          ],
          [
            91.687706,
            26.182213
          ],
          [
            91.687862,
            26.182232
          ],
          [
            91.688495,
            26.182324
          ],
          [
            91.688793,
            26.182345
          ],
          [
            91.689065,
            26.182347
          ],
          [
            91.689401,
            26.182354
          ],
          [
            91.691171,
            26.182422
          ],
          [
            91.691596,
            26.182429
          ],
          [
            91.692019,
            26.182421
          ],
          [
            91.692244,
            26.182408
          ],
          [
            91.692493,
            26.182386
          ],
          [
            91.693559,
            26.18231
          ],
          [
            91.694053,
            26.182274
          ],
          [
            91.694148,
            26.182273
          ],
          [
            91.694255,
            26.182291
          ],
          [
            91.69442,
            26.182345
          ],
          [
            91.694673,
            26.182452
          ],
          [
            91.694808,
            26.182521
          ],
          [
            91.695091,
            26.182665
          ],
          [
            91.695233,
            26.182738
          ],
          [
            91.69537,
            26.182808
          ],
          [
            91.695628,
            26.182954
          ],
          [
            91.696112,
            26.183239
          ],
          [
            91.696189,
            26.183281
          ],
          [
            91.696374,
            26.183358
          ],
          [
            91.696936,
            26.183561
          ],
          [
            91.697327,
            26.183708
          ],
          [
            91.697724,
            26.183851
          ],
          [
            91.698607,
            26.184121
          ],
          [
            91.698794,
            26.184184
          ],
          [
            91.701206,
            26.185079
          ],
          [
            91.701651,
            26.185241
          ]
        ]
      }
    },
    {
      "type": "Feature",
      "id": "RE-OSM-0006",
      "properties": {
        "id": "RE-OSM-0006",
        "name": "NH27",
        "osmId": 44643275,
        "highway": "trunk",
        "distanceToHotspotM": 2894.0,
        "nearestHotspot": "Boragaon Bypass",
        "riskNow": "NORMAL",
        "riskPlus1Hr": "NORMAL"
      },
      "geometry": {
        "type": "LineString",
        "coordinates": [
          [
            91.725717,
            26.114401
          ],
          [
            91.726582,
            26.114223
          ],
          [
            91.727568,
            26.11403
          ],
          [
            91.728772,
            26.113823
          ],
          [
            91.730103,
            26.113561
          ],
          [
            91.734368,
            26.112732
          ],
          [
            91.73465,
            26.112676
          ],
          [
            91.73497,
            26.112611
          ],
          [
            91.736705,
            26.112261
          ],
          [
            91.737679,
            26.112112
          ],
          [
            91.738489,
            26.11203
          ]
        ]
      }
    },
    {
      "type": "Feature",
      "id": "RE-OSM-0007",
      "properties": {
        "id": "RE-OSM-0007",
        "name": "NH27",
        "osmId": 44643283,
        "highway": "trunk",
        "distanceToHotspotM": 2418.8,
        "nearestHotspot": "Boragaon Bypass",
        "riskNow": "NORMAL",
        "riskPlus1Hr": "NORMAL"
      },
      "geometry": {
        "type": "LineString",
        "coordinates": [
          [
            91.719197,
            26.115709
          ],
          [
            91.719563,
            26.115659
          ]
        ]
      }
    },
    {
      "type": "Feature",
      "id": "RE-OSM-0008",
      "properties": {
        "id": "RE-OSM-0008",
        "name": "NH37",
        "osmId": 44643353,
        "highway": "trunk",
        "distanceToHotspotM": 871.8,
        "nearestHotspot": "Khanapara Basin",
        "riskNow": "NORMAL",
        "riskPlus1Hr": "MODERATE"
      },
      "geometry": {
        "type": "LineString",
        "coordinates": [
          [
            91.818945,
            26.118724
          ],
          [
            91.81857,
            26.118654
          ],
          [
            91.818176,
            26.118587
          ],
          [
            91.817803,
            26.118524
          ],
          [
            91.817435,
            26.118457
          ],
          [
            91.817097,
            26.118389
          ],
          [
            91.816821,
            26.11832
          ],
          [
            91.816247,
            26.118123
          ],
          [
            91.816119,
            26.118068
          ]
        ]
      }
    },
    {
      "type": "Feature",
      "id": "RE-OSM-0009",
      "properties": {
        "id": "RE-OSM-0009",
        "name": "NH27",
        "osmId": 44643354,
        "highway": "trunk",
        "distanceToHotspotM": 3889.6,
        "nearestHotspot": "Hatigaon - Bhetapara",
        "riskNow": "NORMAL",
        "riskPlus1Hr": "NORMAL"
      },
      "geometry": {
        "type": "LineString",
        "coordinates": [
          [
            91.741977,
            26.111825
          ],
          [
            91.742328,
            26.111814
          ],
          [
            91.742733,
            26.111802
          ],
          [
            91.745874,
            26.11174
          ],
          [
            91.747368,
            26.111706
          ],
          [
            91.747719,
            26.111699
          ],
          [
            91.748191,
            26.111684
          ],
          [
            91.748979,
            26.111705
          ]
        ]
      }
    },
    {
      "type": "Feature",
      "id": "RE-OSM-0010",
      "properties": {
        "id": "RE-OSM-0010",
        "name": "Primary Road",
        "osmId": 44643380,
        "highway": "primary",
        "distanceToHotspotM": 1015.9,
        "nearestHotspot": "Khanapara Basin",
        "riskNow": "NORMAL",
        "riskPlus1Hr": "MODERATE"
      },
      "geometry": {
        "type": "LineString",
        "coordinates": [
          [
            91.822596,
            26.119201
          ],
          [
            91.822509,
            26.119179
          ],
          [
            91.822414,
            26.119183
          ],
          [
            91.822325,
            26.119216
          ],
          [
            91.822254,
            26.119274
          ],
          [
            91.822212,
            26.119339
          ],
          [
            91.822193,
            26.119412
          ],
          [
            91.822199,
            26.119487
          ],
          [
            91.822229,
            26.119557
          ],
          [
            91.822267,
            26.119605
          ],
          [
            91.822342,
            26.119657
          ],
          [
            91.822432,
            26.119684
          ],
          [
            91.822527,
            26.119683
          ],
          [
            91.822589,
            26.119666
          ],
          [
            91.822667,
            26.11962
          ],
          [
            91.822725,
            26.119555
          ],
          [
            91.822756,
            26.119476
          ],
          [
            91.822757,
            26.119392
          ],
          [
            91.822727,
            26.119313
          ],
          [
            91.822671,
            26.119246
          ],
          [
            91.822596,
            26.119201
          ]
        ]
      }
    },
    {
      "type": "Feature",
      "id": "RE-OSM-0011",
      "properties": {
        "id": "RE-OSM-0011",
        "name": "Tertiary Road",
        "osmId": 44643397,
        "highway": "tertiary",
        "distanceToHotspotM": 899.8,
        "nearestHotspot": "Khanapara Basin",
        "riskNow": "NORMAL",
        "riskPlus1Hr": "MODERATE"
      },
      "geometry": {
        "type": "LineString",
        "coordinates": [
          [
            91.822254,
            26.119274
          ],
          [
            91.822078,
            26.119237
          ],
          [
            91.821916,
            26.119206
          ],
          [
            91.821763,
            26.119173
          ],
          [
            91.821408,
            26.119102
          ],
          [
            91.82118,
            26.119061
          ],
          [
            91.82086,
            26.119013
          ],
          [
            91.820286,
            26.118902
          ],
          [
            91.819903,
            26.118833
          ],
          [
            91.819603,
            26.118787
          ],
          [
            91.819318,
            26.118753
          ],
          [
            91.818945,
            26.118724
          ]
        ]
      }
    },
    {
      "type": "Feature",
      "id": "RE-OSM-0012",
      "properties": {
        "id": "RE-OSM-0012",
        "name": "Trunk_link Road",
        "osmId": 44643404,
        "highway": "trunk_link",
        "distanceToHotspotM": 1150.6,
        "nearestHotspot": "Khanapara Basin",
        "riskNow": "NORMAL",
        "riskPlus1Hr": "MODERATE"
      },
      "geometry": {
        "type": "LineString",
        "coordinates": [
          [
            91.825129,
            26.119654
          ],
          [
            91.824997,
            26.11962
          ],
          [
            91.824679,
            26.119646
          ],
          [
            91.824369,
            26.119645
          ],
          [
            91.82407,
            26.119616
          ]
        ]
      }
    },
    {
      "type": "Feature",
      "id": "RE-OSM-0013",
      "properties": {
        "id": "RE-OSM-0013",
        "name": "Tertiary Road",
        "osmId": 44644201,
        "highway": "tertiary",
        "distanceToHotspotM": 385.5,
        "nearestHotspot": "Khanapara Basin",
        "riskNow": "MODERATE",
        "riskPlus1Hr": "HIGH RISK"
      },
      "geometry": {
        "type": "LineString",
        "coordinates": [
          [
            91.817929,
            26.123741
          ],
          [
            91.817847,
            26.123638
          ],
          [
            91.817795,
            26.123554
          ],
          [
            91.817616,
            26.123263
          ],
          [
            91.817484,
            26.123049
          ],
          [
            91.817408,
            26.122928
          ],
          [
            91.817401,
            26.122913
          ],
          [
            91.817182,
            26.122509
          ],
          [
            91.817071,
            26.122203
          ],
          [
            91.816986,
            26.121965
          ],
          [
            91.816818,
            26.12127
          ],
          [
            91.8168,
            26.121194
          ],
          [
            91.816783,
            26.121119
          ],
          [
            91.816566,
            26.120143
          ],
          [
            91.816528,
            26.119887
          ],
          [
            91.816515,
            26.119776
          ],
          [
            91.816518,
            26.119663
          ],
          [
            91.816543,
            26.119486
          ],
          [
            91.816602,
            26.118943
          ],
          [
            91.816777,
            26.118453
          ],
          [
            91.816801,
            26.118389
          ]
        ]
      }
    },
    {
      "type": "Feature",
      "id": "RE-OSM-0014",
      "properties": {
        "id": "RE-OSM-0014",
        "name": "pilingkata road",
        "osmId": 44644341,
        "highway": "tertiary",
        "distanceToHotspotM": 2307.5,
        "nearestHotspot": "Khanapara Basin",
        "riskNow": "NORMAL",
        "riskPlus1Hr": "NORMAL"
      },
      "geometry": {
        "type": "LineString",
        "coordinates": [
          [
            91.804101,
            26.102425
          ],
          [
            91.804118,
            26.102474
          ],
          [
            91.804106,
            26.102523
          ],
          [
            91.80395,
            26.102792
          ],
          [
            91.803969,
            26.10311
          ],
          [
            91.803896,
            26.103203
          ],
          [
            91.803687,
            26.10343
          ],
          [
            91.802993,
            26.10418
          ],
          [
            91.802824,
            26.104364
          ],
          [
            91.802309,
            26.104981
          ],
          [
            91.802289,
            26.105018
          ],
          [
            91.802171,
            26.105235
          ],
          [
            91.80206,
            26.105351
          ],
          [
            91.801888,
            26.105435
          ],
          [
            91.801459,
            26.106075
          ],
          [
            91.801383,
            26.106198
          ],
          [
            91.801108,
            26.106645
          ],
          [
            91.801075,
            26.106698
          ],
          [
            91.800659,
            26.107375
          ],
          [
            91.800377,
            26.107833
          ],
          [
            91.800292,
            26.107983
          ],
          [
            91.800128,
            26.108272
          ],
          [
            91.799993,
            26.108561
          ],
          [
            91.799948,
            26.108657
          ],
          [
            91.799734,
            26.109043
          ],
          [
            91.79968,
            26.109218
          ],
          [
            91.799631,
            26.109382
          ],
          [
            91.799588,
            26.109794
          ],
          [
            91.799572,
            26.10995
          ],
          [
            91.799562,
            26.110045
          ],
          [
            91.799558,
            26.110108
          ],
          [
            91.799528,
            26.110584
          ]
        ]
      }
    },
    {
      "type": "Feature",
      "id": "RE-OSM-0015",
      "properties": {
        "id": "RE-OSM-0015",
        "name": "patarkuchi road",
        "osmId": 44644363,
        "highway": "tertiary",
        "distanceToHotspotM": 2045.9,
        "nearestHotspot": "Khanapara Basin",
        "riskNow": "NORMAL",
        "riskPlus1Hr": "NORMAL"
      },
      "geometry": {
        "type": "LineString",
        "coordinates": [
          [
            91.809509,
            26.100331
          ],
          [
            91.809572,
            26.100744
          ],
          [
            91.809613,
            26.101013
          ],
          [
            91.809625,
            26.101241
          ],
          [
            91.809623,
            26.101328
          ],
          [
            91.809615,
            26.10144
          ],
          [
            91.809594,
            26.101549
          ],
          [
            91.809501,
            26.101906
          ],
          [
            91.8095,
            26.101949
          ],
          [
            91.809532,
            26.102026
          ],
          [
            91.809551,
            26.102054
          ],
          [
            91.809662,
            26.102244
          ],
          [
            91.809662,
            26.102279
          ],
          [
            91.809658,
            26.10231
          ],
          [
            91.809601,
            26.102542
          ],
          [
            91.809577,
            26.102608
          ],
          [
            91.809531,
            26.102693
          ],
          [
            91.809448,
            26.102795
          ],
          [
            91.809273,
            26.102992
          ],
          [
            91.809207,
            26.103128
          ],
          [
            91.809098,
            26.103432
          ],
          [
            91.809062,
            26.103562
          ],
          [
            91.808952,
            26.103971
          ],
          [
            91.808909,
            26.104225
          ],
          [
            91.808939,
            26.104578
          ],
          [
            91.808943,
            26.104626
          ],
          [
            91.8089,
            26.104827
          ],
          [
            91.808909,
            26.10505
          ],
          [
            91.80896,
            26.105281
          ],
          [
            91.809184,
            26.105867
          ],
          [
            91.809186,
            26.105891
          ],
          [
            91.809184,
            26.106021
          ],
          [
            91.809149,
            26.106237
          ],
          [
            91.808832,
            26.107185
          ],
          [
            91.808791,
            26.107281
          ],
          [
            91.808737,
            26.107409
          ],
          [
            91.808308,
            26.107956
          ],
          [
            91.808111,
            26.108156
          ],
          [
            91.808025,
            26.108349
          ],
          [
            91.807939,
            26.108611
          ],
          [
            91.807879,
            26.108665
          ],
          [
            91.807776,
            26.10868
          ],
          [
            91.807639,
            26.108634
          ],
          [
            91.807515,
            26.108606
          ],
          [
            91.807398,
            26.10858
          ],
          [
            91.807021,
            26.10858
          ],
          [
            91.806688,
            26.108661
          ],
          [
            91.806609,
            26.10868
          ],
          [
            91.806214,
            26.108796
          ],
          [
            91.806114,
            26.108853
          ],
          [
            91.805999,
            26.108919
          ],
          [
            91.805931,
            26.109043
          ],
          [
            91.805931,
            26.109189
          ],
          [
            91.806016,
            26.109382
          ],
          [
            91.806008,
            26.109451
          ],
          [
            91.805956,
            26.10949
          ],
          [
            91.805871,
            26.109513
          ],
          [
            91.805811,
            26.10951
          ],
          [
            91.805665,
            26.109505
          ],
          [
            91.805044,
            26.109559
          ],
          [
            91.80487,
            26.109575
          ],
          [
            91.803751,
            26.109673
          ],
          [
            91.803634,
            26.109683
          ],
          [
            91.803558,
            26.10969
          ],
          [
            91.80321,
            26.109721
          ],
          [
            91.802721,
            26.109829
          ],
          [
            91.802155,
            26.109954
          ],
          [
            91.801655,
            26.110065
          ],
          [
            91.801167,
            26.110173
          ],
          [
            91.800283,
            26.110368
          ],
          [
            91.800205,
            26.110389
          ],
          [
            91.799811,
            26.110491
          ],
          [
            91.799528,
            26.110584
          ],
          [
            91.799322,
            26.110761
          ],
          [
            91.799282,
            26.11079
          ],
          [
            91.799142,
            26.110892
          ],
          [
            91.798893,
            26.110992
          ],
          [
            91.798766,
            26.111027
          ],
          [
            91.798458,
            26.111111
          ],
          [
            91.798189,
            26.111185
          ],
          [
            91.797863,
            26.111316
          ],
          [
            91.797729,
            26.111316
          ],
          [
            91.797674,
            26.111316
          ]
        ]
      }
    },
    {
      "type": "Feature",
      "id": "RE-OSM-0016",
      "properties": {
        "id": "RE-OSM-0016",
        "name": "Pir Azan Fakir Road",
        "osmId": 44644445,
        "highway": "tertiary",
        "distanceToHotspotM": 1044.5,
        "nearestHotspot": "Khanapara Basin",
        "riskNow": "NORMAL",
        "riskPlus1Hr": "MODERATE"
      },
      "geometry": {
        "type": "LineString",
        "coordinates": [
          [
            91.799298,
            26.123505
          ],
          [
            91.799321,
            26.123503
          ],
          [
            91.80018,
            26.123407
          ],
          [
            91.800916,
            26.123316
          ],
          [
            91.80141,
            26.123251
          ],
          [
            91.801623,
            26.123223
          ],
          [
            91.802057,
            26.123161
          ],
          [
            91.802495,
            26.123105
          ],
          [
            91.802545,
            26.1231
          ],
          [
            91.803155,
            26.123032
          ],
          [
            91.803255,
            26.12302
          ],
          [
            91.80369,
            26.122978
          ],
          [
            91.804065,
            26.12294
          ],
          [
            91.804105,
            26.122935
          ],
          [
            91.804523,
            26.122886
          ],
          [
            91.804622,
            26.122875
          ],
          [
            91.804909,
            26.122849
          ],
          [
            91.805157,
            26.122816
          ]
        ]
      }
    },
    {
      "type": "Feature",
      "id": "RE-OSM-0017",
      "properties": {
        "id": "RE-OSM-0017",
        "name": "Tertiary Road",
        "osmId": 44644447,
        "highway": "tertiary",
        "distanceToHotspotM": 1592.0,
        "nearestHotspot": "Khanapara Basin",
        "riskNow": "NORMAL",
        "riskPlus1Hr": "NORMAL"
      },
      "geometry": {
        "type": "LineString",
        "coordinates": [
          [
            91.798703,
            26.123525
          ],
          [
            91.798765,
            26.123548
          ],
          [
            91.798927,
            26.123551
          ],
          [
            91.799298,
            26.123505
          ]
        ]
      }
    },
    {
      "type": "Feature",
      "id": "RE-OSM-0018",
      "properties": {
        "id": "RE-OSM-0018",
        "name": "Tertiary Road",
        "osmId": 44644449,
        "highway": "tertiary",
        "distanceToHotspotM": 1488.2,
        "nearestHotspot": "Khanapara Basin",
        "riskNow": "NORMAL",
        "riskPlus1Hr": "NORMAL"
      },
      "geometry": {
        "type": "LineString",
        "coordinates": [
          [
            91.800397,
            26.123314
          ],
          [
            91.800174,
            26.123345
          ],
          [
            91.799316,
            26.123456
          ],
          [
            91.799013,
            26.123454
          ],
          [
            91.798936,
            26.123428
          ],
          [
            91.798862,
            26.123378
          ],
          [
            91.798806,
            26.123339
          ]
        ]
      }
    },
    {
      "type": "Feature",
      "id": "RE-OSM-0019",
      "properties": {
        "id": "RE-OSM-0019",
        "name": "Kalaguru Bishnuprasad Rabha Flyover",
        "osmId": 44644556,
        "highway": "primary",
        "distanceToHotspotM": 1352.0,
        "nearestHotspot": "GS Road (Bhangagarh)",
        "riskNow": "NORMAL",
        "riskPlus1Hr": "NORMAL"
      },
      "geometry": {
        "type": "LineString",
        "coordinates": [
          [
            91.787644,
            26.147691
          ],
          [
            91.787304,
            26.14797
          ],
          [
            91.785242,
            26.149748
          ],
          [
            91.785026,
            26.149928
          ],
          [
            91.78298,
            26.151826
          ]
        ]
      }
    },
    {
      "type": "Feature",
      "id": "RE-OSM-0020",
      "properties": {
        "id": "RE-OSM-0020",
        "name": "G.S. Road",
        "osmId": 44644560,
        "highway": "primary",
        "distanceToHotspotM": 574.2,
        "nearestHotspot": "GS Road (Bhangagarh)",
        "riskNow": "MODERATE",
        "riskPlus1Hr": "HIGH RISK"
      },
      "geometry": {
        "type": "LineString",
        "coordinates": [
          [
            91.771104,
            26.162663
          ],
          [
            91.770746,
            26.163023
          ]
        ]
      }
    },
    {
      "type": "Feature",
      "id": "RE-OSM-0021",
      "properties": {
        "id": "RE-OSM-0021",
        "name": "Lokhra-Lalganesh Road",
        "osmId": 44644633,
        "highway": "secondary",
        "distanceToHotspotM": 2200.6,
        "nearestHotspot": "Bharalumukh",
        "riskNow": "NORMAL",
        "riskPlus1Hr": "NORMAL"
      },
      "geometry": {
        "type": "LineString",
        "coordinates": [
          [
            91.748466,
            26.123241
          ],
          [
            91.748468,
            26.123353
          ],
          [
            91.748489,
            26.124636
          ],
          [
            91.748349,
            26.124896
          ],
          [
            91.747823,
            26.125224
          ],
          [
            91.747019,
            26.125503
          ],
          [
            91.745356,
            26.126014
          ],
          [
            91.744104,
            26.126402
          ],
          [
            91.743993,
            26.126412
          ],
          [
            91.743728,
            26.126435
          ],
          [
            91.743173,
            26.126551
          ],
          [
            91.742352,
            26.12671
          ],
          [
            91.742009,
            26.126802
          ],
          [
            91.741461,
            26.126948
          ],
          [
            91.740914,
            26.127112
          ],
          [
            91.740249,
            26.127398
          ],
          [
            91.739906,
            26.127545
          ],
          [
            91.739826,
            26.127586
          ],
          [
            91.73953,
            26.127738
          ],
          [
            91.739487,
            26.12776
          ],
          [
            91.738833,
            26.128094
          ],
          [
            91.738367,
            26.128494
          ],
          [
            91.738092,
            26.12873
          ],
          [
            91.737449,
            26.129392
          ],
          [
            91.736955,
            26.130078
          ],
          [
            91.736938,
            26.130105
          ],
          [
            91.736601,
            26.130647
          ],
          [
            91.736429,
            26.131206
          ],
          [
            91.73642,
            26.131582
          ],
          [
            91.736416,
            26.131707
          ],
          [
            91.736413,
            26.131784
          ],
          [
            91.736382,
            26.132347
          ],
          [
            91.736382,
            26.132414
          ],
          [
            91.736382,
            26.133264
          ],
          [
            91.736384,
            26.133285
          ],
          [
            91.736415,
            26.133623
          ],
          [
            91.736468,
            26.134196
          ],
          [
            91.736483,
            26.134279
          ],
          [
            91.736545,
            26.134634
          ],
          [
            91.736554,
            26.134682
          ],
          [
            91.736607,
            26.134902
          ],
          [
            91.73664,
            26.135036
          ],
          [
            91.736734,
            26.135306
          ],
          [
            91.736949,
            26.135676
          ],
          [
            91.737212,
            26.135905
          ],
          [
            91.737449,
            26.136111
          ],
          [
            91.737778,
            26.136396
          ],
          [
            91.738554,
            26.13707
          ],
          [
            91.739314,
            26.137892
          ],
          [
            91.740081,
            26.138721
          ],
          [
            91.740193,
            26.138843
          ],
          [
            91.740237,
            26.13889
          ],
          [
            91.740309,
            26.138991
          ],
          [
            91.740546,
            26.139293
          ],
          [
            91.740596,
            26.139391
          ],
          [
            91.740706,
            26.139613
          ],
          [
            91.740855,
            26.13991
          ],
          [
            91.741351,
            26.140633
          ],
          [
            91.74153,
            26.140898
          ],
          [
            91.741745,
            26.141289
          ],
          [
            91.741887,
            26.141612
          ],
          [
            91.741933,
            26.141801
          ],
          [
            91.741976,
            26.141972
          ],
          [
            91.741993,
            26.142042
          ],
          [
            91.74203,
            26.142408
          ],
          [
            91.742023,
            26.142494
          ],
          [
            91.741995,
            26.142827
          ],
          [
            91.74199,
            26.142884
          ],
          [
            91.741955,
            26.143017
          ],
          [
            91.741885,
            26.143274
          ],
          [
            91.741722,
            26.14365
          ],
          [
            91.741298,
            26.144479
          ],
          [
            91.741117,
            26.144957
          ],
          [
            91.741041,
            26.145156
          ],
          [
            91.740897,
            26.145538
          ],
          [
            91.740864,
            26.145674
          ],
          [
            91.740738,
            26.146187
          ],
          [
            91.740725,
            26.14624
          ],
          [
            91.740725,
            26.146477
          ],
          [
            91.740725,
            26.146609
          ],
          [
            91.740756,
            26.147136
          ],
          [
            91.740815,
            26.147693
          ],
          [
            91.740927,
            26.148487
          ],
          [
            91.741006,
            26.149046
          ],
          [
            91.741003,
            26.149915
          ],
          [
            91.741003,
            26.150045
          ],
          [
            91.740968,
            26.150746
          ],
          [
            91.740953,
            26.150834
          ],
          [
            91.740878,
            26.15129
          ],
          [
            91.74077,
            26.15167
          ],
          [
            91.740703,
            26.151855
          ],
          [
            91.740566,
            26.152111
          ],
          [
            91.740534,
            26.152167
          ],
          [
            91.740235,
            26.152687
          ],
          [
            91.740208,
            26.152756
          ],
          [
            91.740076,
            26.153093
          ],
          [
            91.739881,
            26.153592
          ],
          [
            91.739869,
            26.153622
          ],
          [
            91.739852,
            26.153674
          ],
          [
            91.7397,
            26.15413
          ],
          [
            91.739694,
            26.154154
          ],
          [
            91.739565,
            26.154614
          ],
          [
            91.739549,
            26.154668
          ],
          [
            91.739501,
            26.154837
          ],
          [
            91.739483,
            26.155019
          ],
          [
            91.739524,
            26.155378
          ],
          [
            91.739532,
            26.15544
          ],
          [
            91.739601,
            26.15593
          ],
          [
            91.739672,
            26.156343
          ],
          [
            91.739692,
            26.156396
          ],
          [
            91.739863,
            26.156841
          ],
          [
            91.740091,
            26.157204
          ],
          [
            91.740212,
            26.157359
          ],
          [
            91.740473,
            26.157691
          ],
          [
            91.740603,
            26.157845
          ],
          [
            91.740874,
            26.158165
          ],
          [
            91.740914,
            26.158212
          ],
          [
            91.741086,
            26.158482
          ],
          [
            91.74118,
            26.158674
          ],
          [
            91.741269,
            26.158804
          ]
        ]
      }
    },
    {
      "type": "Feature",
      "id": "RE-OSM-0022",
      "properties": {
        "id": "RE-OSM-0022",
        "name": "Primary Road",
        "osmId": 44768595,
        "highway": "primary",
        "distanceToHotspotM": 10.8,
        "nearestHotspot": "Khanapara Basin",
        "riskNow": "HIGH RISK",
        "riskPlus1Hr": "BLOCKED"
      },
      "geometry": {
        "type": "LineString",
        "coordinates": [
          [
            91.810661,
            26.129477
          ],
          [
            91.811704,
            26.128676
          ],
          [
            91.812002,
            26.128441
          ],
          [
            91.81302,
            26.127637
          ],
          [
            91.81361,
            26.127171
          ],
          [
            91.81368,
            26.127115
          ],
          [
            91.814114,
            26.126773
          ],
          [
            91.815107,
            26.125988
          ],
          [
            91.815249,
            26.125874
          ],
          [
            91.815747,
            26.125478
          ],
          [
            91.81676,
            26.124672
          ],
          [
            91.816846,
            26.124603
          ],
          [
            91.817813,
            26.123833
          ],
          [
            91.817929,
            26.123741
          ],
          [
            91.820958,
            26.121329
          ],
          [
            91.821685,
            26.12075
          ],
          [
            91.821776,
            26.120678
          ],
          [
            91.821999,
            26.120462
          ],
          [
            91.822154,
            26.120231
          ],
          [
            91.822257,
            26.120023
          ],
          [
            91.822285,
            26.119967
          ],
          [
            91.822308,
            26.119923
          ],
          [
            91.822385,
            26.119822
          ],
          [
            91.822465,
            26.119736
          ],
          [
            91.822527,
            26.119683
          ]
        ]
      }
    },
    {
      "type": "Feature",
      "id": "RE-OSM-0023",
      "properties": {
        "id": "RE-OSM-0023",
        "name": "Kalaguru Bishnuprasad Rabha Flyover",
        "osmId": 44768597,
        "highway": "primary",
        "distanceToHotspotM": 1355.1,
        "nearestHotspot": "GS Road (Bhangagarh)",
        "riskNow": "NORMAL",
        "riskPlus1Hr": "NORMAL"
      },
      "geometry": {
        "type": "LineString",
        "coordinates": [
          [
            91.783034,
            26.151857
          ],
          [
            91.784781,
            26.150245
          ],
          [
            91.785258,
            26.149815
          ],
          [
            91.787746,
            26.147701
          ]
        ]
      }
    },
    {
      "type": "Feature",
      "id": "RE-OSM-0024",
      "properties": {
        "id": "RE-OSM-0024",
        "name": "Guwahati-Shillong Road",
        "osmId": 44768600,
        "highway": "primary",
        "distanceToHotspotM": 14.9,
        "nearestHotspot": "Khanapara Basin",
        "riskNow": "HIGH RISK",
        "riskPlus1Hr": "BLOCKED"
      },
      "geometry": {
        "type": "LineString",
        "coordinates": [
          [
            91.822254,
            26.11977
          ],
          [
            91.822224,
            26.119827
          ],
          [
            91.822169,
            26.119934
          ],
          [
            91.822067,
            26.120138
          ],
          [
            91.821921,
            26.120358
          ],
          [
            91.821707,
            26.120565
          ],
          [
            91.82159,
            26.120657
          ],
          [
            91.820896,
            26.12121
          ],
          [
            91.820339,
            26.121654
          ],
          [
            91.817847,
            26.123638
          ],
          [
            91.81772,
            26.123739
          ],
          [
            91.815161,
            26.125777
          ],
          [
            91.815041,
            26.125871
          ],
          [
            91.814541,
            26.126267
          ],
          [
            91.814032,
            26.126671
          ],
          [
            91.813611,
            26.127004
          ],
          [
            91.813045,
            26.127453
          ],
          [
            91.813007,
            26.127482
          ],
          [
            91.8119,
            26.128359
          ],
          [
            91.811866,
            26.128386
          ],
          [
            91.810604,
            26.129422
          ]
        ]
      }
    },
    {
      "type": "Feature",
      "id": "RE-OSM-0025",
      "properties": {
        "id": "RE-OSM-0025",
        "name": "Pandu Kamakhya Road",
        "osmId": 44898808,
        "highway": "tertiary",
        "distanceToHotspotM": 2202.0,
        "nearestHotspot": "Bharalumukh",
        "riskNow": "NORMAL",
        "riskPlus1Hr": "NORMAL"
      },
      "geometry": {
        "type": "LineString",
        "coordinates": [
          [
            91.6872,
            26.167261
          ],
          [
            91.687199,
            26.167498
          ],
          [
            91.687248,
            26.167724
          ],
          [
            91.687319,
            26.16788
          ],
          [
            91.687347,
            26.16794
          ],
          [
            91.687502,
            26.168132
          ],
          [
            91.687914,
            26.168454
          ],
          [
            91.688295,
            26.168742
          ],
          [
            91.689178,
            26.169349
          ],
          [
            91.689813,
            26.169751
          ],
          [
            91.689937,
            26.169829
          ],
          [
            91.690161,
            26.169994
          ],
          [
            91.690782,
            26.170454
          ],
          [
            91.690967,
            26.170584
          ],
          [
            91.691034,
            26.170641
          ],
          [
            91.691102,
            26.170707
          ],
          [
            91.691134,
            26.170741
          ],
          [
            91.691217,
            26.17083
          ],
          [
            91.691434,
            26.171117
          ],
          [
            91.691473,
            26.171169
          ],
          [
            91.691524,
            26.171219
          ],
          [
            91.691586,
            26.171266
          ],
          [
            91.691668,
            26.171317
          ],
          [
            91.691769,
            26.171368
          ],
          [
            91.691876,
            26.171411
          ],
          [
            91.691992,
            26.171445
          ],
          [
            91.692217,
            26.171484
          ],
          [
            91.692476,
            26.171511
          ],
          [
            91.692606,
            26.171519
          ],
          [
            91.692752,
            26.171513
          ],
          [
            91.693063,
            26.171479
          ],
          [
            91.693239,
            26.171434
          ],
          [
            91.693303,
            26.171413
          ],
          [
            91.693364,
            26.171381
          ],
          [
            91.693418,
            26.171344
          ],
          [
            91.693466,
            26.171307
          ],
          [
            91.693534,
            26.171236
          ],
          [
            91.6936,
            26.171171
          ],
          [
            91.693654,
            26.17114
          ],
          [
            91.693716,
            26.171115
          ],
          [
            91.693901,
            26.171069
          ],
          [
            91.694103,
            26.171042
          ],
          [
            91.694446,
            26.170974
          ],
          [
            91.694543,
            26.170968
          ],
          [
            91.69467,
            26.170983
          ],
          [
            91.694807,
            26.171017
          ],
          [
            91.694911,
            26.171047
          ],
          [
            91.695007,
            26.171066
          ],
          [
            91.695124,
            26.171072
          ],
          [
            91.695274,
            26.17107
          ],
          [
            91.695392,
            26.171075
          ],
          [
            91.695539,
            26.171082
          ],
          [
            91.695752,
            26.171094
          ],
          [
            91.696037,
            26.171137
          ],
          [
            91.696142,
            26.171142
          ],
          [
            91.696236,
            26.171136
          ],
          [
            91.69633,
            26.171111
          ],
          [
            91.696432,
            26.171071
          ],
          [
            91.696572,
            26.170994
          ],
          [
            91.696736,
            26.170938
          ],
          [
            91.696903,
            26.170866
          ],
          [
            91.697125,
            26.170723
          ],
          [
            91.697317,
            26.170588
          ],
          [
            91.697468,
            26.170437
          ],
          [
            91.69762,
            26.170329
          ],
          [
            91.697833,
            26.170224
          ],
          [
            91.698214,
            26.170117
          ],
          [
            91.698715,
            26.170098
          ],
          [
            91.698911,
            26.170089
          ],
          [
            91.699039,
            26.17006
          ],
          [
            91.699142,
            26.170002
          ],
          [
            91.6992,
            26.16993
          ],
          [
            91.699251,
            26.169837
          ],
          [
            91.699273,
            26.169753
          ],
          [
            91.699269,
            26.169651
          ],
          [
            91.69925,
            26.16955
          ],
          [
            91.699169,
            26.169392
          ],
          [
            91.69892,
            26.168905
          ],
          [
            91.69893,
            26.168782
          ],
          [
            91.698992,
            26.168677
          ],
          [
            91.69994,
            26.167917
          ],
          [
            91.700024,
            26.167801
          ],
          [
            91.699988,
            26.167696
          ],
          [
            91.699691,
            26.16724
          ],
          [
            91.699612,
            26.167053
          ],
          [
            91.699631,
            26.166877
          ],
          [
            91.69974,
            26.166707
          ],
          [
            91.700035,
            26.166528
          ],
          [
            91.700343,
            26.166383
          ],
          [
            91.70082,
            26.166182
          ],
          [
            91.701246,
            26.165979
          ],
          [
            91.701358,
            26.165894
          ],
          [
            91.70142,
            26.165777
          ],
          [
            91.701435,
            26.165496
          ],
          [
            91.701525,
            26.165255
          ],
          [
            91.701648,
            26.165037
          ],
          [
            91.701826,
            26.164851
          ],
          [
            91.702206,
            26.164648
          ],
          [
            91.702641,
            26.164464
          ],
          [
            91.702785,
            26.16439
          ],
          [
            91.702973,
            26.164238
          ],
          [
            91.703041,
            26.163996
          ],
          [
            91.70304,
            26.163742
          ],
          [
            91.702995,
            26.163421
          ],
          [
            91.702972,
            26.163305
          ],
          [
            91.703003,
            26.163195
          ],
          [
            91.703071,
            26.163108
          ],
          [
            91.703405,
            26.162955
          ],
          [
            91.703542,
            26.162951
          ],
          [
            91.703687,
            26.163008
          ],
          [
            91.703955,
            26.163215
          ],
          [
            91.704101,
            26.163282
          ],
          [
            91.704284,
            26.163342
          ],
          [
            91.704376,
            26.163379
          ],
          [
            91.704455,
            26.163458
          ],
          [
            91.704504,
            26.163581
          ],
          [
            91.704553,
            26.163639
          ],
          [
            91.704771,
            26.163636
          ],
          [
            91.704896,
            26.16367
          ],
          [
            91.704995,
            26.163724
          ],
          [
            91.704996,
            26.163835
          ],
          [
            91.704946,
            26.16393
          ],
          [
            91.704884,
            26.164083
          ],
          [
            91.704877,
            26.164192
          ],
          [
            91.704881,
            26.164255
          ],
          [
            91.704908,
            26.164296
          ],
          [
            91.704948,
            26.164311
          ],
          [
            91.704993,
            26.164295
          ],
          [
            91.705023,
            26.164267
          ],
          [
            91.705044,
            26.164135
          ],
          [
            91.705139,
            26.164017
          ],
          [
            91.705221,
            26.164012
          ],
          [
            91.705322,
            26.163989
          ],
          [
            91.706278,
            26.164154
          ],
          [
            91.706684,
            26.164204
          ],
          [
            91.706988,
            26.164198
          ],
          [
            91.707065,
            26.164124
          ],
          [
            91.70709,
            26.164008
          ],
          [
            91.707059,
            26.163895
          ],
          [
            91.707025,
            26.163759
          ]
        ]
      }
    },
    {
      "type": "Feature",
      "id": "RE-OSM-0026",
      "properties": {
        "id": "RE-OSM-0026",
        "name": "Primary_link Road",
        "osmId": 51188426,
        "highway": "primary_link",
        "distanceToHotspotM": 3829.3,
        "nearestHotspot": "Zoo Road",
        "riskNow": "NORMAL",
        "riskPlus1Hr": "NORMAL"
      },
      "geometry": {
        "type": "LineString",
        "coordinates": [
          [
            91.817943,
            26.179229
          ],
          [
            91.818441,
            26.179033
          ]
        ]
      }
    },
    {
      "type": "Feature",
      "id": "RE-OSM-0027",
      "properties": {
        "id": "RE-OSM-0027",
        "name": "Primary_link Road",
        "osmId": 51188427,
        "highway": "primary_link",
        "distanceToHotspotM": 3794.1,
        "nearestHotspot": "Zoo Road",
        "riskNow": "NORMAL",
        "riskPlus1Hr": "NORMAL"
      },
      "geometry": {
        "type": "LineString",
        "coordinates": [
          [
            91.81766,
            26.179023
          ],
          [
            91.817943,
            26.179229
          ]
        ]
      }
    },
    {
      "type": "Feature",
      "id": "RE-OSM-0028",
      "properties": {
        "id": "RE-OSM-0028",
        "name": "Noonmati Flyover",
        "osmId": 51188429,
        "highway": "primary",
        "distanceToHotspotM": 3655.9,
        "nearestHotspot": "Zoo Road",
        "riskNow": "NORMAL",
        "riskPlus1Hr": "NORMAL"
      },
      "geometry": {
        "type": "LineString",
        "coordinates": [
          [
            91.815396,
            26.180352
          ],
          [
            91.817102,
            26.180354
          ],
          [
            91.817263,
            26.180339
          ],
          [
            91.817441,
            26.18028
          ],
          [
            91.817572,
            26.180176
          ],
          [
            91.817689,
            26.180008
          ],
          [
            91.81787,
            26.179497
          ]
        ]
      }
    },
    {
      "type": "Feature",
      "id": "RE-OSM-0029",
      "properties": {
        "id": "RE-OSM-0029",
        "name": "B. Baruah Road",
        "osmId": 51188437,
        "highway": "secondary",
        "distanceToHotspotM": 1674.1,
        "nearestHotspot": "Ulubari",
        "riskNow": "NORMAL",
        "riskPlus1Hr": "NORMAL"
      },
      "geometry": {
        "type": "LineString",
        "coordinates": [
          [
            91.756822,
            26.18462
          ],
          [
            91.756763,
            26.18443
          ],
          [
            91.756705,
            26.184213
          ],
          [
            91.756688,
            26.184145
          ],
          [
            91.756663,
            26.184044
          ]
        ]
      }
    },
    {
      "type": "Feature",
      "id": "RE-OSM-0030",
      "properties": {
        "id": "RE-OSM-0030",
        "name": "Maniram Dewan Road",
        "osmId": 51188438,
        "highway": "secondary",
        "distanceToHotspotM": 913.0,
        "nearestHotspot": "Anil Nagar",
        "riskNow": "NORMAL",
        "riskPlus1Hr": "MODERATE"
      },
      "geometry": {
        "type": "LineString",
        "coordinates": [
          [
            91.766193,
            26.184705
          ],
          [
            91.766484,
            26.184661
          ],
          [
            91.766803,
            26.184612
          ],
          [
            91.767168,
            26.184541
          ],
          [
            91.767457,
            26.184495
          ],
          [
            91.767741,
            26.184467
          ],
          [
            91.768686,
            26.184353
          ],
          [
            91.769061,
            26.184312
          ],
          [
            91.769948,
            26.184196
          ],
          [
            91.770768,
            26.184075
          ],
          [
            91.771588,
            26.183973
          ],
          [
            91.772097,
            26.183924
          ],
          [
            91.772505,
            26.18385
          ],
          [
            91.773092,
            26.18374
          ],
          [
            91.773775,
            26.183631
          ],
          [
            91.77419,
            26.183569
          ],
          [
            91.774529,
            26.183531
          ],
          [
            91.774736,
            26.183529
          ],
          [
            91.774913,
            26.183531
          ],
          [
            91.775167,
            26.183547
          ],
          [
            91.775456,
            26.18358
          ],
          [
            91.775632,
            26.183592
          ],
          [
            91.776306,
            26.183679
          ],
          [
            91.776913,
            26.183739
          ],
          [
            91.777422,
            26.183776
          ],
          [
            91.77779,
            26.183816
          ],
          [
            91.778274,
            26.183865
          ],
          [
            91.778867,
            26.183906
          ],
          [
            91.7793,
            26.183914
          ],
          [
            91.779638,
            26.183888
          ],
          [
            91.779766,
            26.183864
          ],
          [
            91.780574,
            26.183747
          ],
          [
            91.781511,
            26.183576
          ],
          [
            91.781893,
            26.183513
          ],
          [
            91.782138,
            26.183466
          ],
          [
            91.783035,
            26.183413
          ],
          [
            91.783845,
            26.183455
          ],
          [
            91.784442,
            26.183522
          ],
          [
            91.784767,
            26.183567
          ],
          [
            91.785259,
            26.183624
          ],
          [
            91.785479,
            26.183649
          ],
          [
            91.785927,
            26.183687
          ],
          [
            91.786461,
            26.183733
          ],
          [
            91.786718,
            26.183755
          ],
          [
            91.786991,
            26.183801
          ],
          [
            91.788108,
            26.184055
          ],
          [
            91.788855,
            26.184224
          ],
          [
            91.789175,
            26.184291
          ],
          [
            91.789531,
            26.184307
          ],
          [
            91.789834,
            26.184312
          ],
          [
            91.790084,
            26.184292
          ],
          [
            91.790476,
            26.184233
          ],
          [
            91.790958,
            26.184144
          ],
          [
            91.791117,
            26.184101
          ],
          [
            91.791535,
            26.183923
          ],
          [
            91.792098,
            26.183672
          ],
          [
            91.792724,
            26.183332
          ]
        ]
      }
    },
    {
      "type": "Feature",
      "id": "RE-OSM-0031",
      "properties": {
        "id": "RE-OSM-0031",
        "name": "Primary Road",
        "osmId": 51188439,
        "highway": "primary",
        "distanceToHotspotM": 3823.4,
        "nearestHotspot": "Zoo Road",
        "riskNow": "NORMAL",
        "riskPlus1Hr": "NORMAL"
      },
      "geometry": {
        "type": "LineString",
        "coordinates": [
          [
            91.818022,
            26.178941
          ],
          [
            91.817997,
            26.179033
          ],
          [
            91.817943,
            26.179229
          ]
        ]
      }
    },
    {
      "type": "Feature",
      "id": "RE-OSM-0032",
      "properties": {
        "id": "RE-OSM-0032",
        "name": "Primary Road",
        "osmId": 51188447,
        "highway": "primary",
        "distanceToHotspotM": 1623.3,
        "nearestHotspot": "Ulubari",
        "riskNow": "NORMAL",
        "riskPlus1Hr": "NORMAL"
      },
      "geometry": {
        "type": "LineString",
        "coordinates": [
          [
            91.747645,
            26.180548
          ],
          [
            91.749695,
            26.180785
          ],
          [
            91.749751,
            26.180791
          ],
          [
            91.750504,
            26.180881
          ],
          [
            91.750856,
            26.180912
          ]
        ]
      }
    },
    {
      "type": "Feature",
      "id": "RE-OSM-0033",
      "properties": {
        "id": "RE-OSM-0033",
        "name": "Secondary Road",
        "osmId": 51188915,
        "highway": "secondary",
        "distanceToHotspotM": 1809.9,
        "nearestHotspot": "Bharalumukh",
        "riskNow": "NORMAL",
        "riskPlus1Hr": "NORMAL"
      },
      "geometry": {
        "type": "LineString",
        "coordinates": [
          [
            91.733621,
            26.15853
          ],
          [
            91.733797,
            26.158498
          ],
          [
            91.734128,
            26.158438
          ],
          [
            91.735596,
            26.158299
          ],
          [
            91.735754,
            26.158316
          ],
          [
            91.735948,
            26.158336
          ],
          [
            91.736239,
            26.158441
          ],
          [
            91.736317,
            26.158469
          ],
          [
            91.736463,
            26.158567
          ],
          [
            91.736745,
            26.158746
          ],
          [
            91.73702,
            26.158909
          ],
          [
            91.737259,
            26.15905
          ],
          [
            91.73747,
            26.159207
          ],
          [
            91.737669,
            26.159355
          ],
          [
            91.737885,
            26.159527
          ],
          [
            91.738126,
            26.159628
          ],
          [
            91.738364,
            26.159706
          ],
          [
            91.7384,
            26.159713
          ]
        ]
      }
    },
    {
      "type": "Feature",
      "id": "RE-OSM-0034",
      "properties": {
        "id": "RE-OSM-0034",
        "name": "Kula Chandra Basumatary Road",
        "osmId": 51188916,
        "highway": "tertiary",
        "distanceToHotspotM": 2658.5,
        "nearestHotspot": "Boragaon Bypass",
        "riskNow": "NORMAL",
        "riskPlus1Hr": "NORMAL"
      },
      "geometry": {
        "type": "LineString",
        "coordinates": [
          [
            91.729034,
            26.149666
          ],
          [
            91.729746,
            26.149354
          ],
          [
            91.729906,
            26.149326
          ],
          [
            91.730457,
            26.149228
          ],
          [
            91.730915,
            26.149146
          ],
          [
            91.731044,
            26.149123
          ],
          [
            91.731111,
            26.149114
          ],
          [
            91.731725,
            26.149034
          ],
          [
            91.731944,
            26.149006
          ],
          [
            91.732149,
            26.148979
          ],
          [
            91.732491,
            26.148902
          ],
          [
            91.733138,
            26.148758
          ],
          [
            91.73345,
            26.148688
          ],
          [
            91.73402,
            26.148561
          ],
          [
            91.734169,
            26.148523
          ],
          [
            91.734263,
            26.148507
          ],
          [
            91.735259,
            26.148289
          ],
          [
            91.735297,
            26.14828
          ],
          [
            91.735336,
            26.148272
          ],
          [
            91.736003,
            26.148126
          ]
        ]
      }
    },
    {
      "type": "Feature",
      "id": "RE-OSM-0035",
      "properties": {
        "id": "RE-OSM-0035",
        "name": "Secondary Road",
        "osmId": 51188917,
        "highway": "secondary",
        "distanceToHotspotM": 1367.2,
        "nearestHotspot": "Boragaon Bypass",
        "riskNow": "NORMAL",
        "riskPlus1Hr": "NORMAL"
      },
      "geometry": {
        "type": "LineString",
        "coordinates": [
          [
            91.708567,
            26.115965
          ],
          [
            91.708559,
            26.116004
          ],
          [
            91.708478,
            26.1163
          ],
          [
            91.708289,
            26.117121
          ],
          [
            91.70829,
            26.117437
          ],
          [
            91.70829,
            26.11755
          ],
          [
            91.708403,
            26.118034
          ],
          [
            91.708627,
            26.118236
          ],
          [
            91.708681,
            26.118285
          ],
          [
            91.709025,
            26.118439
          ],
          [
            91.709216,
            26.11843
          ],
          [
            91.709379,
            26.118362
          ],
          [
            91.709475,
            26.118208
          ],
          [
            91.709615,
            26.118111
          ],
          [
            91.709819,
            26.118073
          ],
          [
            91.710219,
            26.118126
          ],
          [
            91.710323,
            26.11814
          ],
          [
            91.711578,
            26.118208
          ],
          [
            91.712091,
            26.118066
          ],
          [
            91.712383,
            26.117986
          ],
          [
            91.712445,
            26.117936
          ],
          [
            91.712924,
            26.117555
          ],
          [
            91.713085,
            26.117482
          ],
          [
            91.713284,
            26.117391
          ],
          [
            91.713609,
            26.117342
          ],
          [
            91.71426,
            26.117321
          ],
          [
            91.714723,
            26.117387
          ],
          [
            91.715193,
            26.117495
          ],
          [
            91.715559,
            26.117755
          ],
          [
            91.715634,
            26.117835
          ],
          [
            91.715747,
            26.117954
          ],
          [
            91.716224,
            26.118458
          ],
          [
            91.716534,
            26.118828
          ],
          [
            91.71659,
            26.118895
          ],
          [
            91.716871,
            26.119231
          ],
          [
            91.717104,
            26.119508
          ],
          [
            91.717427,
            26.120031
          ],
          [
            91.71764,
            26.120375
          ],
          [
            91.717725,
            26.12063
          ],
          [
            91.717821,
            26.120848
          ],
          [
            91.718112,
            26.121329
          ],
          [
            91.718295,
            26.121897
          ],
          [
            91.718327,
            26.121993
          ],
          [
            91.718323,
            26.122444
          ],
          [
            91.718321,
            26.122581
          ],
          [
            91.718541,
            26.122909
          ],
          [
            91.71897,
            26.123477
          ],
          [
            91.719502,
            26.12406
          ],
          [
            91.719544,
            26.124207
          ],
          [
            91.719636,
            26.124527
          ],
          [
            91.719715,
            26.12497
          ],
          [
            91.719807,
            26.12548
          ],
          [
            91.719786,
            26.125597
          ],
          [
            91.719711,
            26.12602
          ],
          [
            91.719528,
            26.126396
          ],
          [
            91.719539,
            26.126675
          ],
          [
            91.71961,
            26.126827
          ],
          [
            91.719819,
            26.127274
          ],
          [
            91.719872,
            26.127388
          ],
          [
            91.720026,
            26.127672
          ],
          [
            91.720087,
            26.1278
          ],
          [
            91.720258,
            26.128161
          ],
          [
            91.720373,
            26.128403
          ],
          [
            91.720517,
            26.128732
          ],
          [
            91.720687,
            26.12917
          ],
          [
            91.720751,
            26.129512
          ],
          [
            91.720825,
            26.129905
          ],
          [
            91.720902,
            26.130316
          ],
          [
            91.720944,
            26.130553
          ],
          [
            91.720964,
            26.130666
          ],
          [
            91.721034,
            26.131042
          ],
          [
            91.721052,
            26.131154
          ],
          [
            91.72117,
            26.131626
          ],
          [
            91.721395,
            26.13206
          ],
          [
            91.721506,
            26.132165
          ],
          [
            91.721763,
            26.132411
          ],
          [
            91.72191,
            26.132551
          ],
          [
            91.722241,
            26.132861
          ],
          [
            91.722393,
            26.133003
          ],
          [
            91.722565,
            26.133389
          ],
          [
            91.722653,
            26.133644
          ],
          [
            91.722919,
            26.134256
          ],
          [
            91.723101,
            26.134542
          ],
          [
            91.723224,
            26.134656
          ],
          [
            91.723343,
            26.134753
          ],
          [
            91.723496,
            26.13479
          ],
          [
            91.723854,
            26.134883
          ],
          [
            91.724002,
            26.134966
          ],
          [
            91.724149,
            26.13509
          ],
          [
            91.724195,
            26.135133
          ],
          [
            91.724273,
            26.135206
          ],
          [
            91.724383,
            26.135426
          ],
          [
            91.724433,
            26.135625
          ],
          [
            91.724548,
            26.136084
          ],
          [
            91.724705,
            26.136824
          ],
          [
            91.724922,
            26.137848
          ],
          [
            91.724966,
            26.137982
          ],
          [
            91.725129,
            26.138455
          ],
          [
            91.7254,
            26.140124
          ],
          [
            91.725547,
            26.140678
          ],
          [
            91.725679,
            26.140924
          ],
          [
            91.725762,
            26.14108
          ],
          [
            91.725897,
            26.141342
          ],
          [
            91.725976,
            26.141495
          ],
          [
            91.726116,
            26.141768
          ],
          [
            91.726225,
            26.142021
          ],
          [
            91.726344,
            26.142296
          ],
          [
            91.726504,
            26.142559
          ],
          [
            91.726674,
            26.142837
          ],
          [
            91.727003,
            26.143259
          ],
          [
            91.727103,
            26.143386
          ],
          [
            91.727446,
            26.144532
          ],
          [
            91.72746,
            26.144588
          ],
          [
            91.727486,
            26.144689
          ],
          [
            91.727553,
            26.144956
          ],
          [
            91.727875,
            26.14544
          ],
          [
            91.727918,
            26.145505
          ],
          [
            91.727948,
            26.145643
          ],
          [
            91.728008,
            26.145918
          ],
          [
            91.728099,
            26.146339
          ],
          [
            91.728154,
            26.146594
          ],
          [
            91.728164,
            26.146713
          ],
          [
            91.728192,
            26.147042
          ],
          [
            91.728227,
            26.147421
          ],
          [
            91.728256,
            26.147634
          ],
          [
            91.728412,
            26.148221
          ],
          [
            91.728489,
            26.148432
          ],
          [
            91.728687,
            26.148976
          ],
          [
            91.728766,
            26.149194
          ],
          [
            91.728916,
            26.149458
          ],
          [
            91.729034,
            26.149666
          ],
          [
            91.72919,
            26.1499
          ],
          [
            91.729474,
            26.15033
          ],
          [
            91.729591,
            26.150633
          ],
          [
            91.729652,
            26.15079
          ],
          [
            91.729753,
            26.151052
          ],
          [
            91.729908,
            26.151403
          ],
          [
            91.730125,
            26.151894
          ],
          [
            91.730332,
            26.152362
          ],
          [
            91.73037,
            26.152488
          ],
          [
            91.730419,
            26.15265
          ],
          [
            91.730648,
            26.153415
          ],
          [
            91.730665,
            26.15347
          ],
          [
            91.730677,
            26.153509
          ],
          [
            91.730841,
            26.154049
          ],
          [
            91.730887,
            26.154202
          ],
          [
            91.73094,
            26.154374
          ],
          [
            91.731062,
            26.154778
          ],
          [
            91.731116,
            26.154953
          ],
          [
            91.731129,
            26.155
          ],
          [
            91.731255,
            26.155425
          ],
          [
            91.73135,
            26.155817
          ],
          [
            91.731369,
            26.155893
          ],
          [
            91.731384,
            26.155954
          ],
          [
            91.731529,
            26.156117
          ],
          [
            91.731695,
            26.156301
          ],
          [
            91.731993,
            26.156578
          ],
          [
            91.732285,
            26.15685
          ],
          [
            91.733079,
            26.157929
          ],
          [
            91.733621,
            26.15853
          ]
        ]
      }
    },
    {
      "type": "Feature",
      "id": "RE-OSM-0036",
      "properties": {
        "id": "RE-OSM-0036",
        "name": "Stadium Overbridge",
        "osmId": 51188919,
        "highway": "secondary",
        "distanceToHotspotM": 1344.2,
        "nearestHotspot": "Ulubari",
        "riskNow": "NORMAL",
        "riskPlus1Hr": "NORMAL"
      },
      "geometry": {
        "type": "LineString",
        "coordinates": [
          [
            91.756599,
            26.18386
          ],
          [
            91.756533,
            26.183674
          ],
          [
            91.756476,
            26.183579
          ],
          [
            91.756389,
            26.18349
          ],
          [
            91.756279,
            26.183407
          ],
          [
            91.756212,
            26.183349
          ],
          [
            91.75615,
            26.18329
          ],
          [
            91.756103,
            26.183232
          ],
          [
            91.75606,
            26.18317
          ],
          [
            91.756018,
            26.183102
          ],
          [
            91.755988,
            26.183027
          ],
          [
            91.755953,
            26.182925
          ],
          [
            91.755938,
            26.182858
          ],
          [
            91.755931,
            26.18278
          ],
          [
            91.755941,
            26.182658
          ],
          [
            91.756023,
            26.182031
          ],
          [
            91.756071,
            26.181841
          ],
          [
            91.756251,
            26.181179
          ],
          [
            91.756333,
            26.18084
          ]
        ]
      }
    },
    {
      "type": "Feature",
      "id": "RE-OSM-0037",
      "properties": {
        "id": "RE-OSM-0037",
        "name": "B. Baruah Road",
        "osmId": 51188920,
        "highway": "secondary",
        "distanceToHotspotM": 727.3,
        "nearestHotspot": "Ulubari",
        "riskNow": "MODERATE",
        "riskPlus1Hr": "HIGH RISK"
      },
      "geometry": {
        "type": "LineString",
        "coordinates": [
          [
            91.756358,
            26.180701
          ],
          [
            91.756535,
            26.179756
          ],
          [
            91.756585,
            26.179537
          ],
          [
            91.756691,
            26.178911
          ],
          [
            91.756856,
            26.178192
          ],
          [
            91.756972,
            26.177691
          ],
          [
            91.757032,
            26.17743
          ],
          [
            91.757061,
            26.177281
          ],
          [
            91.757075,
            26.177195
          ],
          [
            91.757232,
            26.176424
          ],
          [
            91.757278,
            26.176194
          ],
          [
            91.757459,
            26.175217
          ]
        ]
      }
    },
    {
      "type": "Feature",
      "id": "RE-OSM-0038",
      "properties": {
        "id": "RE-OSM-0038",
        "name": "Primary Road",
        "osmId": 51188921,
        "highway": "primary",
        "distanceToHotspotM": 1453.0,
        "nearestHotspot": "Ulubari",
        "riskNow": "NORMAL",
        "riskPlus1Hr": "NORMAL"
      },
      "geometry": {
        "type": "LineString",
        "coordinates": [
          [
            91.750593,
            26.178639
          ],
          [
            91.749823,
            26.178541
          ],
          [
            91.7496,
            26.178517
          ],
          [
            91.749089,
            26.178502
          ],
          [
            91.748967,
            26.178508
          ],
          [
            91.748428,
            26.178886
          ],
          [
            91.748183,
            26.179076
          ],
          [
            91.747936,
            26.179315
          ],
          [
            91.747885,
            26.179523
          ],
          [
            91.747751,
            26.180053
          ],
          [
            91.747645,
            26.180548
          ]
        ]
      }
    },
    {
      "type": "Feature",
      "id": "RE-OSM-0039",
      "properties": {
        "id": "RE-OSM-0039",
        "name": "Secondary Road",
        "osmId": 51188922,
        "highway": "secondary",
        "distanceToHotspotM": 1634.9,
        "nearestHotspot": "Ulubari",
        "riskNow": "NORMAL",
        "riskPlus1Hr": "NORMAL"
      },
      "geometry": {
        "type": "LineString",
        "coordinates": [
          [
            91.741269,
            26.158804
          ],
          [
            91.74132,
            26.159245
          ],
          [
            91.742159,
            26.159951
          ],
          [
            91.742738,
            26.160439
          ],
          [
            91.743539,
            26.161267
          ],
          [
            91.744079,
            26.161825
          ],
          [
            91.744208,
            26.161915
          ],
          [
            91.744594,
            26.162183
          ],
          [
            91.745324,
            26.162692
          ],
          [
            91.745479,
            26.16281
          ],
          [
            91.746098,
            26.163393
          ]
        ]
      }
    },
    {
      "type": "Feature",
      "id": "RE-OSM-0040",
      "properties": {
        "id": "RE-OSM-0040",
        "name": "Primary Road",
        "osmId": 51188926,
        "highway": "primary",
        "distanceToHotspotM": 1957.5,
        "nearestHotspot": "Ulubari",
        "riskNow": "NORMAL",
        "riskPlus1Hr": "NORMAL"
      },
      "geometry": {
        "type": "LineString",
        "coordinates": [
          [
            91.745766,
            26.18059
          ],
          [
            91.745785,
            26.1813
          ],
          [
            91.74574,
            26.181798
          ]
        ]
      }
    },
    {
      "type": "Feature",
      "id": "RE-OSM-0041",
      "properties": {
        "id": "RE-OSM-0041",
        "name": "Hem Baruah Road",
        "osmId": 51188929,
        "highway": "tertiary",
        "distanceToHotspotM": 1775.8,
        "nearestHotspot": "Bharalumukh",
        "riskNow": "NORMAL",
        "riskPlus1Hr": "NORMAL"
      },
      "geometry": {
        "type": "LineString",
        "coordinates": [
          [
            91.742185,
            26.186031
          ],
          [
            91.741355,
            26.185551
          ],
          [
            91.741097,
            26.185329
          ],
          [
            91.740732,
            26.184828
          ],
          [
            91.740528,
            26.184241
          ],
          [
            91.740601,
            26.183242
          ]
        ]
      }
    },
    {
      "type": "Feature",
      "id": "RE-OSM-0042",
      "properties": {
        "id": "RE-OSM-0042",
        "name": "Ananda Ram Baruah Road",
        "osmId": 51188930,
        "highway": "tertiary",
        "distanceToHotspotM": 2501.0,
        "nearestHotspot": "Ulubari",
        "riskNow": "NORMAL",
        "riskPlus1Hr": "NORMAL"
      },
      "geometry": {
        "type": "LineString",
        "coordinates": [
          [
            91.745937,
            26.189215
          ],
          [
            91.745957,
            26.189161
          ],
          [
            91.745959,
            26.189157
          ],
          [
            91.7462,
            26.187652
          ]
        ]
      }
    },
    {
      "type": "Feature",
      "id": "RE-OSM-0043",
      "properties": {
        "id": "RE-OSM-0043",
        "name": "Motilal Nehru Road",
        "osmId": 51188932,
        "highway": "tertiary",
        "distanceToHotspotM": 2168.7,
        "nearestHotspot": "Bharalumukh",
        "riskNow": "NORMAL",
        "riskPlus1Hr": "NORMAL"
      },
      "geometry": {
        "type": "LineString",
        "coordinates": [
          [
            91.745363,
            26.183187
          ],
          [
            91.745183,
            26.183558
          ],
          [
            91.744998,
            26.184009
          ],
          [
            91.744918,
            26.18422
          ],
          [
            91.744598,
            26.185022
          ],
          [
            91.744459,
            26.185374
          ],
          [
            91.743867,
            26.186818
          ],
          [
            91.743726,
            26.187189
          ],
          [
            91.743672,
            26.187331
          ],
          [
            91.743546,
            26.187662
          ],
          [
            91.743331,
            26.18823
          ]
        ]
      }
    },
    {
      "type": "Feature",
      "id": "RE-OSM-0044",
      "properties": {
        "id": "RE-OSM-0044",
        "name": "Tertiary Road",
        "osmId": 51189492,
        "highway": "tertiary",
        "distanceToHotspotM": 1684.5,
        "nearestHotspot": "Bharalumukh",
        "riskNow": "NORMAL",
        "riskPlus1Hr": "NORMAL"
      },
      "geometry": {
        "type": "LineString",
        "coordinates": [
          [
            91.74132,
            26.159245
          ],
          [
            91.740684,
            26.160294
          ],
          [
            91.74061,
            26.160482
          ],
          [
            91.740595,
            26.160566
          ],
          [
            91.740604,
            26.160696
          ],
          [
            91.740708,
            26.160846
          ],
          [
            91.740837,
            26.160951
          ],
          [
            91.740882,
            26.161373
          ],
          [
            91.741408,
            26.161633
          ],
          [
            91.741429,
            26.162423
          ],
          [
            91.741442,
            26.162561
          ],
          [
            91.741471,
            26.162872
          ],
          [
            91.741494,
            26.163116
          ],
          [
            91.741498,
            26.163154
          ],
          [
            91.7415,
            26.16317
          ],
          [
            91.741533,
            26.163483
          ],
          [
            91.741591,
            26.164028
          ],
          [
            91.741601,
            26.164127
          ],
          [
            91.74166,
            26.164727
          ],
          [
            91.741749,
            26.166084
          ],
          [
            91.741915,
            26.167051
          ],
          [
            91.741966,
            26.167432
          ]
        ]
      }
    },
    {
      "type": "Feature",
      "id": "RE-OSM-0045",
      "properties": {
        "id": "RE-OSM-0045",
        "name": "Fatasil Main Road",
        "osmId": 51189498,
        "highway": "secondary",
        "distanceToHotspotM": 1203.1,
        "nearestHotspot": "Bharalumukh",
        "riskNow": "NORMAL",
        "riskPlus1Hr": "MODERATE"
      },
      "geometry": {
        "type": "LineString",
        "coordinates": [
          [
            91.733621,
            26.15853
          ],
          [
            91.733654,
            26.158655
          ],
          [
            91.73381,
            26.159211
          ],
          [
            91.733898,
            26.159524
          ],
          [
            91.733912,
            26.159669
          ],
          [
            91.733962,
            26.160169
          ],
          [
            91.733962,
            26.160525
          ],
          [
            91.734106,
            26.160754
          ],
          [
            91.734215,
            26.160927
          ],
          [
            91.734241,
            26.160968
          ],
          [
            91.734385,
            26.161105
          ],
          [
            91.734479,
            26.161196
          ],
          [
            91.734584,
            26.161296
          ],
          [
            91.734767,
            26.161748
          ],
          [
            91.734794,
            26.161852
          ],
          [
            91.734809,
            26.161908
          ],
          [
            91.734863,
            26.162114
          ],
          [
            91.734917,
            26.162374
          ],
          [
            91.735103,
            26.162573
          ],
          [
            91.735142,
            26.162615
          ],
          [
            91.735502,
            26.162909
          ],
          [
            91.735968,
            26.163289
          ],
          [
            91.736472,
            26.163658
          ],
          [
            91.73652,
            26.163693
          ],
          [
            91.736551,
            26.163729
          ],
          [
            91.736572,
            26.163771
          ],
          [
            91.736584,
            26.16381
          ],
          [
            91.736599,
            26.163881
          ],
          [
            91.736665,
            26.164366
          ],
          [
            91.736771,
            26.165212
          ],
          [
            91.736805,
            26.165485
          ],
          [
            91.736728,
            26.166036
          ],
          [
            91.736698,
            26.166245
          ],
          [
            91.736631,
            26.16724
          ],
          [
            91.736638,
            26.167333
          ],
          [
            91.736663,
            26.16768
          ]
        ]
      }
    },
    {
      "type": "Feature",
      "id": "RE-OSM-0046",
      "properties": {
        "id": "RE-OSM-0046",
        "name": "Secondary Road",
        "osmId": 51252535,
        "highway": "secondary",
        "distanceToHotspotM": 3274.6,
        "nearestHotspot": "Hatigaon - Bhetapara",
        "riskNow": "NORMAL",
        "riskPlus1Hr": "NORMAL"
      },
      "geometry": {
        "type": "LineString",
        "coordinates": [
          [
            91.748472,
            26.123029
          ],
          [
            91.748466,
            26.123241
          ]
        ]
      }
    },
    {
      "type": "Feature",
      "id": "RE-OSM-0047",
      "properties": {
        "id": "RE-OSM-0047",
        "name": "Lokhra Road",
        "osmId": 51252536,
        "highway": "secondary",
        "distanceToHotspotM": 3849.1,
        "nearestHotspot": "Hatigaon - Bhetapara",
        "riskNow": "NORMAL",
        "riskPlus1Hr": "NORMAL"
      },
      "geometry": {
        "type": "LineString",
        "coordinates": [
          [
            91.749535,
            26.111675
          ],
          [
            91.74956,
            26.111632
          ],
          [
            91.749597,
            26.111568
          ]
        ]
      }
    },
    {
      "type": "Feature",
      "id": "RE-OSM-0048",
      "properties": {
        "id": "RE-OSM-0048",
        "name": "Dakhingaon Road",
        "osmId": 51252537,
        "highway": "tertiary",
        "distanceToHotspotM": 1600.0,
        "nearestHotspot": "Hatigaon - Bhetapara",
        "riskNow": "NORMAL",
        "riskPlus1Hr": "NORMAL"
      },
      "geometry": {
        "type": "LineString",
        "coordinates": [
          [
            91.762125,
            26.141073
          ],
          [
            91.761707,
            26.140086
          ],
          [
            91.761585,
            26.139832
          ],
          [
            91.761235,
            26.139104
          ],
          [
            91.761106,
            26.138866
          ],
          [
            91.760923,
            26.138526
          ],
          [
            91.760899,
            26.138445
          ],
          [
            91.760827,
            26.138208
          ],
          [
            91.760837,
            26.137977
          ],
          [
            91.760861,
            26.137932
          ],
          [
            91.761031,
            26.137601
          ],
          [
            91.761061,
            26.137554
          ],
          [
            91.76134,
            26.137178
          ],
          [
            91.761628,
            26.136728
          ],
          [
            91.761661,
            26.136691
          ],
          [
            91.762013,
            26.136144
          ],
          [
            91.762141,
            26.135906
          ],
          [
            91.762297,
            26.135593
          ],
          [
            91.762517,
            26.135366
          ],
          [
            91.762904,
            26.134518
          ],
          [
            91.762973,
            26.134066
          ],
          [
            91.76294,
            26.13343
          ],
          [
            91.762769,
            26.133055
          ],
          [
            91.762632,
            26.132877
          ],
          [
            91.762305,
            26.13245
          ],
          [
            91.762027,
            26.132409
          ],
          [
            91.76191,
            26.132015
          ],
          [
            91.761739,
            26.13161
          ],
          [
            91.761657,
            26.131392
          ],
          [
            91.761535,
            26.131128
          ],
          [
            91.761315,
            26.130971
          ],
          [
            91.760894,
            26.130779
          ],
          [
            91.760595,
            26.130564
          ],
          [
            91.760469,
            26.130477
          ],
          [
            91.76042,
            26.130437
          ],
          [
            91.760373,
            26.130385
          ],
          [
            91.760338,
            26.130341
          ],
          [
            91.76029,
            26.130263
          ],
          [
            91.760211,
            26.130109
          ],
          [
            91.760124,
            26.129929
          ],
          [
            91.760073,
            26.129848
          ],
          [
            91.760012,
            26.129768
          ],
          [
            91.759946,
            26.129696
          ],
          [
            91.75987,
            26.129622
          ],
          [
            91.759692,
            26.129461
          ],
          [
            91.759559,
            26.129353
          ],
          [
            91.759479,
            26.129283
          ],
          [
            91.759421,
            26.129246
          ],
          [
            91.759362,
            26.129218
          ],
          [
            91.759296,
            26.129192
          ],
          [
            91.75921,
            26.129169
          ],
          [
            91.759093,
            26.129138
          ],
          [
            91.758907,
            26.129093
          ],
          [
            91.758735,
            26.129037
          ],
          [
            91.75852,
            26.128939
          ],
          [
            91.75846,
            26.128908
          ],
          [
            91.7584,
            26.128868
          ],
          [
            91.758197,
            26.128681
          ],
          [
            91.758109,
            26.128617
          ],
          [
            91.758004,
            26.128561
          ],
          [
            91.75787,
            26.128502
          ],
          [
            91.757469,
            26.128358
          ],
          [
            91.757294,
            26.128305
          ],
          [
            91.757267,
            26.128296
          ],
          [
            91.757158,
            26.128267
          ],
          [
            91.756918,
            26.128201
          ],
          [
            91.756403,
            26.128054
          ],
          [
            91.755898,
            26.127987
          ],
          [
            91.755868,
            26.127983
          ],
          [
            91.75541,
            26.127933
          ],
          [
            91.755004,
            26.128
          ],
          [
            91.754915,
            26.128015
          ],
          [
            91.75453,
            26.128025
          ],
          [
            91.754447,
            26.128028
          ],
          [
            91.754226,
            26.12803
          ],
          [
            91.753934,
            26.128032
          ],
          [
            91.753708,
            26.128034
          ],
          [
            91.753485,
            26.127998
          ],
          [
            91.753427,
            26.127989
          ],
          [
            91.75328,
            26.127996
          ],
          [
            91.753156,
            26.128002
          ],
          [
            91.752844,
            26.128017
          ],
          [
            91.752315,
            26.127928
          ],
          [
            91.751686,
            26.127882
          ],
          [
            91.751211,
            26.127827
          ],
          [
            91.751053,
            26.127808
          ],
          [
            91.750646,
            26.127743
          ],
          [
            91.750412,
            26.127767
          ],
          [
            91.750112,
            26.12776
          ],
          [
            91.749897,
            26.127736
          ],
          [
            91.749702,
            26.127685
          ],
          [
            91.749467,
            26.127623
          ],
          [
            91.749372,
            26.127599
          ],
          [
            91.748959,
            26.127541
          ],
          [
            91.748591,
            26.127459
          ],
          [
            91.748226,
            26.127348
          ],
          [
            91.747824,
            26.127225
          ],
          [
            91.747415,
            26.127107
          ],
          [
            91.746821,
            26.127011
          ],
          [
            91.746421,
            26.126977
          ],
          [
            91.746048,
            26.127008
          ],
          [
            91.745461,
            26.127124
          ],
          [
            91.74512,
            26.127165
          ],
          [
            91.744589,
            26.127136
          ],
          [
            91.744428,
            26.127078
          ],
          [
            91.744326,
            26.126987
          ],
          [
            91.744235,
            26.126768
          ],
          [
            91.744104,
            26.126402
          ]
        ]
      }
    },
    {
      "type": "Feature",
      "id": "RE-OSM-0049",
      "properties": {
        "id": "RE-OSM-0049",
        "name": "Bhetapara Rd",
        "osmId": 51252624,
        "highway": "secondary",
        "distanceToHotspotM": 2039.5,
        "nearestHotspot": "Hatigaon - Bhetapara",
        "riskNow": "NORMAL",
        "riskPlus1Hr": "NORMAL"
      },
      "geometry": {
        "type": "LineString",
        "coordinates": [
          [
            91.788188,
            26.111397
          ],
          [
            91.788188,
            26.111665
          ],
          [
            91.788154,
            26.112424
          ],
          [
            91.788185,
            26.112655
          ],
          [
            91.788217,
            26.113022
          ],
          [
            91.787803,
            26.114135
          ],
          [
            91.787574,
            26.114678
          ],
          [
            91.7875,
            26.114836
          ],
          [
            91.787297,
            26.115346
          ],
          [
            91.787058,
            26.115945
          ],
          [
            91.786712,
            26.116718
          ],
          [
            91.786664,
            26.116826
          ],
          [
            91.786605,
            26.116977
          ]
        ]
      }
    },
    {
      "type": "Feature",
      "id": "RE-OSM-0050",
      "properties": {
        "id": "RE-OSM-0050",
        "name": "Secondary Road",
        "osmId": 51252625,
        "highway": "secondary",
        "distanceToHotspotM": 1468.5,
        "nearestHotspot": "Hatigaon - Bhetapara",
        "riskNow": "NORMAL",
        "riskPlus1Hr": "NORMAL"
      },
      "geometry": {
        "type": "LineString",
        "coordinates": [
          [
            91.786605,
            26.116977
          ],
          [
            91.786715,
            26.117557
          ],
          [
            91.786746,
            26.117722
          ],
          [
            91.786842,
            26.117949
          ],
          [
            91.786862,
            26.118
          ],
          [
            91.787063,
            26.118523
          ],
          [
            91.787254,
            26.118923
          ],
          [
            91.787296,
            26.119134
          ],
          [
            91.78727,
            26.119418
          ],
          [
            91.787249,
            26.119616
          ],
          [
            91.787177,
            26.120318
          ],
          [
            91.787103,
            26.121471
          ],
          [
            91.787043,
            26.122376
          ],
          [
            91.78701,
            26.122923
          ]
        ]
      }
    },
    {
      "type": "Feature",
      "id": "RE-OSM-0051",
      "properties": {
        "id": "RE-OSM-0051",
        "name": "Secondary Road",
        "osmId": 51252626,
        "highway": "secondary",
        "distanceToHotspotM": 1444.4,
        "nearestHotspot": "Hatigaon - Bhetapara",
        "riskNow": "NORMAL",
        "riskPlus1Hr": "NORMAL"
      },
      "geometry": {
        "type": "LineString",
        "coordinates": [
          [
            91.78701,
            26.122923
          ],
          [
            91.786984,
            26.123167
          ]
        ]
      }
    },
    {
      "type": "Feature",
      "id": "RE-OSM-0052",
      "properties": {
        "id": "RE-OSM-0052",
        "name": "Kahilipara Road",
        "osmId": 51252627,
        "highway": "secondary",
        "distanceToHotspotM": 1144.5,
        "nearestHotspot": "Hatigaon - Bhetapara",
        "riskNow": "NORMAL",
        "riskPlus1Hr": "MODERATE"
      },
      "geometry": {
        "type": "LineString",
        "coordinates": [
          [
            91.757104,
            26.1416
          ],
          [
            91.758625,
            26.141558
          ],
          [
            91.759314,
            26.141357
          ],
          [
            91.759912,
            26.14104
          ],
          [
            91.760146,
            26.140985
          ],
          [
            91.760258,
            26.140972
          ],
          [
            91.761104,
            26.141059
          ],
          [
            91.762125,
            26.141073
          ],
          [
            91.762919,
            26.141012
          ],
          [
            91.762965,
            26.141009
          ],
          [
            91.763349,
            26.141001
          ],
          [
            91.763557,
            26.141023
          ],
          [
            91.763716,
            26.14104
          ],
          [
            91.764054,
            26.141124
          ],
          [
            91.764379,
            26.141237
          ],
          [
            91.764623,
            26.141334
          ],
          [
            91.764692,
            26.141408
          ],
          [
            91.764732,
            26.141666
          ],
          [
            91.764756,
            26.14201
          ],
          [
            91.764775,
            26.142272
          ],
          [
            91.764759,
            26.142415
          ],
          [
            91.76474,
            26.142591
          ],
          [
            91.764711,
            26.14286
          ],
          [
            91.764732,
            26.143293
          ],
          [
            91.764819,
            26.143713
          ],
          [
            91.764989,
            26.144286
          ],
          [
            91.765316,
            26.144393
          ],
          [
            91.765748,
            26.144448
          ],
          [
            91.766675,
            26.14446
          ],
          [
            91.766839,
            26.144473
          ],
          [
            91.767324,
            26.144503
          ],
          [
            91.767543,
            26.144517
          ],
          [
            91.767649,
            26.144499
          ],
          [
            91.768388,
            26.144377
          ],
          [
            91.768869,
            26.144185
          ],
          [
            91.769247,
            26.144148
          ],
          [
            91.769434,
            26.144161
          ],
          [
            91.769644,
            26.144175
          ],
          [
            91.77009,
            26.144275
          ],
          [
            91.770223,
            26.144326
          ],
          [
            91.770409,
            26.14438
          ],
          [
            91.77073,
            26.144419
          ],
          [
            91.771302,
            26.144358
          ],
          [
            91.771478,
            26.144343
          ],
          [
            91.772025,
            26.144284
          ],
          [
            91.772209,
            26.144262
          ],
          [
            91.77265,
            26.14423
          ],
          [
            91.773144,
            26.144204
          ],
          [
            91.773725,
            26.144222
          ],
          [
            91.774267,
            26.144239
          ],
          [
            91.774515,
            26.144247
          ],
          [
            91.774595,
            26.144259
          ],
          [
            91.774968,
            26.144399
          ],
          [
            91.775282,
            26.144517
          ],
          [
            91.77551,
            26.144574
          ],
          [
            91.775644,
            26.144607
          ],
          [
            91.775716,
            26.144625
          ],
          [
            91.776046,
            26.144678
          ],
          [
            91.776298,
            26.144678
          ],
          [
            91.77658,
            26.14464
          ],
          [
            91.777197,
            26.144443
          ],
          [
            91.777336,
            26.144399
          ],
          [
            91.777521,
            26.144363
          ],
          [
            91.777867,
            26.144327
          ],
          [
            91.777979,
            26.144336
          ],
          [
            91.77809,
            26.144346
          ],
          [
            91.778484,
            26.144322
          ],
          [
            91.778728,
            26.144312
          ],
          [
            91.779432,
            26.144298
          ],
          [
            91.779581,
            26.144295
          ],
          [
            91.779772,
            26.144327
          ],
          [
            91.779842,
            26.144339
          ],
          [
            91.780174,
            26.144418
          ],
          [
            91.780477,
            26.144437
          ],
          [
            91.780614,
            26.14443
          ],
          [
            91.780759,
            26.144348
          ],
          [
            91.780954,
            26.144246
          ],
          [
            91.780973,
            26.144223
          ],
          [
            91.781191,
            26.144103
          ],
          [
            91.781325,
            26.144081
          ],
          [
            91.781506,
            26.144062
          ],
          [
            91.781677,
            26.144089
          ],
          [
            91.781789,
            26.144108
          ],
          [
            91.782092,
            26.144177
          ],
          [
            91.78228,
            26.144185
          ],
          [
            91.782382,
            26.144189
          ],
          [
            91.78277,
            26.144207
          ],
          [
            91.782811,
            26.144209
          ],
          [
            91.782958,
            26.144243
          ],
          [
            91.783004,
            26.144255
          ],
          [
            91.783688,
            26.144428
          ],
          [
            91.783935,
            26.144493
          ],
          [
            91.784034,
            26.144518
          ],
          [
            91.784729,
            26.144698
          ],
          [
            91.785021,
            26.144773
          ],
          [
            91.785225,
            26.14481
          ],
          [
            91.785461,
            26.144856
          ],
          [
            91.785783,
            26.144902
          ],
          [
            91.786299,
            26.144976
          ],
          [
            91.786534,
            26.14505
          ]
        ]
      }
    },
    {
      "type": "Feature",
      "id": "RE-OSM-0053",
      "properties": {
        "id": "RE-OSM-0053",
        "name": "Tertiary Road",
        "osmId": 51252628,
        "highway": "tertiary",
        "distanceToHotspotM": 2090.7,
        "nearestHotspot": "GS Road (Bhangagarh)",
        "riskNow": "NORMAL",
        "riskPlus1Hr": "NORMAL"
      },
      "geometry": {
        "type": "LineString",
        "coordinates": [
          [
            91.740815,
            26.147693
          ],
          [
            91.741116,
            26.147666
          ],
          [
            91.741279,
            26.147661
          ],
          [
            91.741558,
            26.147652
          ],
          [
            91.741955,
            26.147676
          ],
          [
            91.741986,
            26.147673
          ],
          [
            91.742578,
            26.147618
          ],
          [
            91.742976,
            26.147578
          ],
          [
            91.74331,
            26.147545
          ],
          [
            91.743543,
            26.147521
          ],
          [
            91.743909,
            26.147481
          ],
          [
            91.744146,
            26.147454
          ],
          [
            91.744152,
            26.147457
          ],
          [
            91.744319,
            26.147467
          ],
          [
            91.744334,
            26.147469
          ],
          [
            91.74451,
            26.147486
          ],
          [
            91.744581,
            26.147493
          ],
          [
            91.745356,
            26.147396
          ],
          [
            91.745957,
            26.147473
          ],
          [
            91.746439,
            26.147396
          ],
          [
            91.746589,
            26.147384
          ],
          [
            91.746922,
            26.147358
          ],
          [
            91.74714,
            26.147354
          ],
          [
            91.747566,
            26.147348
          ],
          [
            91.748049,
            26.147146
          ],
          [
            91.748951,
            26.147099
          ],
          [
            91.749728,
            26.147013
          ],
          [
            91.74988,
            26.146993
          ],
          [
            91.750027,
            26.146963
          ],
          [
            91.750258,
            26.146898
          ],
          [
            91.750632,
            26.146755
          ],
          [
            91.750888,
            26.146704
          ],
          [
            91.751212,
            26.146699
          ],
          [
            91.751609,
            26.146753
          ],
          [
            91.751761,
            26.146774
          ],
          [
            91.752137,
            26.146773
          ],
          [
            91.752325,
            26.14675
          ],
          [
            91.752478,
            26.146699
          ],
          [
            91.752879,
            26.146638
          ],
          [
            91.753252,
            26.146491
          ],
          [
            91.753558,
            26.146315
          ],
          [
            91.753907,
            26.146115
          ],
          [
            91.754379,
            26.145797
          ],
          [
            91.75484,
            26.145537
          ],
          [
            91.754864,
            26.145386
          ],
          [
            91.754765,
            26.144902
          ],
          [
            91.754862,
            26.144728
          ],
          [
            91.755151,
            26.144507
          ],
          [
            91.755291,
            26.14442
          ],
          [
            91.755366,
            26.144204
          ],
          [
            91.755388,
            26.143963
          ],
          [
            91.755353,
            26.143792
          ],
          [
            91.755297,
            26.143643
          ],
          [
            91.755235,
            26.143409
          ],
          [
            91.755229,
            26.143204
          ],
          [
            91.755313,
            26.142812
          ],
          [
            91.75542,
            26.142617
          ],
          [
            91.755563,
            26.142455
          ],
          [
            91.755585,
            26.14243
          ],
          [
            91.75563,
            26.142322
          ],
          [
            91.755605,
            26.142102
          ],
          [
            91.755639,
            26.141979
          ],
          [
            91.755711,
            26.141902
          ],
          [
            91.755769,
            26.141841
          ],
          [
            91.755971,
            26.141759
          ],
          [
            91.756089,
            26.141741
          ],
          [
            91.756174,
            26.141728
          ],
          [
            91.756443,
            26.141755
          ],
          [
            91.756658,
            26.141739
          ],
          [
            91.757002,
            26.14166
          ],
          [
            91.757104,
            26.1416
          ]
        ]
      }
    },
    {
      "type": "Feature",
      "id": "RE-OSM-0054",
      "properties": {
        "id": "RE-OSM-0054",
        "name": "Dr. RP Road",
        "osmId": 51252630,
        "highway": "secondary",
        "distanceToHotspotM": 664.8,
        "nearestHotspot": "Hatigaon - Bhetapara",
        "riskNow": "MODERATE",
        "riskPlus1Hr": "HIGH RISK"
      },
      "geometry": {
        "type": "LineString",
        "coordinates": [
          [
            91.786984,
            26.123167
          ],
          [
            91.786974,
            26.123249
          ],
          [
            91.786815,
            26.12455
          ],
          [
            91.78678,
            26.124948
          ],
          [
            91.786716,
            26.125549
          ],
          [
            91.786668,
            26.126049
          ],
          [
            91.786664,
            26.126104
          ],
          [
            91.786636,
            26.126391
          ],
          [
            91.786584,
            26.126866
          ],
          [
            91.786518,
            26.127551
          ],
          [
            91.786486,
            26.127812
          ],
          [
            91.786473,
            26.127982
          ],
          [
            91.786449,
            26.128292
          ],
          [
            91.786428,
            26.128556
          ],
          [
            91.786397,
            26.129001
          ],
          [
            91.786306,
            26.129798
          ],
          [
            91.786277,
            26.130065
          ],
          [
            91.786269,
            26.13029
          ],
          [
            91.786267,
            26.130375
          ],
          [
            91.786181,
            26.131095
          ],
          [
            91.786155,
            26.131392
          ],
          [
            91.786116,
            26.131837
          ],
          [
            91.786018,
            26.132304
          ],
          [
            91.786009,
            26.132348
          ],
          [
            91.785972,
            26.132465
          ],
          [
            91.785871,
            26.132788
          ],
          [
            91.785837,
            26.132897
          ],
          [
            91.785802,
            26.132988
          ],
          [
            91.785709,
            26.133223
          ],
          [
            91.785699,
            26.13333
          ],
          [
            91.785674,
            26.133535
          ],
          [
            91.785665,
            26.133774
          ],
          [
            91.785659,
            26.133917
          ],
          [
            91.78566,
            26.134226
          ],
          [
            91.785661,
            26.134476
          ],
          [
            91.785661,
            26.134623
          ],
          [
            91.785661,
            26.134909
          ],
          [
            91.78566,
            26.135198
          ],
          [
            91.785661,
            26.135542
          ],
          [
            91.785676,
            26.135849
          ],
          [
            91.785699,
            26.136063
          ],
          [
            91.785722,
            26.136273
          ],
          [
            91.78574,
            26.136436
          ],
          [
            91.785749,
            26.136523
          ],
          [
            91.78576,
            26.136624
          ],
          [
            91.785785,
            26.136971
          ],
          [
            91.785821,
            26.137149
          ],
          [
            91.785938,
            26.137784
          ],
          [
            91.786015,
            26.138249
          ],
          [
            91.786095,
            26.138702
          ],
          [
            91.786199,
            26.139581
          ],
          [
            91.786228,
            26.139869
          ],
          [
            91.786303,
            26.140624
          ],
          [
            91.786331,
            26.140905
          ],
          [
            91.786358,
            26.14118
          ],
          [
            91.78645,
            26.141494
          ],
          [
            91.786524,
            26.141748
          ],
          [
            91.786559,
            26.14185
          ],
          [
            91.78658,
            26.141886
          ]
        ]
      }
    },
    {
      "type": "Feature",
      "id": "RE-OSM-0055",
      "properties": {
        "id": "RE-OSM-0055",
        "name": "G.N.B Road",
        "osmId": 98720786,
        "highway": "secondary",
        "distanceToHotspotM": 1201.6,
        "nearestHotspot": "Anil Nagar",
        "riskNow": "NORMAL",
        "riskPlus1Hr": "MODERATE"
      },
      "geometry": {
        "type": "LineString",
        "coordinates": [
          [
            91.757011,
            26.185106
          ],
          [
            91.758184,
            26.185148
          ],
          [
            91.759598,
            26.185196
          ],
          [
            91.760033,
            26.185219
          ],
          [
            91.760533,
            26.18522
          ],
          [
            91.760804,
            26.18521
          ],
          [
            91.761064,
            26.185204
          ],
          [
            91.761466,
            26.185181
          ],
          [
            91.761928,
            26.185143
          ],
          [
            91.76324,
            26.185056
          ],
          [
            91.764175,
            26.184967
          ],
          [
            91.764921,
            26.18487
          ],
          [
            91.765455,
            26.184798
          ],
          [
            91.765959,
            26.184734
          ],
          [
            91.766193,
            26.184705
          ]
        ]
      }
    },
    {
      "type": "Feature",
      "id": "RE-OSM-0056",
      "properties": {
        "id": "RE-OSM-0056",
        "name": "Mahatma Gandhi Road",
        "osmId": 98720787,
        "highway": "primary",
        "distanceToHotspotM": 423.0,
        "nearestHotspot": "Bharalumukh",
        "riskNow": "MODERATE",
        "riskPlus1Hr": "HIGH RISK"
      },
      "geometry": {
        "type": "LineString",
        "coordinates": [
          [
            91.741468,
            26.187454
          ],
          [
            91.741053,
            26.187223
          ],
          [
            91.740683,
            26.187009
          ],
          [
            91.740673,
            26.187003
          ],
          [
            91.74046,
            26.186827
          ],
          [
            91.740433,
            26.18679
          ],
          [
            91.740206,
            26.186473
          ],
          [
            91.739174,
            26.18514
          ],
          [
            91.738531,
            26.184173
          ],
          [
            91.737871,
            26.183134
          ],
          [
            91.737324,
            26.182366
          ],
          [
            91.737104,
            26.182039
          ],
          [
            91.736916,
            26.181758
          ],
          [
            91.736727,
            26.181506
          ],
          [
            91.736706,
            26.181477
          ],
          [
            91.736451,
            26.181127
          ],
          [
            91.735807,
            26.180222
          ],
          [
            91.735524,
            26.179845
          ],
          [
            91.735032,
            26.179189
          ],
          [
            91.734098,
            26.178089
          ],
          [
            91.733997,
            26.177954
          ],
          [
            91.73307,
            26.176886
          ],
          [
            91.732354,
            26.176201
          ],
          [
            91.730758,
            26.174786
          ],
          [
            91.730651,
            26.174588
          ],
          [
            91.730629,
            26.174461
          ],
          [
            91.730659,
            26.174235
          ],
          [
            91.730768,
            26.173402
          ],
          [
            91.730769,
            26.173368
          ]
        ]
      }
    },
    {
      "type": "Feature",
      "id": "RE-OSM-0057",
      "properties": {
        "id": "RE-OSM-0057",
        "name": "Bishnu Ram Mehdi Flyover",
        "osmId": 114812763,
        "highway": "primary",
        "distanceToHotspotM": 707.9,
        "nearestHotspot": "Ulubari",
        "riskNow": "MODERATE",
        "riskPlus1Hr": "HIGH RISK"
      },
      "geometry": {
        "type": "LineString",
        "coordinates": [
          [
            91.757411,
            26.174991
          ],
          [
            91.757378,
            26.175014
          ],
          [
            91.757171,
            26.175154
          ],
          [
            91.756606,
            26.175526
          ],
          [
            91.756306,
            26.175734
          ],
          [
            91.755951,
            26.17598
          ],
          [
            91.755721,
            26.176147
          ],
          [
            91.755349,
            26.176401
          ]
        ]
      }
    },
    {
      "type": "Feature",
      "id": "RE-OSM-0058",
      "properties": {
        "id": "RE-OSM-0058",
        "name": "Tertiary Road",
        "osmId": 114812766,
        "highway": "tertiary",
        "distanceToHotspotM": 457.5,
        "nearestHotspot": "Bharalumukh",
        "riskNow": "MODERATE",
        "riskPlus1Hr": "HIGH RISK"
      },
      "geometry": {
        "type": "LineString",
        "coordinates": [
          [
            91.73635,
            26.17496
          ],
          [
            91.736019,
            26.174824
          ],
          [
            91.734015,
            26.174176
          ],
          [
            91.73315,
            26.173912
          ],
          [
            91.731756,
            26.173427
          ],
          [
            91.731074,
            26.17323
          ]
        ]
      }
    },
    {
      "type": "Feature",
      "id": "RE-OSM-0059",
      "properties": {
        "id": "RE-OSM-0059",
        "name": "Tertiary Road",
        "osmId": 114812768,
        "highway": "tertiary",
        "distanceToHotspotM": 447.0,
        "nearestHotspot": "Ulubari",
        "riskNow": "MODERATE",
        "riskPlus1Hr": "HIGH RISK"
      },
      "geometry": {
        "type": "LineString",
        "coordinates": [
          [
            91.75754,
            26.175061
          ],
          [
            91.757818,
            26.174866
          ],
          [
            91.758285,
            26.174478
          ],
          [
            91.758388,
            26.174391
          ],
          [
            91.758404,
            26.174377
          ],
          [
            91.758899,
            26.173935
          ],
          [
            91.759465,
            26.173427
          ],
          [
            91.759508,
            26.17329
          ]
        ]
      }
    },
    {
      "type": "Feature",
      "id": "RE-OSM-0060",
      "properties": {
        "id": "RE-OSM-0060",
        "name": "Tertiary Road",
        "osmId": 114812771,
        "highway": "tertiary",
        "distanceToHotspotM": 996.2,
        "nearestHotspot": "Bharalumukh",
        "riskNow": "NORMAL",
        "riskPlus1Hr": "MODERATE"
      },
      "geometry": {
        "type": "LineString",
        "coordinates": [
          [
            91.741,
            26.176928
          ],
          [
            91.740512,
            26.176511
          ],
          [
            91.740139,
            26.176224
          ],
          [
            91.739898,
            26.176107
          ],
          [
            91.739657,
            26.176025
          ],
          [
            91.739076,
            26.175863
          ],
          [
            91.73771,
            26.175404
          ],
          [
            91.73635,
            26.17496
          ]
        ]
      }
    },
    {
      "type": "Feature",
      "id": "RE-OSM-0061",
      "properties": {
        "id": "RE-OSM-0061",
        "name": "Primary Road",
        "osmId": 114812788,
        "highway": "primary",
        "distanceToHotspotM": 2046.7,
        "nearestHotspot": "Ulubari",
        "riskNow": "NORMAL",
        "riskPlus1Hr": "NORMAL"
      },
      "geometry": {
        "type": "LineString",
        "coordinates": [
          [
            91.74574,
            26.181798
          ],
          [
            91.745611,
            26.18232
          ]
        ]
      }
    },
    {
      "type": "Feature",
      "id": "RE-OSM-0062",
      "properties": {
        "id": "RE-OSM-0062",
        "name": "Maligaon Flyover",
        "osmId": 114812791,
        "highway": "primary",
        "distanceToHotspotM": 1477.3,
        "nearestHotspot": "Bharalumukh",
        "riskNow": "NORMAL",
        "riskPlus1Hr": "NORMAL"
      },
      "geometry": {
        "type": "LineString",
        "coordinates": [
          [
            91.715845,
            26.164277
          ],
          [
            91.71563,
            26.164123
          ],
          [
            91.715123,
            26.163739
          ],
          [
            91.715033,
            26.163662
          ],
          [
            91.714887,
            26.163553
          ],
          [
            91.714013,
            26.162878
          ],
          [
            91.713198,
            26.162267
          ],
          [
            91.713125,
            26.162217
          ],
          [
            91.71305,
            26.162163
          ],
          [
            91.71249,
            26.161749
          ],
          [
            91.712111,
            26.161501
          ],
          [
            91.711842,
            26.16136
          ],
          [
            91.71149,
            26.161242
          ],
          [
            91.711063,
            26.161143
          ],
          [
            91.710904,
            26.1611
          ],
          [
            91.710114,
            26.160897
          ],
          [
            91.709472,
            26.160718
          ],
          [
            91.708865,
            26.160526
          ],
          [
            91.70792,
            26.160236
          ],
          [
            91.707202,
            26.160076
          ],
          [
            91.706967,
            26.160033
          ],
          [
            91.706894,
            26.160024
          ],
          [
            91.706331,
            26.159954
          ],
          [
            91.705593,
            26.159875
          ],
          [
            91.704846,
            26.159793
          ],
          [
            91.704763,
            26.159784
          ],
          [
            91.704357,
            26.159737
          ],
          [
            91.703269,
            26.15961
          ],
          [
            91.702194,
            26.159493
          ],
          [
            91.701341,
            26.159402
          ],
          [
            91.700647,
            26.159326
          ],
          [
            91.700552,
            26.159319
          ],
          [
            91.7005,
            26.159314
          ],
          [
            91.699339,
            26.159213
          ],
          [
            91.697748,
            26.159089
          ],
          [
            91.697462,
            26.159066
          ],
          [
            91.696926,
            26.159037
          ],
          [
            91.69667,
            26.159031
          ],
          [
            91.696172,
            26.159026
          ],
          [
            91.695685,
            26.159036
          ],
          [
            91.694766,
            26.159065
          ],
          [
            91.694022,
            26.159065
          ]
        ]
      }
    },
    {
      "type": "Feature",
      "id": "RE-OSM-0063",
      "properties": {
        "id": "RE-OSM-0063",
        "name": "Kalaguru Bishnu Rabha Path / Hockey Stadium Rd",
        "osmId": 120130506,
        "highway": "tertiary",
        "distanceToHotspotM": 1493.4,
        "nearestHotspot": "Hatigaon - Bhetapara",
        "riskNow": "NORMAL",
        "riskPlus1Hr": "NORMAL"
      },
      "geometry": {
        "type": "LineString",
        "coordinates": [
          [
            91.769471,
            26.116612
          ],
          [
            91.769877,
            26.118621
          ],
          [
            91.770011,
            26.119329
          ],
          [
            91.770071,
            26.119737
          ],
          [
            91.770084,
            26.119823
          ],
          [
            91.770202,
            26.120622
          ],
          [
            91.770301,
            26.121144
          ],
          [
            91.770365,
            26.121263
          ],
          [
            91.770459,
            26.121287
          ],
          [
            91.770666,
            26.121278
          ],
          [
            91.771765,
            26.121101
          ],
          [
            91.772038,
            26.121057
          ],
          [
            91.772421,
            26.121071
          ],
          [
            91.772678,
            26.121102
          ],
          [
            91.773806,
            26.120861
          ],
          [
            91.774069,
            26.120844
          ],
          [
            91.774598,
            26.120772
          ],
          [
            91.775202,
            26.120691
          ],
          [
            91.775656,
            26.12067
          ],
          [
            91.776242,
            26.120643
          ],
          [
            91.776312,
            26.120647
          ],
          [
            91.776905,
            26.120653
          ],
          [
            91.77703,
            26.120655
          ],
          [
            91.777516,
            26.120607
          ],
          [
            91.77793,
            26.120567
          ],
          [
            91.77802,
            26.120567
          ],
          [
            91.778412,
            26.120567
          ],
          [
            91.778965,
            26.120567
          ],
          [
            91.779109,
            26.120569
          ],
          [
            91.779459,
            26.120543
          ],
          [
            91.77986,
            26.120513
          ],
          [
            91.780251,
            26.120483
          ],
          [
            91.780306,
            26.120479
          ],
          [
            91.780583,
            26.120458
          ],
          [
            91.780737,
            26.120446
          ],
          [
            91.781274,
            26.120406
          ],
          [
            91.781372,
            26.12041
          ],
          [
            91.781429,
            26.120394
          ],
          [
            91.781541,
            26.120388
          ],
          [
            91.781582,
            26.120386
          ],
          [
            91.781823,
            26.120374
          ],
          [
            91.781964,
            26.120367
          ],
          [
            91.782011,
            26.120365
          ],
          [
            91.782372,
            26.120347
          ],
          [
            91.782485,
            26.120341
          ],
          [
            91.782594,
            26.120335
          ],
          [
            91.782846,
            26.120323
          ],
          [
            91.78319,
            26.120306
          ],
          [
            91.783265,
            26.120302
          ],
          [
            91.783351,
            26.120299
          ],
          [
            91.783851,
            26.120286
          ],
          [
            91.784246,
            26.120275
          ],
          [
            91.78465,
            26.120264
          ],
          [
            91.785183,
            26.120164
          ],
          [
            91.78531,
            26.120135
          ],
          [
            91.785566,
            26.120077
          ],
          [
            91.785932,
            26.120047
          ],
          [
            91.786538,
            26.120145
          ],
          [
            91.787177,
            26.120318
          ]
        ]
      }
    },
    {
      "type": "Feature",
      "id": "RE-OSM-0064",
      "properties": {
        "id": "RE-OSM-0064",
        "name": "Bishnu Rabha Path",
        "osmId": 120130535,
        "highway": "tertiary",
        "distanceToHotspotM": 1643.6,
        "nearestHotspot": "Khanapara Basin",
        "riskNow": "NORMAL",
        "riskPlus1Hr": "NORMAL"
      },
      "geometry": {
        "type": "LineString",
        "coordinates": [
          [
            91.798806,
            26.123339
          ],
          [
            91.798696,
            26.123265
          ],
          [
            91.79848,
            26.123143
          ],
          [
            91.798027,
            26.122886
          ],
          [
            91.797649,
            26.122701
          ],
          [
            91.797404,
            26.122562
          ],
          [
            91.797154,
            26.122411
          ],
          [
            91.796587,
            26.122071
          ],
          [
            91.796546,
            26.122046
          ],
          [
            91.796384,
            26.121944
          ],
          [
            91.796193,
            26.121824
          ],
          [
            91.79582,
            26.121581
          ],
          [
            91.795422,
            26.121326
          ],
          [
            91.795371,
            26.121305
          ],
          [
            91.79509,
            26.121187
          ],
          [
            91.794791,
            26.121078
          ],
          [
            91.794724,
            26.121065
          ],
          [
            91.794271,
            26.12098
          ],
          [
            91.793801,
            26.120924
          ],
          [
            91.793254,
            26.120862
          ],
          [
            91.793215,
            26.120859
          ],
          [
            91.792299,
            26.120787
          ],
          [
            91.79155,
            26.120728
          ],
          [
            91.791491,
            26.120724
          ],
          [
            91.791058,
            26.120687
          ],
          [
            91.790962,
            26.12068
          ],
          [
            91.790414,
            26.120623
          ],
          [
            91.789656,
            26.120545
          ],
          [
            91.789572,
            26.120535
          ],
          [
            91.789086,
            26.120479
          ],
          [
            91.788995,
            26.120465
          ]
        ]
      }
    },
    {
      "type": "Feature",
      "id": "RE-OSM-0065",
      "properties": {
        "id": "RE-OSM-0065",
        "name": "Jayanagar Road",
        "osmId": 120487460,
        "highway": "tertiary",
        "distanceToHotspotM": 914.0,
        "nearestHotspot": "Khanapara Basin",
        "riskNow": "NORMAL",
        "riskPlus1Hr": "MODERATE"
      },
      "geometry": {
        "type": "LineString",
        "coordinates": [
          [
            91.806,
            26.114066
          ],
          [
            91.805993,
            26.114243
          ],
          [
            91.805972,
            26.115034
          ],
          [
            91.80595,
            26.115717
          ],
          [
            91.805943,
            26.115927
          ],
          [
            91.805932,
            26.116277
          ],
          [
            91.805918,
            26.116711
          ],
          [
            91.805902,
            26.117208
          ],
          [
            91.805871,
            26.118182
          ],
          [
            91.805866,
            26.118322
          ],
          [
            91.805857,
            26.118616
          ],
          [
            91.805838,
            26.11919
          ],
          [
            91.805828,
            26.119523
          ],
          [
            91.805821,
            26.119848
          ],
          [
            91.805805,
            26.120702
          ],
          [
            91.805801,
            26.120897
          ],
          [
            91.805777,
            26.12218
          ],
          [
            91.805779,
            26.122209
          ],
          [
            91.805809,
            26.122581
          ],
          [
            91.805813,
            26.122629
          ],
          [
            91.80582,
            26.122724
          ],
          [
            91.805828,
            26.122789
          ],
          [
            91.805916,
            26.123547
          ],
          [
            91.805903,
            26.123916
          ],
          [
            91.805859,
            26.125082
          ],
          [
            91.805852,
            26.125271
          ],
          [
            91.805848,
            26.125758
          ],
          [
            91.805843,
            26.126491
          ],
          [
            91.805825,
            26.126867
          ],
          [
            91.805791,
            26.12761
          ],
          [
            91.805779,
            26.127859
          ],
          [
            91.805792,
            26.128092
          ]
        ]
      }
    },
    {
      "type": "Feature",
      "id": "RE-OSM-0066",
      "properties": {
        "id": "RE-OSM-0066",
        "name": "Tertiary_link Road",
        "osmId": 121380522,
        "highway": "tertiary_link",
        "distanceToHotspotM": 1143.5,
        "nearestHotspot": "Khanapara Basin",
        "riskNow": "NORMAL",
        "riskPlus1Hr": "MODERATE"
      },
      "geometry": {
        "type": "LineString",
        "coordinates": [
          [
            91.804055,
            26.122856
          ],
          [
            91.804065,
            26.12294
          ]
        ]
      }
    },
    {
      "type": "Feature",
      "id": "RE-OSM-0067",
      "properties": {
        "id": "RE-OSM-0067",
        "name": "Zoo Road Flyover",
        "osmId": 122008081,
        "highway": "secondary",
        "distanceToHotspotM": 290.9,
        "nearestHotspot": "Zoo Road",
        "riskNow": "HIGH RISK",
        "riskPlus1Hr": "BLOCKED"
      },
      "geometry": {
        "type": "LineString",
        "coordinates": [
          [
            91.781556,
            26.160193
          ],
          [
            91.781344,
            26.160815
          ],
          [
            91.781172,
            26.161334
          ],
          [
            91.781036,
            26.161734
          ],
          [
            91.780929,
            26.162041
          ],
          [
            91.780831,
            26.162343
          ],
          [
            91.780737,
            26.162622
          ],
          [
            91.780676,
            26.162817
          ],
          [
            91.780584,
            26.163096
          ],
          [
            91.780455,
            26.163518
          ],
          [
            91.780397,
            26.163692
          ],
          [
            91.780228,
            26.16419
          ],
          [
            91.7801,
            26.164582
          ],
          [
            91.780039,
            26.164762
          ],
          [
            91.779989,
            26.164917
          ],
          [
            91.779922,
            26.165114
          ],
          [
            91.779816,
            26.165425
          ],
          [
            91.779678,
            26.165854
          ],
          [
            91.779325,
            26.16693
          ],
          [
            91.779205,
            26.1673
          ],
          [
            91.779044,
            26.167787
          ],
          [
            91.778758,
            26.168649
          ],
          [
            91.778702,
            26.168807
          ],
          [
            91.77863,
            26.169027
          ],
          [
            91.778522,
            26.169345
          ],
          [
            91.778365,
            26.169808
          ],
          [
            91.778256,
            26.170135
          ],
          [
            91.778139,
            26.170474
          ],
          [
            91.777897,
            26.171124
          ],
          [
            91.777716,
            26.1716
          ],
          [
            91.777594,
            26.171938
          ],
          [
            91.777502,
            26.172213
          ],
          [
            91.777356,
            26.172657
          ],
          [
            91.777182,
            26.173167
          ],
          [
            91.777061,
            26.173525
          ],
          [
            91.776962,
            26.173828
          ],
          [
            91.776861,
            26.17413
          ],
          [
            91.776771,
            26.174406
          ],
          [
            91.776717,
            26.174614
          ],
          [
            91.776636,
            26.174906
          ],
          [
            91.776527,
            26.175256
          ],
          [
            91.776449,
            26.175491
          ],
          [
            91.776422,
            26.175571
          ],
          [
            91.776274,
            26.176026
          ],
          [
            91.776195,
            26.176257
          ],
          [
            91.776128,
            26.176445
          ],
          [
            91.776038,
            26.176738
          ],
          [
            91.775978,
            26.176938
          ],
          [
            91.775939,
            26.177063
          ],
          [
            91.775889,
            26.177236
          ]
        ]
      }
    },
    {
      "type": "Feature",
      "id": "RE-OSM-0068",
      "properties": {
        "id": "RE-OSM-0068",
        "name": "Railway Colony Road",
        "osmId": 122008093,
        "highway": "tertiary",
        "distanceToHotspotM": 891.0,
        "nearestHotspot": "Zoo Road",
        "riskNow": "NORMAL",
        "riskPlus1Hr": "MODERATE"
      },
      "geometry": {
        "type": "LineString",
        "coordinates": [
          [
            91.782138,
            26.183466
          ],
          [
            91.782124,
            26.183374
          ],
          [
            91.782127,
            26.183338
          ],
          [
            91.782247,
            26.182899
          ],
          [
            91.782296,
            26.182733
          ],
          [
            91.782316,
            26.182667
          ],
          [
            91.782339,
            26.182583
          ],
          [
            91.782355,
            26.182492
          ],
          [
            91.782361,
            26.182453
          ],
          [
            91.782427,
            26.182258
          ],
          [
            91.782487,
            26.182131
          ],
          [
            91.782822,
            26.18142
          ],
          [
            91.783031,
            26.180978
          ],
          [
            91.783076,
            26.180883
          ],
          [
            91.783223,
            26.18057
          ],
          [
            91.783345,
            26.180312
          ],
          [
            91.783406,
            26.180184
          ],
          [
            91.783615,
            26.179741
          ],
          [
            91.783843,
            26.179257
          ],
          [
            91.783962,
            26.179007
          ],
          [
            91.784173,
            26.178559
          ],
          [
            91.784479,
            26.177912
          ],
          [
            91.784707,
            26.177429
          ],
          [
            91.784913,
            26.176992
          ],
          [
            91.785003,
            26.176803
          ],
          [
            91.785083,
            26.17656
          ],
          [
            91.785115,
            26.176101
          ],
          [
            91.785098,
            26.175709
          ],
          [
            91.784906,
            26.175319
          ],
          [
            91.784863,
            26.175114
          ],
          [
            91.784885,
            26.174919
          ],
          [
            91.784937,
            26.174843
          ],
          [
            91.785023,
            26.174715
          ],
          [
            91.78504,
            26.174662
          ],
          [
            91.785027,
            26.174605
          ],
          [
            91.784977,
            26.174393
          ],
          [
            91.785,
            26.174098
          ],
          [
            91.784998,
            26.174013
          ],
          [
            91.78499,
            26.173715
          ],
          [
            91.785052,
            26.173585
          ],
          [
            91.785058,
            26.173366
          ],
          [
            91.785044,
            26.17287
          ],
          [
            91.785042,
            26.172801
          ]
        ]
      }
    },
    {
      "type": "Feature",
      "id": "RE-OSM-0069",
      "properties": {
        "id": "RE-OSM-0069",
        "name": "Tertiary Road",
        "osmId": 122008098,
        "highway": "tertiary",
        "distanceToHotspotM": 509.3,
        "nearestHotspot": "Hatigaon - Bhetapara",
        "riskNow": "MODERATE",
        "riskPlus1Hr": "HIGH RISK"
      },
      "geometry": {
        "type": "LineString",
        "coordinates": [
          [
            91.786397,
            26.129001
          ],
          [
            91.784994,
            26.128971
          ],
          [
            91.78379,
            26.128936
          ],
          [
            91.783218,
            26.128919
          ],
          [
            91.783023,
            26.128913
          ],
          [
            91.781931,
            26.12893
          ],
          [
            91.78188,
            26.128932
          ],
          [
            91.781812,
            26.128935
          ],
          [
            91.781789,
            26.128936
          ],
          [
            91.780878,
            26.128974
          ],
          [
            91.779426,
            26.129034
          ],
          [
            91.778946,
            26.129055
          ],
          [
            91.77889,
            26.129058
          ],
          [
            91.77836,
            26.129082
          ],
          [
            91.77805,
            26.129096
          ],
          [
            91.777878,
            26.129082
          ],
          [
            91.777693,
            26.129068
          ],
          [
            91.777643,
            26.129063
          ],
          [
            91.777393,
            26.129039
          ],
          [
            91.777307,
            26.129031
          ],
          [
            91.777004,
            26.129154
          ],
          [
            91.776315,
            26.129607
          ],
          [
            91.775417,
            26.130197
          ],
          [
            91.775286,
            26.130356
          ],
          [
            91.775288,
            26.13039
          ],
          [
            91.775307,
            26.1307
          ],
          [
            91.775267,
            26.130878
          ],
          [
            91.775156,
            26.130984
          ],
          [
            91.774814,
            26.13118
          ],
          [
            91.774312,
            26.131402
          ],
          [
            91.774123,
            26.131435
          ],
          [
            91.773978,
            26.131952
          ],
          [
            91.773946,
            26.132143
          ],
          [
            91.77393,
            26.132361
          ],
          [
            91.773922,
            26.132465
          ],
          [
            91.773916,
            26.132672
          ],
          [
            91.773895,
            26.133443
          ],
          [
            91.773865,
            26.133615
          ],
          [
            91.77382,
            26.133869
          ],
          [
            91.773782,
            26.133924
          ]
        ]
      }
    },
    {
      "type": "Feature",
      "id": "RE-OSM-0070",
      "properties": {
        "id": "RE-OSM-0070",
        "name": "Tertiary Road",
        "osmId": 122008106,
        "highway": "tertiary",
        "distanceToHotspotM": 75.0,
        "nearestHotspot": "GS Road (Bhangagarh)",
        "riskNow": "HIGH RISK",
        "riskPlus1Hr": "BLOCKED"
      },
      "geometry": {
        "type": "LineString",
        "coordinates": [
          [
            91.785888,
            26.148261
          ],
          [
            91.785842,
            26.148251
          ],
          [
            91.785835,
            26.148256
          ],
          [
            91.785074,
            26.148861
          ],
          [
            91.784304,
            26.149227
          ],
          [
            91.783746,
            26.149492
          ],
          [
            91.783456,
            26.14963
          ],
          [
            91.783236,
            26.149827
          ],
          [
            91.783078,
            26.149967
          ],
          [
            91.782568,
            26.150424
          ],
          [
            91.782036,
            26.1509
          ],
          [
            91.782008,
            26.150925
          ],
          [
            91.781926,
            26.150999
          ],
          [
            91.781662,
            26.151234
          ],
          [
            91.781346,
            26.151517
          ],
          [
            91.781124,
            26.151716
          ],
          [
            91.781063,
            26.15177
          ],
          [
            91.780817,
            26.152066
          ],
          [
            91.780802,
            26.152085
          ],
          [
            91.780348,
            26.152409
          ],
          [
            91.780074,
            26.152654
          ],
          [
            91.780035,
            26.152696
          ],
          [
            91.779748,
            26.152993
          ],
          [
            91.779004,
            26.153765
          ],
          [
            91.778843,
            26.153933
          ],
          [
            91.778281,
            26.15441
          ],
          [
            91.778166,
            26.154508
          ],
          [
            91.777784,
            26.154851
          ],
          [
            91.777259,
            26.155323
          ],
          [
            91.777116,
            26.155451
          ],
          [
            91.776795,
            26.155723
          ],
          [
            91.77647,
            26.155984
          ],
          [
            91.775505,
            26.156797
          ],
          [
            91.774777,
            26.157309
          ],
          [
            91.774636,
            26.157393
          ],
          [
            91.773908,
            26.157712
          ],
          [
            91.773674,
            26.157814
          ],
          [
            91.773387,
            26.157857
          ],
          [
            91.772392,
            26.158008
          ],
          [
            91.772032,
            26.158063
          ],
          [
            91.771151,
            26.158161
          ],
          [
            91.769955,
            26.158439
          ],
          [
            91.769282,
            26.158596
          ],
          [
            91.769207,
            26.158613
          ],
          [
            91.76783,
            26.158908
          ],
          [
            91.766248,
            26.159191
          ]
        ]
      }
    },
    {
      "type": "Feature",
      "id": "RE-OSM-0071",
      "properties": {
        "id": "RE-OSM-0071",
        "name": "Guwahati Medical College Road",
        "osmId": 122008126,
        "highway": "secondary",
        "distanceToHotspotM": 716.5,
        "nearestHotspot": "GS Road (Bhangagarh)",
        "riskNow": "MODERATE",
        "riskPlus1Hr": "HIGH RISK"
      },
      "geometry": {
        "type": "LineString",
        "coordinates": [
          [
            91.767598,
            26.163174
          ],
          [
            91.76763,
            26.163243
          ]
        ]
      }
    },
    {
      "type": "Feature",
      "id": "RE-OSM-0072",
      "properties": {
        "id": "RE-OSM-0072",
        "name": "Tertiary Road",
        "osmId": 122009488,
        "highway": "tertiary",
        "distanceToHotspotM": 2906.6,
        "nearestHotspot": "Zoo Road",
        "riskNow": "NORMAL",
        "riskPlus1Hr": "NORMAL"
      },
      "geometry": {
        "type": "LineString",
        "coordinates": [
          [
            91.803453,
            26.18361
          ],
          [
            91.803445,
            26.183733
          ],
          [
            91.803421,
            26.183877
          ],
          [
            91.803375,
            26.184099
          ],
          [
            91.80297,
            26.185336
          ],
          [
            91.802879,
            26.185557
          ],
          [
            91.802788,
            26.185755
          ],
          [
            91.802614,
            26.186069
          ],
          [
            91.802082,
            26.187016
          ],
          [
            91.801997,
            26.187158
          ],
          [
            91.801559,
            26.187916
          ],
          [
            91.801522,
            26.187979
          ],
          [
            91.801196,
            26.188592
          ],
          [
            91.800693,
            26.189449
          ],
          [
            91.800622,
            26.189601
          ],
          [
            91.800328,
            26.189972
          ],
          [
            91.800076,
            26.190383
          ],
          [
            91.799985,
            26.190547
          ],
          [
            91.799896,
            26.190718
          ],
          [
            91.799792,
            26.190927
          ],
          [
            91.799725,
            26.191086
          ],
          [
            91.799671,
            26.191409
          ],
          [
            91.799569,
            26.192306
          ]
        ]
      }
    },
    {
      "type": "Feature",
      "id": "RE-OSM-0073",
      "properties": {
        "id": "RE-OSM-0073",
        "name": "Tertiary Road",
        "osmId": 122026632,
        "highway": "tertiary",
        "distanceToHotspotM": 2107.2,
        "nearestHotspot": "Boragaon Bypass",
        "riskNow": "NORMAL",
        "riskPlus1Hr": "NORMAL"
      },
      "geometry": {
        "type": "LineString",
        "coordinates": [
          [
            91.704176,
            26.153844
          ],
          [
            91.704155,
            26.153771
          ],
          [
            91.704115,
            26.153704
          ],
          [
            91.704056,
            26.15365
          ],
          [
            91.703984,
            26.153611
          ],
          [
            91.703903,
            26.15359
          ],
          [
            91.703819,
            26.153588
          ],
          [
            91.703737,
            26.153607
          ],
          [
            91.703673,
            26.153637
          ],
          [
            91.703618,
            26.153679
          ],
          [
            91.703573,
            26.153735
          ],
          [
            91.703543,
            26.153799
          ],
          [
            91.703532,
            26.153868
          ],
          [
            91.703546,
            26.153964
          ],
          [
            91.703595,
            26.15405
          ],
          [
            91.703673,
            26.154117
          ],
          [
            91.70377,
            26.154157
          ],
          [
            91.703856,
            26.154167
          ],
          [
            91.703941,
            26.154156
          ],
          [
            91.70402,
            26.154126
          ],
          [
            91.704094,
            26.154072
          ],
          [
            91.704147,
            26.154001
          ],
          [
            91.704172,
            26.15391
          ],
          [
            91.704176,
            26.153844
          ]
        ]
      }
    },
    {
      "type": "Feature",
      "id": "RE-OSM-0074",
      "properties": {
        "id": "RE-OSM-0074",
        "name": "Tertiary Road",
        "osmId": 122026634,
        "highway": "tertiary",
        "distanceToHotspotM": 2568.4,
        "nearestHotspot": "Boragaon Bypass",
        "riskNow": "NORMAL",
        "riskPlus1Hr": "NORMAL"
      },
      "geometry": {
        "type": "LineString",
        "coordinates": [
          [
            91.703499,
            26.157743
          ],
          [
            91.70304,
            26.157697
          ],
          [
            91.702422,
            26.157635
          ],
          [
            91.701877,
            26.15775
          ],
          [
            91.701788,
            26.157803
          ],
          [
            91.701663,
            26.157999
          ],
          [
            91.701534,
            26.158262
          ],
          [
            91.701457,
            26.158522
          ],
          [
            91.701398,
            26.158785
          ],
          [
            91.701373,
            26.159185
          ],
          [
            91.701367,
            26.159278
          ]
        ]
      }
    },
    {
      "type": "Feature",
      "id": "RE-OSM-0075",
      "properties": {
        "id": "RE-OSM-0075",
        "name": "Tertiary Road",
        "osmId": 122026653,
        "highway": "tertiary",
        "distanceToHotspotM": 1963.2,
        "nearestHotspot": "Boragaon Bypass",
        "riskNow": "NORMAL",
        "riskPlus1Hr": "NORMAL"
      },
      "geometry": {
        "type": "LineString",
        "coordinates": [
          [
            91.696094,
            26.150242
          ],
          [
            91.696742,
            26.150281
          ],
          [
            91.697144,
            26.150288
          ],
          [
            91.697886,
            26.150401
          ],
          [
            91.698478,
            26.150568
          ],
          [
            91.69901,
            26.150748
          ],
          [
            91.699863,
            26.151073
          ],
          [
            91.700358,
            26.151363
          ],
          [
            91.70141,
            26.151839
          ],
          [
            91.701511,
            26.151898
          ],
          [
            91.701593,
            26.151951
          ],
          [
            91.701861,
            26.152126
          ],
          [
            91.702198,
            26.152367
          ],
          [
            91.702302,
            26.152473
          ],
          [
            91.702572,
            26.152751
          ],
          [
            91.702641,
            26.152842
          ],
          [
            91.70311,
            26.153254
          ],
          [
            91.703618,
            26.153679
          ]
        ]
      }
    },
    {
      "type": "Feature",
      "id": "RE-OSM-0076",
      "properties": {
        "id": "RE-OSM-0076",
        "name": "Tertiary Road",
        "osmId": 122026748,
        "highway": "tertiary",
        "distanceToHotspotM": 2171.6,
        "nearestHotspot": "Boragaon Bypass",
        "riskNow": "NORMAL",
        "riskPlus1Hr": "NORMAL"
      },
      "geometry": {
        "type": "LineString",
        "coordinates": [
          [
            91.70377,
            26.154157
          ],
          [
            91.70364,
            26.155362
          ],
          [
            91.703641,
            26.155767
          ],
          [
            91.703667,
            26.155888
          ],
          [
            91.703752,
            26.156041
          ],
          [
            91.703636,
            26.156682
          ],
          [
            91.703585,
            26.156897
          ],
          [
            91.703554,
            26.157198
          ],
          [
            91.703499,
            26.157743
          ]
        ]
      }
    },
    {
      "type": "Feature",
      "id": "RE-OSM-0077",
      "properties": {
        "id": "RE-OSM-0077",
        "name": "Ariz Path",
        "osmId": 122027964,
        "highway": "tertiary",
        "distanceToHotspotM": 1801.3,
        "nearestHotspot": "Ulubari",
        "riskNow": "NORMAL",
        "riskPlus1Hr": "NORMAL"
      },
      "geometry": {
        "type": "LineString",
        "coordinates": [
          [
            91.756674,
            26.185228
          ],
          [
            91.756768,
            26.185464
          ],
          [
            91.756929,
            26.18588
          ],
          [
            91.756957,
            26.18597
          ],
          [
            91.756969,
            26.18606
          ],
          [
            91.756968,
            26.186154
          ],
          [
            91.756957,
            26.186232
          ],
          [
            91.756925,
            26.186289
          ],
          [
            91.75687,
            26.186359
          ],
          [
            91.756751,
            26.186485
          ],
          [
            91.756667,
            26.186585
          ],
          [
            91.756647,
            26.186648
          ],
          [
            91.756644,
            26.186717
          ],
          [
            91.756642,
            26.186909
          ],
          [
            91.756643,
            26.187108
          ],
          [
            91.756649,
            26.187182
          ]
        ]
      }
    },
    {
      "type": "Feature",
      "id": "RE-OSM-0078",
      "properties": {
        "id": "RE-OSM-0078",
        "name": "CK Agarwala Road",
        "osmId": 122027969,
        "highway": "tertiary",
        "distanceToHotspotM": 2013.5,
        "nearestHotspot": "Ulubari",
        "riskNow": "NORMAL",
        "riskPlus1Hr": "NORMAL"
      },
      "geometry": {
        "type": "LineString",
        "coordinates": [
          [
            91.756649,
            26.187182
          ],
          [
            91.756441,
            26.187167
          ],
          [
            91.756034,
            26.187149
          ],
          [
            91.755668,
            26.187112
          ],
          [
            91.755322,
            26.187087
          ],
          [
            91.754729,
            26.187042
          ]
        ]
      }
    },
    {
      "type": "Feature",
      "id": "RE-OSM-0079",
      "properties": {
        "id": "RE-OSM-0079",
        "name": "Primary Road",
        "osmId": 122027972,
        "highway": "primary",
        "distanceToHotspotM": 2358.8,
        "nearestHotspot": "Ulubari",
        "riskNow": "NORMAL",
        "riskPlus1Hr": "NORMAL"
      },
      "geometry": {
        "type": "LineString",
        "coordinates": [
          [
            91.750233,
            26.188385
          ],
          [
            91.750126,
            26.18908
          ],
          [
            91.750096,
            26.18931
          ],
          [
            91.750017,
            26.189607
          ]
        ]
      }
    },
    {
      "type": "Feature",
      "id": "RE-OSM-0080",
      "properties": {
        "id": "RE-OSM-0080",
        "name": "Tertiary Road",
        "osmId": 122030738,
        "highway": "tertiary",
        "distanceToHotspotM": 1726.5,
        "nearestHotspot": "Hatigaon - Bhetapara",
        "riskNow": "NORMAL",
        "riskPlus1Hr": "NORMAL"
      },
      "geometry": {
        "type": "LineString",
        "coordinates": [
          [
            91.788679,
            26.120425
          ],
          [
            91.787719,
            26.120376
          ],
          [
            91.787458,
            26.120362
          ],
          [
            91.787263,
            26.120332
          ],
          [
            91.787177,
            26.120318
          ]
        ]
      }
    },
    {
      "type": "Feature",
      "id": "RE-OSM-0081",
      "properties": {
        "id": "RE-OSM-0081",
        "name": "Hengerabari Rd",
        "osmId": 122030739,
        "highway": "tertiary",
        "distanceToHotspotM": 1599.6,
        "nearestHotspot": "Rukminigaon",
        "riskNow": "NORMAL",
        "riskPlus1Hr": "NORMAL"
      },
      "geometry": {
        "type": "LineString",
        "coordinates": [
          [
            91.786802,
            26.148632
          ],
          [
            91.788402,
            26.149659
          ],
          [
            91.7885,
            26.149725
          ],
          [
            91.788685,
            26.149814
          ],
          [
            91.78901,
            26.14997
          ]
        ]
      }
    },
    {
      "type": "Feature",
      "id": "RE-OSM-0082",
      "properties": {
        "id": "RE-OSM-0082",
        "name": "Tertiary Road",
        "osmId": 122030746,
        "highway": "tertiary",
        "distanceToHotspotM": 1593.8,
        "nearestHotspot": "Rukminigaon",
        "riskNow": "NORMAL",
        "riskPlus1Hr": "NORMAL"
      },
      "geometry": {
        "type": "LineString",
        "coordinates": [
          [
            91.78901,
            26.14997
          ],
          [
            91.789195,
            26.150053
          ]
        ]
      }
    },
    {
      "type": "Feature",
      "id": "RE-OSM-0083",
      "properties": {
        "id": "RE-OSM-0083",
        "name": "Tertiary Road",
        "osmId": 122030750,
        "highway": "tertiary",
        "distanceToHotspotM": 1798.1,
        "nearestHotspot": "Hatigaon - Bhetapara",
        "riskNow": "NORMAL",
        "riskPlus1Hr": "NORMAL"
      },
      "geometry": {
        "type": "LineString",
        "coordinates": [
          [
            91.788995,
            26.120465
          ],
          [
            91.788799,
            26.120431
          ]
        ]
      }
    },
    {
      "type": "Feature",
      "id": "RE-OSM-0084",
      "properties": {
        "id": "RE-OSM-0084",
        "name": "Primary_link Road",
        "osmId": 122030754,
        "highway": "primary_link",
        "distanceToHotspotM": 1335.7,
        "nearestHotspot": "GS Road (Bhangagarh)",
        "riskNow": "NORMAL",
        "riskPlus1Hr": "NORMAL"
      },
      "geometry": {
        "type": "LineString",
        "coordinates": [
          [
            91.785298,
            26.149649
          ],
          [
            91.785168,
            26.149768
          ],
          [
            91.784992,
            26.14993
          ],
          [
            91.784585,
            26.150274
          ],
          [
            91.784529,
            26.150323
          ],
          [
            91.784142,
            26.15067
          ],
          [
            91.782931,
            26.151787
          ],
          [
            91.78286,
            26.151937
          ]
        ]
      }
    },
    {
      "type": "Feature",
      "id": "RE-OSM-0085",
      "properties": {
        "id": "RE-OSM-0085",
        "name": "Tertiary Road",
        "osmId": 122030766,
        "highway": "tertiary",
        "distanceToHotspotM": 885.4,
        "nearestHotspot": "Ulubari",
        "riskNow": "NORMAL",
        "riskPlus1Hr": "MODERATE"
      },
      "geometry": {
        "type": "LineString",
        "coordinates": [
          [
            91.752166,
            26.15951
          ],
          [
            91.752565,
            26.159896
          ],
          [
            91.75266,
            26.159963
          ],
          [
            91.752749,
            26.16032
          ],
          [
            91.752725,
            26.160496
          ],
          [
            91.752718,
            26.160549
          ],
          [
            91.752565,
            26.160614
          ],
          [
            91.752483,
            26.160943
          ],
          [
            91.752442,
            26.161109
          ],
          [
            91.752337,
            26.161271
          ],
          [
            91.752228,
            26.161439
          ],
          [
            91.75214,
            26.161714
          ],
          [
            91.752012,
            26.161912
          ],
          [
            91.75189,
            26.1621
          ],
          [
            91.751819,
            26.162403
          ],
          [
            91.752207,
            26.162641
          ],
          [
            91.7522,
            26.162706
          ],
          [
            91.752167,
            26.163013
          ],
          [
            91.752156,
            26.163109
          ],
          [
            91.752229,
            26.163498
          ],
          [
            91.752286,
            26.163806
          ],
          [
            91.752345,
            26.164119
          ],
          [
            91.752391,
            26.164366
          ],
          [
            91.75242,
            26.164735
          ],
          [
            91.752426,
            26.165183
          ],
          [
            91.752413,
            26.165664
          ],
          [
            91.752404,
            26.166021
          ],
          [
            91.752343,
            26.167757
          ]
        ]
      }
    },
    {
      "type": "Feature",
      "id": "RE-OSM-0086",
      "properties": {
        "id": "RE-OSM-0086",
        "name": "Hengerabari Road",
        "osmId": 122030770,
        "highway": "tertiary",
        "distanceToHotspotM": 1557.4,
        "nearestHotspot": "Rukminigaon",
        "riskNow": "NORMAL",
        "riskPlus1Hr": "NORMAL"
      },
      "geometry": {
        "type": "LineString",
        "coordinates": [
          [
            91.789195,
            26.150053
          ],
          [
            91.78974,
            26.15026
          ],
          [
            91.790144,
            26.150519
          ],
          [
            91.790321,
            26.150624
          ],
          [
            91.790643,
            26.150814
          ],
          [
            91.790865,
            26.150945
          ],
          [
            91.791463,
            26.151251
          ],
          [
            91.792526,
            26.151794
          ]
        ]
      }
    },
    {
      "type": "Feature",
      "id": "RE-OSM-0087",
      "properties": {
        "id": "RE-OSM-0087",
        "name": "Lal Ganesh Road",
        "osmId": 122031554,
        "highway": "secondary",
        "distanceToHotspotM": 2247.1,
        "nearestHotspot": "GS Road (Bhangagarh)",
        "riskNow": "NORMAL",
        "riskPlus1Hr": "NORMAL"
      },
      "geometry": {
        "type": "LineString",
        "coordinates": [
          [
            91.757104,
            26.1416
          ],
          [
            91.756964,
            26.140727
          ],
          [
            91.756953,
            26.140653
          ],
          [
            91.756933,
            26.140601
          ],
          [
            91.756899,
            26.140562
          ],
          [
            91.756842,
            26.140538
          ],
          [
            91.756754,
            26.140537
          ],
          [
            91.756501,
            26.140563
          ],
          [
            91.755885,
            26.140647
          ],
          [
            91.755702,
            26.14067
          ],
          [
            91.75562,
            26.140681
          ],
          [
            91.754819,
            26.140785
          ],
          [
            91.754694,
            26.140801
          ],
          [
            91.754493,
            26.140794
          ],
          [
            91.754426,
            26.140774
          ],
          [
            91.754194,
            26.140706
          ],
          [
            91.753955,
            26.140635
          ],
          [
            91.753852,
            26.140604
          ],
          [
            91.753582,
            26.140552
          ],
          [
            91.753467,
            26.140514
          ],
          [
            91.753392,
            26.140378
          ],
          [
            91.753351,
            26.140061
          ],
          [
            91.753298,
            26.139889
          ],
          [
            91.753226,
            26.139807
          ],
          [
            91.753147,
            26.139776
          ],
          [
            91.752972,
            26.139728
          ],
          [
            91.752496,
            26.139738
          ],
          [
            91.751852,
            26.139679
          ],
          [
            91.751576,
            26.139653
          ],
          [
            91.751236,
            26.139622
          ],
          [
            91.750769,
            26.139558
          ],
          [
            91.750707,
            26.139549
          ],
          [
            91.750259,
            26.139456
          ],
          [
            91.749946,
            26.139413
          ],
          [
            91.749421,
            26.139384
          ],
          [
            91.748811,
            26.139348
          ],
          [
            91.748688,
            26.139341
          ],
          [
            91.748208,
            26.139336
          ],
          [
            91.747945,
            26.139353
          ],
          [
            91.747877,
            26.13936
          ],
          [
            91.747376,
            26.139406
          ],
          [
            91.746977,
            26.13947
          ],
          [
            91.746903,
            26.139482
          ],
          [
            91.746811,
            26.139505
          ],
          [
            91.746658,
            26.139543
          ],
          [
            91.746522,
            26.139604
          ],
          [
            91.746301,
            26.139748
          ],
          [
            91.746227,
            26.139822
          ],
          [
            91.746173,
            26.139877
          ],
          [
            91.745806,
            26.140476
          ],
          [
            91.745637,
            26.14068
          ],
          [
            91.74551,
            26.140762
          ],
          [
            91.745363,
            26.140793
          ],
          [
            91.745047,
            26.14079
          ],
          [
            91.744608,
            26.140741
          ],
          [
            91.744467,
            26.140726
          ],
          [
            91.744304,
            26.140733
          ],
          [
            91.74426,
            26.140741
          ],
          [
            91.744086,
            26.140773
          ],
          [
            91.743863,
            26.140852
          ],
          [
            91.743577,
            26.140953
          ],
          [
            91.742829,
            26.141191
          ],
          [
            91.741887,
            26.141612
          ]
        ]
      }
    },
    {
      "type": "Feature",
      "id": "RE-OSM-0088",
      "properties": {
        "id": "RE-OSM-0088",
        "name": "Tertiary Road",
        "osmId": 129101834,
        "highway": "tertiary",
        "distanceToHotspotM": 2013.1,
        "nearestHotspot": "Ulubari",
        "riskNow": "NORMAL",
        "riskPlus1Hr": "NORMAL"
      },
      "geometry": {
        "type": "LineString",
        "coordinates": [
          [
            91.746859,
            26.18434
          ],
          [
            91.746914,
            26.184044
          ],
          [
            91.747004,
            26.183568
          ],
          [
            91.747167,
            26.182677
          ]
        ]
      }
    },
    {
      "type": "Feature",
      "id": "RE-OSM-0089",
      "properties": {
        "id": "RE-OSM-0089",
        "name": "Lamb Road",
        "osmId": 144197013,
        "highway": "tertiary",
        "distanceToHotspotM": 1866.6,
        "nearestHotspot": "Ulubari",
        "riskNow": "NORMAL",
        "riskPlus1Hr": "NORMAL"
      },
      "geometry": {
        "type": "LineString",
        "coordinates": [
          [
            91.752717,
            26.190249
          ],
          [
            91.752921,
            26.189785
          ],
          [
            91.752997,
            26.189607
          ],
          [
            91.753159,
            26.189224
          ],
          [
            91.753257,
            26.189135
          ],
          [
            91.753812,
            26.188696
          ],
          [
            91.753881,
            26.188641
          ],
          [
            91.7541,
            26.188387
          ],
          [
            91.754132,
            26.188352
          ],
          [
            91.754327,
            26.188147
          ],
          [
            91.75442,
            26.188032
          ],
          [
            91.754497,
            26.187909
          ],
          [
            91.754649,
            26.187479
          ],
          [
            91.754687,
            26.187253
          ],
          [
            91.754729,
            26.187042
          ],
          [
            91.754745,
            26.186843
          ],
          [
            91.754736,
            26.186404
          ],
          [
            91.75471,
            26.186254
          ],
          [
            91.754611,
            26.185808
          ],
          [
            91.754574,
            26.185659
          ],
          [
            91.754526,
            26.185352
          ],
          [
            91.754515,
            26.185245
          ]
        ]
      }
    },
    {
      "type": "Feature",
      "id": "RE-OSM-0090",
      "properties": {
        "id": "RE-OSM-0090",
        "name": "Tayabulla Road",
        "osmId": 144357674,
        "highway": "primary",
        "distanceToHotspotM": 2004.0,
        "nearestHotspot": "Ulubari",
        "riskNow": "NORMAL",
        "riskPlus1Hr": "NORMAL"
      },
      "geometry": {
        "type": "LineString",
        "coordinates": [
          [
            91.751577,
            26.189731
          ],
          [
            91.751628,
            26.189591
          ],
          [
            91.751866,
            26.188351
          ],
          [
            91.751977,
            26.187633
          ],
          [
            91.752025,
            26.187224
          ],
          [
            91.752099,
            26.186304
          ],
          [
            91.752113,
            26.185844
          ],
          [
            91.752087,
            26.185739
          ],
          [
            91.75206,
            26.185686
          ],
          [
            91.752003,
            26.185613
          ]
        ]
      }
    },
    {
      "type": "Feature",
      "id": "RE-OSM-0091",
      "properties": {
        "id": "RE-OSM-0091",
        "name": "Primary Road",
        "osmId": 157584895,
        "highway": "primary",
        "distanceToHotspotM": 2088.9,
        "nearestHotspot": "Ulubari",
        "riskNow": "NORMAL",
        "riskPlus1Hr": "NORMAL"
      },
      "geometry": {
        "type": "LineString",
        "coordinates": [
          [
            91.745872,
            26.183544
          ],
          [
            91.74578,
            26.183454
          ],
          [
            91.745568,
            26.183277
          ],
          [
            91.745528,
            26.183227
          ],
          [
            91.745512,
            26.18317
          ],
          [
            91.74551,
            26.183086
          ],
          [
            91.745524,
            26.18301
          ],
          [
            91.745614,
            26.182693
          ],
          [
            91.745737,
            26.182356
          ]
        ]
      }
    },
    {
      "type": "Feature",
      "id": "RE-OSM-0092",
      "properties": {
        "id": "RE-OSM-0092",
        "name": "Primary Road",
        "osmId": 157584897,
        "highway": "primary",
        "distanceToHotspotM": 2456.9,
        "nearestHotspot": "Ulubari",
        "riskNow": "NORMAL",
        "riskPlus1Hr": "NORMAL"
      },
      "geometry": {
        "type": "LineString",
        "coordinates": [
          [
            91.750096,
            26.18931
          ],
          [
            91.750139,
            26.189367
          ],
          [
            91.750187,
            26.189421
          ],
          [
            91.750279,
            26.1895
          ]
        ]
      }
    },
    {
      "type": "Feature",
      "id": "RE-OSM-0093",
      "properties": {
        "id": "RE-OSM-0093",
        "name": "Primary Road",
        "osmId": 157584898,
        "highway": "primary",
        "distanceToHotspotM": 1017.1,
        "nearestHotspot": "Bharalumukh",
        "riskNow": "NORMAL",
        "riskPlus1Hr": "MODERATE"
      },
      "geometry": {
        "type": "LineString",
        "coordinates": [
          [
            91.734686,
            26.17895
          ],
          [
            91.73476,
            26.17903
          ],
          [
            91.734953,
            26.179238
          ],
          [
            91.736496,
            26.181307
          ],
          [
            91.736641,
            26.181505
          ],
          [
            91.736929,
            26.181898
          ],
          [
            91.737835,
            26.18326
          ],
          [
            91.738254,
            26.183907
          ],
          [
            91.738678,
            26.184622
          ],
          [
            91.738926,
            26.184937
          ],
          [
            91.739293,
            26.185438
          ],
          [
            91.739527,
            26.185771
          ],
          [
            91.73999,
            26.186426
          ],
          [
            91.740173,
            26.186639
          ],
          [
            91.740357,
            26.186854
          ],
          [
            91.740523,
            26.187008
          ],
          [
            91.740638,
            26.187076
          ],
          [
            91.741108,
            26.187322
          ],
          [
            91.741614,
            26.187607
          ],
          [
            91.741813,
            26.187696
          ]
        ]
      }
    },
    {
      "type": "Feature",
      "id": "RE-OSM-0094",
      "properties": {
        "id": "RE-OSM-0094",
        "name": "Tertiary Road",
        "osmId": 157586072,
        "highway": "tertiary",
        "distanceToHotspotM": 1197.9,
        "nearestHotspot": "Bharalumukh",
        "riskNow": "NORMAL",
        "riskPlus1Hr": "MODERATE"
      },
      "geometry": {
        "type": "LineString",
        "coordinates": [
          [
            91.707025,
            26.163759
          ],
          [
            91.706948,
            26.163733
          ],
          [
            91.706629,
            26.163713
          ],
          [
            91.706441,
            26.163657
          ],
          [
            91.706333,
            26.163554
          ],
          [
            91.706208,
            26.163375
          ],
          [
            91.706168,
            26.163268
          ],
          [
            91.706132,
            26.163187
          ],
          [
            91.706006,
            26.163081
          ],
          [
            91.705832,
            26.163025
          ],
          [
            91.705432,
            26.162838
          ],
          [
            91.705265,
            26.162766
          ],
          [
            91.705081,
            26.162753
          ],
          [
            91.704931,
            26.162703
          ],
          [
            91.704907,
            26.162616
          ],
          [
            91.705032,
            26.162585
          ],
          [
            91.705328,
            26.162653
          ],
          [
            91.705571,
            26.162725
          ],
          [
            91.705839,
            26.162791
          ],
          [
            91.706243,
            26.162859
          ],
          [
            91.706535,
            26.162847
          ],
          [
            91.706807,
            26.162813
          ],
          [
            91.707127,
            26.162797
          ],
          [
            91.707332,
            26.162819
          ],
          [
            91.707531,
            26.162897
          ],
          [
            91.707698,
            26.163016
          ],
          [
            91.707899,
            26.163103
          ],
          [
            91.708126,
            26.163113
          ],
          [
            91.708773,
            26.163187
          ],
          [
            91.708964,
            26.163269
          ],
          [
            91.709069,
            26.1634
          ],
          [
            91.709086,
            26.163497
          ],
          [
            91.709051,
            26.163656
          ],
          [
            91.708968,
            26.163875
          ],
          [
            91.708955,
            26.163963
          ],
          [
            91.709023,
            26.16403
          ],
          [
            91.709079,
            26.164107
          ],
          [
            91.709141,
            26.164209
          ],
          [
            91.70913,
            26.164328
          ],
          [
            91.709096,
            26.16449
          ],
          [
            91.709088,
            26.164576
          ],
          [
            91.709207,
            26.164669
          ],
          [
            91.709423,
            26.164675
          ],
          [
            91.709511,
            26.164712
          ],
          [
            91.709841,
            26.164687
          ],
          [
            91.71013,
            26.164671
          ],
          [
            91.710421,
            26.164653
          ],
          [
            91.710583,
            26.164737
          ],
          [
            91.710748,
            26.164794
          ],
          [
            91.710868,
            26.164909
          ],
          [
            91.710958,
            26.165006
          ],
          [
            91.711069,
            26.165084
          ],
          [
            91.711235,
            26.165096
          ],
          [
            91.711453,
            26.165083
          ],
          [
            91.711884,
            26.165128
          ],
          [
            91.712284,
            26.165211
          ],
          [
            91.712529,
            26.165277
          ],
          [
            91.712847,
            26.165375
          ],
          [
            91.712996,
            26.165422
          ],
          [
            91.71312,
            26.165469
          ],
          [
            91.713218,
            26.165506
          ],
          [
            91.713339,
            26.165566
          ],
          [
            91.713459,
            26.165633
          ],
          [
            91.713516,
            26.165665
          ],
          [
            91.71357,
            26.16571
          ],
          [
            91.713645,
            26.165776
          ],
          [
            91.713696,
            26.165845
          ],
          [
            91.713744,
            26.165944
          ],
          [
            91.713781,
            26.166047
          ],
          [
            91.7138,
            26.166163
          ],
          [
            91.713802,
            26.166253
          ],
          [
            91.71382,
            26.166469
          ],
          [
            91.71384,
            26.166519
          ],
          [
            91.71387,
            26.166564
          ],
          [
            91.713913,
            26.166601
          ],
          [
            91.713946,
            26.166615
          ],
          [
            91.714068,
            26.16664
          ],
          [
            91.714225,
            26.166677
          ],
          [
            91.714347,
            26.166731
          ],
          [
            91.714401,
            26.166748
          ],
          [
            91.714477,
            26.16676
          ],
          [
            91.714579,
            26.166759
          ],
          [
            91.714775,
            26.166746
          ],
          [
            91.715025,
            26.166721
          ],
          [
            91.715233,
            26.166705
          ],
          [
            91.715378,
            26.166675
          ],
          [
            91.715456,
            26.166651
          ],
          [
            91.715517,
            26.166616
          ],
          [
            91.715611,
            26.166545
          ],
          [
            91.715721,
            26.166469
          ],
          [
            91.715774,
            26.166434
          ],
          [
            91.715832,
            26.166416
          ],
          [
            91.715876,
            26.166404
          ],
          [
            91.715958,
            26.166398
          ],
          [
            91.716016,
            26.166395
          ],
          [
            91.716063,
            26.1664
          ],
          [
            91.716103,
            26.166405
          ],
          [
            91.716182,
            26.166434
          ],
          [
            91.716312,
            26.166504
          ],
          [
            91.716452,
            26.16658
          ],
          [
            91.716599,
            26.16664
          ],
          [
            91.716851,
            26.166728
          ],
          [
            91.717052,
            26.16678
          ],
          [
            91.7171,
            26.166778
          ],
          [
            91.717134,
            26.166761
          ],
          [
            91.717146,
            26.16673
          ],
          [
            91.717127,
            26.16669
          ],
          [
            91.717094,
            26.166666
          ],
          [
            91.717035,
            26.166622
          ],
          [
            91.716851,
            26.166488
          ],
          [
            91.716669,
            26.166369
          ],
          [
            91.716517,
            26.166263
          ],
          [
            91.716346,
            26.166164
          ],
          [
            91.716198,
            26.1661
          ],
          [
            91.716061,
            26.166065
          ],
          [
            91.715913,
            26.166063
          ],
          [
            91.715796,
            26.166084
          ],
          [
            91.715678,
            26.166129
          ],
          [
            91.715473,
            26.166183
          ],
          [
            91.715329,
            26.166207
          ],
          [
            91.715187,
            26.166209
          ],
          [
            91.714993,
            26.166183
          ],
          [
            91.714879,
            26.166135
          ],
          [
            91.714782,
            26.166033
          ],
          [
            91.714721,
            26.165906
          ],
          [
            91.714713,
            26.165834
          ],
          [
            91.71473,
            26.165749
          ],
          [
            91.714808,
            26.165593
          ],
          [
            91.71483,
            26.165472
          ],
          [
            91.714775,
            26.165393
          ],
          [
            91.714696,
            26.165335
          ],
          [
            91.714634,
            26.165297
          ],
          [
            91.714489,
            26.16524
          ],
          [
            91.714107,
            26.165103
          ],
          [
            91.714032,
            26.165053
          ],
          [
            91.713745,
            26.164908
          ],
          [
            91.713717,
            26.164773
          ],
          [
            91.713719,
            26.164716
          ],
          [
            91.713731,
            26.164635
          ],
          [
            91.713786,
            26.164559
          ],
          [
            91.713859,
            26.16449
          ],
          [
            91.713947,
            26.164427
          ],
          [
            91.714001,
            26.16436
          ],
          [
            91.714052,
            26.164245
          ],
          [
            91.714061,
            26.164134
          ],
          [
            91.714036,
            26.164035
          ],
          [
            91.713999,
            26.163927
          ],
          [
            91.713913,
            26.163782
          ],
          [
            91.71383,
            26.163705
          ],
          [
            91.713669,
            26.163625
          ],
          [
            91.713628,
            26.163604
          ],
          [
            91.713467,
            26.163518
          ],
          [
            91.713445,
            26.163505
          ],
          [
            91.713256,
            26.16339
          ],
          [
            91.71317,
            26.163359
          ],
          [
            91.713043,
            26.163343
          ],
          [
            91.712802,
            26.163339
          ],
          [
            91.712698,
            26.163325
          ],
          [
            91.71257,
            26.163272
          ],
          [
            91.712476,
            26.163192
          ],
          [
            91.712415,
            26.16311
          ],
          [
            91.71239,
            26.163007
          ],
          [
            91.712399,
            26.162901
          ],
          [
            91.712435,
            26.162825
          ],
          [
            91.712478,
            26.162776
          ],
          [
            91.712655,
            26.162665
          ],
          [
            91.712816,
            26.162548
          ],
          [
            91.712928,
            26.162405
          ],
          [
            91.713011,
            26.162272
          ],
          [
            91.713032,
            26.162239
          ],
          [
            91.713107,
            26.162139
          ]
        ]
      }
    },
    {
      "type": "Feature",
      "id": "RE-OSM-0095",
      "properties": {
        "id": "RE-OSM-0095",
        "name": "Tertiary Road",
        "osmId": 157587544,
        "highway": "tertiary",
        "distanceToHotspotM": 1381.3,
        "nearestHotspot": "Bharalumukh",
        "riskNow": "NORMAL",
        "riskPlus1Hr": "NORMAL"
      },
      "geometry": {
        "type": "LineString",
        "coordinates": [
          [
            91.738889,
            26.180338
          ],
          [
            91.739265,
            26.17979
          ],
          [
            91.73997,
            26.178763
          ],
          [
            91.740104,
            26.178607
          ],
          [
            91.740172,
            26.178526
          ],
          [
            91.740464,
            26.178185
          ],
          [
            91.740523,
            26.178141
          ],
          [
            91.740562,
            26.178111
          ],
          [
            91.740581,
            26.178097
          ],
          [
            91.740199,
            26.177382
          ],
          [
            91.740061,
            26.176271
          ],
          [
            91.740038,
            26.176088
          ]
        ]
      }
    },
    {
      "type": "Feature",
      "id": "RE-OSM-0096",
      "properties": {
        "id": "RE-OSM-0096",
        "name": "Secondary Road",
        "osmId": 157587547,
        "highway": "secondary",
        "distanceToHotspotM": 644.6,
        "nearestHotspot": "Ulubari",
        "riskNow": "MODERATE",
        "riskPlus1Hr": "HIGH RISK"
      },
      "geometry": {
        "type": "LineString",
        "coordinates": [
          [
            91.747124,
            26.168661
          ],
          [
            91.747787,
            26.168602
          ],
          [
            91.748272,
            26.168568
          ],
          [
            91.748496,
            26.168544
          ],
          [
            91.748667,
            26.168527
          ],
          [
            91.74992,
            26.168397
          ],
          [
            91.750023,
            26.168386
          ],
          [
            91.750645,
            26.168332
          ],
          [
            91.751019,
            26.168289
          ],
          [
            91.752051,
            26.168178
          ],
          [
            91.75238,
            26.168144
          ],
          [
            91.753005,
            26.168078
          ],
          [
            91.753331,
            26.168108
          ],
          [
            91.753703,
            26.168205
          ],
          [
            91.753875,
            26.168272
          ],
          [
            91.754014,
            26.168359
          ],
          [
            91.754545,
            26.169291
          ]
        ]
      }
    },
    {
      "type": "Feature",
      "id": "RE-OSM-0097",
      "properties": {
        "id": "RE-OSM-0097",
        "name": "Tertiary Road",
        "osmId": 157587548,
        "highway": "tertiary",
        "distanceToHotspotM": 930.3,
        "nearestHotspot": "Bharalumukh",
        "riskNow": "NORMAL",
        "riskPlus1Hr": "MODERATE"
      },
      "geometry": {
        "type": "LineString",
        "coordinates": [
          [
            91.738889,
            26.180338
          ],
          [
            91.737771,
            26.18018
          ],
          [
            91.73743,
            26.17999
          ],
          [
            91.736722,
            26.179116
          ],
          [
            91.736186,
            26.178455
          ],
          [
            91.735747,
            26.177919
          ],
          [
            91.735279,
            26.177346
          ],
          [
            91.734978,
            26.17698
          ]
        ]
      }
    },
    {
      "type": "Feature",
      "id": "RE-OSM-0098",
      "properties": {
        "id": "RE-OSM-0098",
        "name": "Tertiary Road",
        "osmId": 157587549,
        "highway": "tertiary",
        "distanceToHotspotM": 1684.0,
        "nearestHotspot": "Bharalumukh",
        "riskNow": "NORMAL",
        "riskPlus1Hr": "NORMAL"
      },
      "geometry": {
        "type": "LineString",
        "coordinates": [
          [
            91.740551,
            26.181889
          ],
          [
            91.741188,
            26.181772
          ],
          [
            91.741433,
            26.181765
          ],
          [
            91.741529,
            26.181762
          ],
          [
            91.741788,
            26.181774
          ],
          [
            91.742444,
            26.181902
          ],
          [
            91.743225,
            26.182096
          ],
          [
            91.74381,
            26.182241
          ],
          [
            91.744746,
            26.182483
          ],
          [
            91.744965,
            26.182609
          ],
          [
            91.745123,
            26.182803
          ],
          [
            91.745363,
            26.183187
          ]
        ]
      }
    },
    {
      "type": "Feature",
      "id": "RE-OSM-0099",
      "properties": {
        "id": "RE-OSM-0099",
        "name": "Beltola College Road",
        "osmId": 222980003,
        "highway": "tertiary",
        "distanceToHotspotM": 1924.2,
        "nearestHotspot": "Khanapara Basin",
        "riskNow": "NORMAL",
        "riskPlus1Hr": "NORMAL"
      },
      "geometry": {
        "type": "LineString",
        "coordinates": [
          [
            91.798312,
            26.117342
          ],
          [
            91.798237,
            26.117325
          ],
          [
            91.797076,
            26.117058
          ],
          [
            91.797015,
            26.117045
          ],
          [
            91.796464,
            26.116918
          ],
          [
            91.796222,
            26.116863
          ],
          [
            91.796112,
            26.116824
          ],
          [
            91.795906,
            26.116752
          ],
          [
            91.795393,
            26.116571
          ],
          [
            91.794993,
            26.116405
          ],
          [
            91.794747,
            26.116282
          ],
          [
            91.794615,
            26.116217
          ],
          [
            91.794291,
            26.115992
          ],
          [
            91.794191,
            26.115923
          ],
          [
            91.793879,
            26.11564
          ],
          [
            91.793542,
            26.115275
          ],
          [
            91.793268,
            26.115076
          ],
          [
            91.793001,
            26.114888
          ],
          [
            91.792663,
            26.114789
          ],
          [
            91.792341,
            26.114738
          ],
          [
            91.791948,
            26.114695
          ],
          [
            91.79171,
            26.114685
          ],
          [
            91.791623,
            26.114737
          ],
          [
            91.791466,
            26.114942
          ],
          [
            91.791352,
            26.115044
          ],
          [
            91.791286,
            26.115112
          ],
          [
            91.791243,
            26.115154
          ],
          [
            91.791193,
            26.115124
          ]
        ]
      }
    },
    {
      "type": "Feature",
      "id": "RE-OSM-0100",
      "properties": {
        "id": "RE-OSM-0100",
        "name": "NH27",
        "osmId": 224011410,
        "highway": "trunk",
        "distanceToHotspotM": 2027.3,
        "nearestHotspot": "Boragaon Bypass",
        "riskNow": "NORMAL",
        "riskPlus1Hr": "NORMAL"
      },
      "geometry": {
        "type": "LineString",
        "coordinates": [
          [
            91.703074,
            26.117243
          ],
          [
            91.702296,
            26.117477
          ],
          [
            91.701106,
            26.117851
          ],
          [
            91.699955,
            26.118205
          ],
          [
            91.699197,
            26.118426
          ],
          [
            91.698581,
            26.118618
          ],
          [
            91.696575,
            26.119216
          ],
          [
            91.689873,
            26.121193
          ],
          [
            91.688991,
            26.12145
          ],
          [
            91.687355,
            26.121926
          ],
          [
            91.686979,
            26.122033
          ],
          [
            91.686717,
            26.12212
          ],
          [
            91.686443,
            26.122222
          ],
          [
            91.686218,
            26.122322
          ],
          [
            91.686008,
            26.122428
          ],
          [
            91.685793,
            26.122541
          ],
          [
            91.685637,
            26.122629
          ],
          [
            91.684824,
            26.12311
          ],
          [
            91.684197,
            26.123483
          ],
          [
            91.682807,
            26.124299
          ]
        ]
      }
    },
    {
      "type": "Feature",
      "id": "RE-OSM-0101",
      "properties": {
        "id": "RE-OSM-0101",
        "name": "NH27",
        "osmId": 224011411,
        "highway": "trunk",
        "distanceToHotspotM": 2861.8,
        "nearestHotspot": "Hatigaon - Bhetapara",
        "riskNow": "NORMAL",
        "riskPlus1Hr": "NORMAL"
      },
      "geometry": {
        "type": "LineString",
        "coordinates": [
          [
            91.765586,
            26.111255
          ],
          [
            91.762595,
            26.111277
          ],
          [
            91.758413,
            26.111393
          ],
          [
            91.758235,
            26.111396
          ]
        ]
      }
    },
    {
      "type": "Feature",
      "id": "RE-OSM-0102",
      "properties": {
        "id": "RE-OSM-0102",
        "name": "Basistha Chariali Flyover",
        "osmId": 224011412,
        "highway": "trunk",
        "distanceToHotspotM": 1510.2,
        "nearestHotspot": "Khanapara Basin",
        "riskNow": "NORMAL",
        "riskPlus1Hr": "NORMAL"
      },
      "geometry": {
        "type": "LineString",
        "coordinates": [
          [
            91.79301,
            26.111671
          ],
          [
            91.793245,
            26.1117
          ],
          [
            91.793711,
            26.111756
          ],
          [
            91.795953,
            26.112054
          ],
          [
            91.798171,
            26.112372
          ],
          [
            91.799098,
            26.112494
          ],
          [
            91.799804,
            26.11257
          ],
          [
            91.801028,
            26.112712
          ],
          [
            91.801358,
            26.112762
          ],
          [
            91.801496,
            26.112788
          ],
          [
            91.801738,
            26.112845
          ],
          [
            91.801894,
            26.112886
          ],
          [
            91.802211,
            26.112975
          ],
          [
            91.802754,
            26.113141
          ],
          [
            91.803255,
            26.11331
          ],
          [
            91.804345,
            26.113654
          ],
          [
            91.805996,
            26.114124
          ],
          [
            91.806074,
            26.114147
          ],
          [
            91.807092,
            26.114422
          ]
        ]
      }
    },
    {
      "type": "Feature",
      "id": "RE-OSM-0103",
      "properties": {
        "id": "RE-OSM-0103",
        "name": "NH27",
        "osmId": 224011413,
        "highway": "trunk",
        "distanceToHotspotM": 2430.1,
        "nearestHotspot": "Boragaon Bypass",
        "riskNow": "NORMAL",
        "riskPlus1Hr": "NORMAL"
      },
      "geometry": {
        "type": "LineString",
        "coordinates": [
          [
            91.719552,
            26.115524
          ],
          [
            91.719182,
            26.115588
          ]
        ]
      }
    },
    {
      "type": "Feature",
      "id": "RE-OSM-0104",
      "properties": {
        "id": "RE-OSM-0104",
        "name": "NH27",
        "osmId": 224011414,
        "highway": "trunk",
        "distanceToHotspotM": 2792.1,
        "nearestHotspot": "Hatigaon - Bhetapara",
        "riskNow": "NORMAL",
        "riskPlus1Hr": "NORMAL"
      },
      "geometry": {
        "type": "LineString",
        "coordinates": [
          [
            91.791732,
            26.111444
          ],
          [
            91.791264,
            26.111433
          ]
        ]
      }
    },
    {
      "type": "Feature",
      "id": "RE-OSM-0105",
      "properties": {
        "id": "RE-OSM-0105",
        "name": "NH27",
        "osmId": 224011415,
        "highway": "trunk",
        "distanceToHotspotM": 2782.0,
        "nearestHotspot": "Hatigaon - Bhetapara",
        "riskNow": "NORMAL",
        "riskPlus1Hr": "NORMAL"
      },
      "geometry": {
        "type": "LineString",
        "coordinates": [
          [
            91.791267,
            26.111536
          ],
          [
            91.791735,
            26.111559
          ]
        ]
      }
    },
    {
      "type": "Feature",
      "id": "RE-OSM-0106",
      "properties": {
        "id": "RE-OSM-0106",
        "name": "Flyover",
        "osmId": 224011418,
        "highway": "trunk",
        "distanceToHotspotM": 2040.6,
        "nearestHotspot": "Boragaon Bypass",
        "riskNow": "NORMAL",
        "riskPlus1Hr": "NORMAL"
      },
      "geometry": {
        "type": "LineString",
        "coordinates": [
          [
            91.714762,
            26.115743
          ],
          [
            91.712673,
            26.115707
          ],
          [
            91.71144,
            26.115704
          ],
          [
            91.709535,
            26.115668
          ],
          [
            91.709018,
            26.115675
          ],
          [
            91.708632,
            26.115687
          ],
          [
            91.708323,
            26.115723
          ],
          [
            91.708084,
            26.115776
          ],
          [
            91.707721,
            26.115871
          ],
          [
            91.707231,
            26.11601
          ],
          [
            91.703687,
            26.117062
          ]
        ]
      }
    },
    {
      "type": "Feature",
      "id": "RE-OSM-0107",
      "properties": {
        "id": "RE-OSM-0107",
        "name": "Tertiary Road",
        "osmId": 224011421,
        "highway": "tertiary",
        "distanceToHotspotM": 2764.2,
        "nearestHotspot": "Hatigaon - Bhetapara",
        "riskNow": "NORMAL",
        "riskPlus1Hr": "NORMAL"
      },
      "geometry": {
        "type": "LineString",
        "coordinates": [
          [
            91.791289,
            26.111724
          ],
          [
            91.791609,
            26.11173
          ]
        ]
      }
    },
    {
      "type": "Feature",
      "id": "RE-OSM-0108",
      "properties": {
        "id": "RE-OSM-0108",
        "name": "Trunk_link Road",
        "osmId": 224011422,
        "highway": "trunk_link",
        "distanceToHotspotM": 2454.0,
        "nearestHotspot": "Boragaon Bypass",
        "riskNow": "NORMAL",
        "riskPlus1Hr": "NORMAL"
      },
      "geometry": {
        "type": "LineString",
        "coordinates": [
          [
            91.719754,
            26.115618
          ],
          [
            91.720283,
            26.115628
          ],
          [
            91.720577,
            26.115634
          ]
        ]
      }
    },
    {
      "type": "Feature",
      "id": "RE-OSM-0109",
      "properties": {
        "id": "RE-OSM-0109",
        "name": "Trunk_link Road",
        "osmId": 224011423,
        "highway": "trunk_link",
        "distanceToHotspotM": 2901.2,
        "nearestHotspot": "Boragaon Bypass",
        "riskNow": "NORMAL",
        "riskPlus1Hr": "NORMAL"
      },
      "geometry": {
        "type": "LineString",
        "coordinates": [
          [
            91.72605,
            26.114553
          ],
          [
            91.726268,
            26.114418
          ],
          [
            91.726582,
            26.114223
          ]
        ]
      }
    },
    {
      "type": "Feature",
      "id": "RE-OSM-0110",
      "properties": {
        "id": "RE-OSM-0110",
        "name": "Tertiary Road",
        "osmId": 224011425,
        "highway": "tertiary",
        "distanceToHotspotM": 3963.8,
        "nearestHotspot": "Boragaon Bypass",
        "riskNow": "NORMAL",
        "riskPlus1Hr": "NORMAL"
      },
      "geometry": {
        "type": "LineString",
        "coordinates": [
          [
            91.738489,
            26.112166
          ],
          [
            91.739317,
            26.11212
          ],
          [
            91.74021,
            26.112097
          ],
          [
            91.741437,
            26.11205
          ],
          [
            91.742418,
            26.112032
          ]
        ]
      }
    },
    {
      "type": "Feature",
      "id": "RE-OSM-0111",
      "properties": {
        "id": "RE-OSM-0111",
        "name": "Tertiary Road",
        "osmId": 224011427,
        "highway": "tertiary",
        "distanceToHotspotM": 2455.2,
        "nearestHotspot": "Boragaon Bypass",
        "riskNow": "NORMAL",
        "riskPlus1Hr": "NORMAL"
      },
      "geometry": {
        "type": "LineString",
        "coordinates": [
          [
            91.718994,
            26.115249
          ],
          [
            91.719264,
            26.113626
          ],
          [
            91.719391,
            26.112823
          ],
          [
            91.719447,
            26.112655
          ],
          [
            91.719493,
            26.112523
          ],
          [
            91.71951,
            26.112475
          ],
          [
            91.719712,
            26.112081
          ],
          [
            91.719776,
            26.111944
          ],
          [
            91.719819,
            26.111806
          ],
          [
            91.719852,
            26.111715
          ],
          [
            91.719869,
            26.111633
          ],
          [
            91.719857,
            26.111318
          ],
          [
            91.719845,
            26.111022
          ],
          [
            91.719837,
            26.110806
          ],
          [
            91.719838,
            26.110652
          ],
          [
            91.719872,
            26.110354
          ],
          [
            91.71989,
            26.110163
          ],
          [
            91.719873,
            26.109915
          ],
          [
            91.719855,
            26.109723
          ],
          [
            91.719824,
            26.109351
          ],
          [
            91.719781,
            26.109152
          ],
          [
            91.719719,
            26.108861
          ],
          [
            91.719713,
            26.108601
          ],
          [
            91.719705,
            26.108286
          ],
          [
            91.719736,
            26.107708
          ],
          [
            91.71979,
            26.107311
          ],
          [
            91.719806,
            26.107152
          ],
          [
            91.719816,
            26.107043
          ],
          [
            91.719814,
            26.106961
          ],
          [
            91.719693,
            26.106424
          ],
          [
            91.719615,
            26.10588
          ],
          [
            91.719591,
            26.105434
          ],
          [
            91.719599,
            26.104829
          ],
          [
            91.719601,
            26.104627
          ],
          [
            91.719604,
            26.104396
          ],
          [
            91.719602,
            26.104391
          ],
          [
            91.719591,
            26.104112
          ],
          [
            91.719615,
            26.103912
          ],
          [
            91.719714,
            26.103479
          ],
          [
            91.719719,
            26.103422
          ],
          [
            91.719741,
            26.103173
          ],
          [
            91.719736,
            26.10307
          ],
          [
            91.719722,
            26.102826
          ],
          [
            91.719685,
            26.102604
          ],
          [
            91.719672,
            26.102527
          ],
          [
            91.719655,
            26.10238
          ],
          [
            91.719637,
            26.102171
          ],
          [
            91.719636,
            26.102145
          ],
          [
            91.719634,
            26.101778
          ],
          [
            91.719662,
            26.101391
          ],
          [
            91.719664,
            26.101356
          ],
          [
            91.719672,
            26.101258
          ],
          [
            91.719626,
            26.100962
          ],
          [
            91.719572,
            26.100733
          ],
          [
            91.719581,
            26.100676
          ]
        ]
      }
    },
    {
      "type": "Feature",
      "id": "RE-OSM-0112",
      "properties": {
        "id": "RE-OSM-0112",
        "name": "Tertiary Road",
        "osmId": 224011428,
        "highway": "tertiary",
        "distanceToHotspotM": 2424.1,
        "nearestHotspot": "Boragaon Bypass",
        "riskNow": "NORMAL",
        "riskPlus1Hr": "NORMAL"
      },
      "geometry": {
        "type": "LineString",
        "coordinates": [
          [
            91.719588,
            26.115842
          ],
          [
            91.719965,
            26.115762
          ],
          [
            91.720577,
            26.115634
          ],
          [
            91.72296,
            26.115163
          ],
          [
            91.723275,
            26.115101
          ],
          [
            91.724442,
            26.11487
          ],
          [
            91.725234,
            26.114714
          ],
          [
            91.725658,
            26.11463
          ],
          [
            91.72605,
            26.114553
          ],
          [
            91.726362,
            26.114491
          ],
          [
            91.728465,
            26.114076
          ],
          [
            91.728866,
            26.113996
          ],
          [
            91.729292,
            26.113912
          ],
          [
            91.729849,
            26.113802
          ],
          [
            91.730085,
            26.113756
          ]
        ]
      }
    },
    {
      "type": "Feature",
      "id": "RE-OSM-0113",
      "properties": {
        "id": "RE-OSM-0113",
        "name": "Tertiary Road",
        "osmId": 261074438,
        "highway": "tertiary",
        "distanceToHotspotM": 824.5,
        "nearestHotspot": "Bharalumukh",
        "riskNow": "NORMAL",
        "riskPlus1Hr": "MODERATE"
      },
      "geometry": {
        "type": "LineString",
        "coordinates": [
          [
            91.731519,
            26.16761
          ],
          [
            91.733103,
            26.167827
          ],
          [
            91.733556,
            26.167857
          ],
          [
            91.734103,
            26.167894
          ],
          [
            91.734302,
            26.167908
          ],
          [
            91.734947,
            26.168
          ],
          [
            91.735998,
            26.16815
          ],
          [
            91.736583,
            26.168275
          ],
          [
            91.737386,
            26.168037
          ],
          [
            91.737669,
            26.168017
          ],
          [
            91.738362,
            26.167968
          ],
          [
            91.738412,
            26.167964
          ],
          [
            91.738451,
            26.167962
          ],
          [
            91.738887,
            26.167944
          ],
          [
            91.739005,
            26.16794
          ],
          [
            91.739166,
            26.167933
          ],
          [
            91.739746,
            26.16791
          ],
          [
            91.741913,
            26.167787
          ],
          [
            91.742027,
            26.167823
          ]
        ]
      }
    },
    {
      "type": "Feature",
      "id": "RE-OSM-0114",
      "properties": {
        "id": "RE-OSM-0114",
        "name": "ASEB Road",
        "osmId": 261074442,
        "highway": "tertiary",
        "distanceToHotspotM": 234.7,
        "nearestHotspot": "Ulubari",
        "riskNow": "HIGH RISK",
        "riskPlus1Hr": "BLOCKED"
      },
      "geometry": {
        "type": "LineString",
        "coordinates": [
          [
            91.765351,
            26.167863
          ],
          [
            91.764831,
            26.167425
          ],
          [
            91.764639,
            26.167258
          ],
          [
            91.764476,
            26.167178
          ],
          [
            91.764385,
            26.167155
          ],
          [
            91.76414,
            26.167139
          ],
          [
            91.763273,
            26.167209
          ],
          [
            91.762624,
            26.167245
          ],
          [
            91.762106,
            26.167293
          ],
          [
            91.761032,
            26.167389
          ],
          [
            91.759345,
            26.167648
          ],
          [
            91.758899,
            26.167701
          ],
          [
            91.758723,
            26.167715
          ],
          [
            91.758562,
            26.167722
          ],
          [
            91.757747,
            26.167707
          ],
          [
            91.757268,
            26.167724
          ],
          [
            91.756777,
            26.167768
          ],
          [
            91.756266,
            26.167811
          ],
          [
            91.75622,
            26.167817
          ],
          [
            91.756202,
            26.167826
          ],
          [
            91.756176,
            26.16784
          ],
          [
            91.756158,
            26.167853
          ],
          [
            91.75615,
            26.167867
          ],
          [
            91.756148,
            26.167883
          ],
          [
            91.756157,
            26.168017
          ],
          [
            91.75616,
            26.168058
          ],
          [
            91.756158,
            26.168089
          ],
          [
            91.756147,
            26.168116
          ],
          [
            91.756133,
            26.168141
          ],
          [
            91.756115,
            26.168155
          ],
          [
            91.756084,
            26.168174
          ],
          [
            91.756043,
            26.168187
          ],
          [
            91.755934,
            26.168206
          ],
          [
            91.755759,
            26.168223
          ],
          [
            91.754461,
            26.168273
          ],
          [
            91.75417,
            26.168295
          ],
          [
            91.754083,
            26.168318
          ],
          [
            91.754014,
            26.168359
          ]
        ]
      }
    },
    {
      "type": "Feature",
      "id": "RE-OSM-0115",
      "properties": {
        "id": "RE-OSM-0115",
        "name": "Tertiary Road",
        "osmId": 261074445,
        "highway": "tertiary",
        "distanceToHotspotM": 1323.8,
        "nearestHotspot": "Bharalumukh",
        "riskNow": "NORMAL",
        "riskPlus1Hr": "NORMAL"
      },
      "geometry": {
        "type": "LineString",
        "coordinates": [
          [
            91.740038,
            26.176088
          ],
          [
            91.740026,
            26.176012
          ],
          [
            91.739984,
            26.175744
          ],
          [
            91.739987,
            26.175607
          ],
          [
            91.739995,
            26.175325
          ],
          [
            91.739998,
            26.175196
          ],
          [
            91.740002,
            26.174982
          ],
          [
            91.740009,
            26.174765
          ],
          [
            91.740012,
            26.174655
          ],
          [
            91.740016,
            26.174515
          ],
          [
            91.740031,
            26.174077
          ],
          [
            91.740024,
            26.174054
          ],
          [
            91.739841,
            26.173421
          ],
          [
            91.739799,
            26.173275
          ],
          [
            91.739806,
            26.173063
          ],
          [
            91.739805,
            26.172919
          ],
          [
            91.739762,
            26.172777
          ],
          [
            91.739734,
            26.172686
          ],
          [
            91.740019,
            26.172145
          ],
          [
            91.740525,
            26.171545
          ],
          [
            91.740593,
            26.171464
          ],
          [
            91.741172,
            26.170925
          ],
          [
            91.741901,
            26.170367
          ],
          [
            91.742406,
            26.169914
          ],
          [
            91.742689,
            26.169631
          ],
          [
            91.743004,
            26.169391
          ],
          [
            91.743259,
            26.169249
          ],
          [
            91.743407,
            26.169169
          ],
          [
            91.743549,
            26.169093
          ],
          [
            91.7439,
            26.16896
          ],
          [
            91.744275,
            26.168888
          ],
          [
            91.745335,
            26.168785
          ],
          [
            91.745721,
            26.168755
          ],
          [
            91.746097,
            26.168744
          ]
        ]
      }
    },
    {
      "type": "Feature",
      "id": "RE-OSM-0116",
      "properties": {
        "id": "RE-OSM-0116",
        "name": "Tertiary Road",
        "osmId": 261074446,
        "highway": "tertiary",
        "distanceToHotspotM": 1495.2,
        "nearestHotspot": "Bharalumukh",
        "riskNow": "NORMAL",
        "riskPlus1Hr": "NORMAL"
      },
      "geometry": {
        "type": "LineString",
        "coordinates": [
          [
            91.740581,
            26.178097
          ],
          [
            91.741139,
            26.177704
          ],
          [
            91.741193,
            26.177665
          ],
          [
            91.741473,
            26.177394
          ]
        ]
      }
    },
    {
      "type": "Feature",
      "id": "RE-OSM-0117",
      "properties": {
        "id": "RE-OSM-0117",
        "name": "Bharalumukh Road",
        "osmId": 261074447,
        "highway": "tertiary",
        "distanceToHotspotM": 420.1,
        "nearestHotspot": "Bharalumukh",
        "riskNow": "MODERATE",
        "riskPlus1Hr": "HIGH RISK"
      },
      "geometry": {
        "type": "LineString",
        "coordinates": [
          [
            91.731519,
            26.16761
          ],
          [
            91.731463,
            26.168324
          ],
          [
            91.73137,
            26.169078
          ],
          [
            91.731191,
            26.170547
          ],
          [
            91.731039,
            26.171467
          ],
          [
            91.730891,
            26.172367
          ],
          [
            91.730874,
            26.172469
          ],
          [
            91.730723,
            26.172957
          ],
          [
            91.730687,
            26.173111
          ]
        ]
      }
    },
    {
      "type": "Feature",
      "id": "RE-OSM-0118",
      "properties": {
        "id": "RE-OSM-0118",
        "name": "Tertiary Road",
        "osmId": 261074453,
        "highway": "tertiary",
        "distanceToHotspotM": 266.5,
        "nearestHotspot": "Hatigaon - Bhetapara",
        "riskNow": "HIGH RISK",
        "riskPlus1Hr": "BLOCKED"
      },
      "geometry": {
        "type": "LineString",
        "coordinates": [
          [
            91.779217,
            26.125004
          ],
          [
            91.779219,
            26.125039
          ],
          [
            91.779292,
            26.125624
          ],
          [
            91.779286,
            26.126038
          ],
          [
            91.779281,
            26.126426
          ],
          [
            91.779324,
            26.126659
          ],
          [
            91.779354,
            26.12743
          ],
          [
            91.779389,
            26.128326
          ],
          [
            91.779394,
            26.128449
          ],
          [
            91.779426,
            26.129034
          ],
          [
            91.779427,
            26.129049
          ],
          [
            91.779446,
            26.129372
          ],
          [
            91.779456,
            26.12955
          ],
          [
            91.779479,
            26.129939
          ],
          [
            91.779493,
            26.130175
          ],
          [
            91.779473,
            26.130623
          ],
          [
            91.77945,
            26.131165
          ],
          [
            91.779451,
            26.131235
          ],
          [
            91.779461,
            26.131639
          ]
        ]
      }
    },
    {
      "type": "Feature",
      "id": "RE-OSM-0119",
      "properties": {
        "id": "RE-OSM-0119",
        "name": "Assam Trunk Road",
        "osmId": 261074454,
        "highway": "tertiary",
        "distanceToHotspotM": 1496.4,
        "nearestHotspot": "Bharalumukh",
        "riskNow": "NORMAL",
        "riskPlus1Hr": "NORMAL"
      },
      "geometry": {
        "type": "LineString",
        "coordinates": [
          [
            91.745782,
            26.180327
          ],
          [
            91.745462,
            26.180274
          ],
          [
            91.745166,
            26.180206
          ],
          [
            91.744821,
            26.180049
          ],
          [
            91.743937,
            26.17941
          ],
          [
            91.743684,
            26.179173
          ],
          [
            91.743277,
            26.178763
          ],
          [
            91.743004,
            26.178531
          ],
          [
            91.741511,
            26.177357
          ],
          [
            91.741,
            26.176928
          ]
        ]
      }
    },
    {
      "type": "Feature",
      "id": "RE-OSM-0120",
      "properties": {
        "id": "RE-OSM-0120",
        "name": "Tertiary Road",
        "osmId": 261074456,
        "highway": "tertiary",
        "distanceToHotspotM": 1960.8,
        "nearestHotspot": "Ulubari",
        "riskNow": "NORMAL",
        "riskPlus1Hr": "NORMAL"
      },
      "geometry": {
        "type": "LineString",
        "coordinates": [
          [
            91.747167,
            26.182677
          ],
          [
            91.748021,
            26.182739
          ]
        ]
      }
    },
    {
      "type": "Feature",
      "id": "RE-OSM-0121",
      "properties": {
        "id": "RE-OSM-0121",
        "name": "Tertiary Road",
        "osmId": 261078158,
        "highway": "tertiary",
        "distanceToHotspotM": 1794.4,
        "nearestHotspot": "Anil Nagar",
        "riskNow": "NORMAL",
        "riskPlus1Hr": "NORMAL"
      },
      "geometry": {
        "type": "LineString",
        "coordinates": [
          [
            91.778736,
            26.190636
          ],
          [
            91.779363,
            26.190618
          ],
          [
            91.780159,
            26.19053
          ],
          [
            91.780234,
            26.190524
          ],
          [
            91.780575,
            26.190441
          ],
          [
            91.781121,
            26.19035
          ],
          [
            91.781255,
            26.190337
          ],
          [
            91.781587,
            26.190304
          ],
          [
            91.781818,
            26.190244
          ],
          [
            91.78206,
            26.19018
          ],
          [
            91.782679,
            26.18994
          ],
          [
            91.782773,
            26.189904
          ],
          [
            91.782996,
            26.189971
          ],
          [
            91.783046,
            26.189986
          ],
          [
            91.783169,
            26.190024
          ],
          [
            91.783547,
            26.190273
          ],
          [
            91.783738,
            26.190393
          ],
          [
            91.783909,
            26.190903
          ],
          [
            91.784221,
            26.191148
          ],
          [
            91.784566,
            26.191419
          ],
          [
            91.7851,
            26.191988
          ],
          [
            91.785155,
            26.192153
          ],
          [
            91.785363,
            26.192784
          ],
          [
            91.785507,
            26.193145
          ],
          [
            91.785672,
            26.193244
          ],
          [
            91.785763,
            26.193168
          ],
          [
            91.785923,
            26.193074
          ],
          [
            91.786234,
            26.193165
          ],
          [
            91.786272,
            26.193176
          ],
          [
            91.786629,
            26.193281
          ],
          [
            91.786743,
            26.193453
          ],
          [
            91.786904,
            26.193697
          ],
          [
            91.787031,
            26.194999
          ],
          [
            91.78721,
            26.195335
          ],
          [
            91.78745,
            26.19555
          ],
          [
            91.787674,
            26.19565
          ],
          [
            91.787731,
            26.195667
          ],
          [
            91.787896,
            26.195718
          ],
          [
            91.788167,
            26.195766
          ],
          [
            91.788245,
            26.19578
          ],
          [
            91.789085,
            26.195755
          ],
          [
            91.789176,
            26.195751
          ],
          [
            91.789514,
            26.19577
          ],
          [
            91.790104,
            26.195845
          ],
          [
            91.790246,
            26.195859
          ]
        ]
      }
    },
    {
      "type": "Feature",
      "id": "RE-OSM-0122",
      "properties": {
        "id": "RE-OSM-0122",
        "name": "Rajgarh Road",
        "osmId": 262982732,
        "highway": "secondary",
        "distanceToHotspotM": 43.3,
        "nearestHotspot": "Anil Nagar",
        "riskNow": "HIGH RISK",
        "riskPlus1Hr": "BLOCKED"
      },
      "geometry": {
        "type": "LineString",
        "coordinates": [
          [
            91.772163,
            26.173577
          ],
          [
            91.772194,
            26.17369
          ],
          [
            91.772363,
            26.174149
          ],
          [
            91.772456,
            26.174371
          ],
          [
            91.772545,
            26.174608
          ],
          [
            91.772707,
            26.17501
          ],
          [
            91.772737,
            26.175071
          ],
          [
            91.772933,
            26.175526
          ],
          [
            91.773078,
            26.175933
          ],
          [
            91.773092,
            26.175972
          ],
          [
            91.773203,
            26.176279
          ],
          [
            91.773273,
            26.17647
          ],
          [
            91.773362,
            26.176716
          ],
          [
            91.773449,
            26.176983
          ],
          [
            91.773638,
            26.177569
          ],
          [
            91.773668,
            26.177661
          ],
          [
            91.773751,
            26.17792
          ],
          [
            91.773825,
            26.178192
          ],
          [
            91.77386,
            26.178315
          ],
          [
            91.773935,
            26.178613
          ],
          [
            91.773978,
            26.178854
          ],
          [
            91.774018,
            26.179078
          ],
          [
            91.774117,
            26.179892
          ],
          [
            91.774152,
            26.18014
          ]
        ]
      }
    },
    {
      "type": "Feature",
      "id": "RE-OSM-0123",
      "properties": {
        "id": "RE-OSM-0123",
        "name": "Rajgarh Link Road",
        "osmId": 262982735,
        "highway": "secondary",
        "distanceToHotspotM": 541.6,
        "nearestHotspot": "Anil Nagar",
        "riskNow": "MODERATE",
        "riskPlus1Hr": "HIGH RISK"
      },
      "geometry": {
        "type": "LineString",
        "coordinates": [
          [
            91.774152,
            26.18014
          ],
          [
            91.77424,
            26.180129
          ],
          [
            91.774472,
            26.180099
          ],
          [
            91.774795,
            26.180051
          ],
          [
            91.775245,
            26.180045
          ],
          [
            91.775442,
            26.180049
          ],
          [
            91.775538,
            26.180047
          ]
        ]
      }
    },
    {
      "type": "Feature",
      "id": "RE-OSM-0124",
      "properties": {
        "id": "RE-OSM-0124",
        "name": "Radha Gobinda Baruah Road",
        "osmId": 262982742,
        "highway": "secondary",
        "distanceToHotspotM": 1037.6,
        "nearestHotspot": "Anil Nagar",
        "riskNow": "NORMAL",
        "riskPlus1Hr": "MODERATE"
      },
      "geometry": {
        "type": "LineString",
        "coordinates": [
          [
            91.774722,
            26.184616
          ],
          [
            91.774764,
            26.184949
          ],
          [
            91.774787,
            26.185045
          ],
          [
            91.774825,
            26.185114
          ],
          [
            91.77487,
            26.185172
          ],
          [
            91.774926,
            26.185222
          ],
          [
            91.774992,
            26.185267
          ],
          [
            91.775049,
            26.185305
          ],
          [
            91.775157,
            26.185338
          ],
          [
            91.775246,
            26.185346
          ],
          [
            91.775391,
            26.185342
          ],
          [
            91.775487,
            26.185334
          ]
        ]
      }
    },
    {
      "type": "Feature",
      "id": "RE-OSM-0125",
      "properties": {
        "id": "RE-OSM-0125",
        "name": "Ajanta Path",
        "osmId": 289680936,
        "highway": "tertiary",
        "distanceToHotspotM": 924.3,
        "nearestHotspot": "Hatigaon - Bhetapara",
        "riskNow": "NORMAL",
        "riskPlus1Hr": "MODERATE"
      },
      "geometry": {
        "type": "LineString",
        "coordinates": [
          [
            91.786397,
            26.129001
          ],
          [
            91.786476,
            26.129003
          ],
          [
            91.786845,
            26.129021
          ],
          [
            91.787186,
            26.129038
          ],
          [
            91.787254,
            26.129042
          ],
          [
            91.787548,
            26.129057
          ],
          [
            91.787795,
            26.12907
          ],
          [
            91.788077,
            26.129107
          ],
          [
            91.788459,
            26.12916
          ],
          [
            91.789012,
            26.129229
          ],
          [
            91.789447,
            26.129286
          ],
          [
            91.789738,
            26.129292
          ],
          [
            91.790145,
            26.129318
          ],
          [
            91.790954,
            26.12937
          ],
          [
            91.791201,
            26.129386
          ],
          [
            91.791368,
            26.129397
          ],
          [
            91.79182,
            26.129378
          ],
          [
            91.792644,
            26.129344
          ],
          [
            91.793489,
            26.129409
          ],
          [
            91.794044,
            26.129431
          ],
          [
            91.795384,
            26.129481
          ]
        ]
      }
    },
    {
      "type": "Feature",
      "id": "RE-OSM-0126",
      "properties": {
        "id": "RE-OSM-0126",
        "name": "Chandmari Railway Flyover",
        "osmId": 367630023,
        "highway": "secondary",
        "distanceToHotspotM": 680.7,
        "nearestHotspot": "Anil Nagar",
        "riskNow": "MODERATE",
        "riskPlus1Hr": "HIGH RISK"
      },
      "geometry": {
        "type": "LineString",
        "coordinates": [
          [
            91.775493,
            26.183437
          ],
          [
            91.775477,
            26.183274
          ],
          [
            91.775451,
            26.182952
          ],
          [
            91.775457,
            26.182716
          ],
          [
            91.775502,
            26.182359
          ],
          [
            91.775513,
            26.182243
          ],
          [
            91.775521,
            26.181815
          ],
          [
            91.775524,
            26.181276
          ],
          [
            91.775521,
            26.180989
          ]
        ]
      }
    },
    {
      "type": "Feature",
      "id": "RE-OSM-0127",
      "properties": {
        "id": "RE-OSM-0127",
        "name": "Khanapara Flyover",
        "osmId": 386390131,
        "highway": "trunk",
        "distanceToHotspotM": 1158.0,
        "nearestHotspot": "Khanapara Basin",
        "riskNow": "NORMAL",
        "riskPlus1Hr": "MODERATE"
      },
      "geometry": {
        "type": "LineString",
        "coordinates": [
          [
            91.824327,
            26.11981
          ],
          [
            91.824565,
            26.119813
          ],
          [
            91.824696,
            26.119803
          ],
          [
            91.824849,
            26.119779
          ],
          [
            91.825101,
            26.119738
          ],
          [
            91.82533,
            26.119691
          ]
        ]
      }
    },
    {
      "type": "Feature",
      "id": "RE-OSM-0128",
      "properties": {
        "id": "RE-OSM-0128",
        "name": "Khanapara Flyover",
        "osmId": 386390138,
        "highway": "trunk",
        "distanceToHotspotM": 909.2,
        "nearestHotspot": "Khanapara Basin",
        "riskNow": "NORMAL",
        "riskPlus1Hr": "MODERATE"
      },
      "geometry": {
        "type": "LineString",
        "coordinates": [
          [
            91.824351,
            26.119721
          ],
          [
            91.823821,
            26.119642
          ],
          [
            91.822576,
            26.119425
          ],
          [
            91.821622,
            26.119251
          ],
          [
            91.820895,
            26.119104
          ],
          [
            91.819305,
            26.118794
          ]
        ]
      }
    },
    {
      "type": "Feature",
      "id": "RE-OSM-0129",
      "properties": {
        "id": "RE-OSM-0129",
        "name": "Khanapara Flyover",
        "osmId": 386390141,
        "highway": "trunk",
        "distanceToHotspotM": 900.5,
        "nearestHotspot": "Khanapara Basin",
        "riskNow": "NORMAL",
        "riskPlus1Hr": "MODERATE"
      },
      "geometry": {
        "type": "LineString",
        "coordinates": [
          [
            91.819281,
            26.118872
          ],
          [
            91.819538,
            26.118919
          ],
          [
            91.820837,
            26.119183
          ],
          [
            91.821372,
            26.119283
          ],
          [
            91.824327,
            26.11981
          ]
        ]
      }
    },
    {
      "type": "Feature",
      "id": "RE-OSM-0130",
      "properties": {
        "id": "RE-OSM-0130",
        "name": "Trunk_link Road",
        "osmId": 386390145,
        "highway": "trunk_link",
        "distanceToHotspotM": 1034.5,
        "nearestHotspot": "Khanapara Basin",
        "riskNow": "NORMAL",
        "riskPlus1Hr": "MODERATE"
      },
      "geometry": {
        "type": "LineString",
        "coordinates": [
          [
            91.822589,
            26.119666
          ],
          [
            91.82279,
            26.11964
          ],
          [
            91.822963,
            26.119657
          ],
          [
            91.823594,
            26.119775
          ],
          [
            91.823854,
            26.119826
          ],
          [
            91.824024,
            26.119863
          ],
          [
            91.824109,
            26.119883
          ]
        ]
      }
    },
    {
      "type": "Feature",
      "id": "RE-OSM-0131",
      "properties": {
        "id": "RE-OSM-0131",
        "name": "Trunk_link Road",
        "osmId": 386390146,
        "highway": "trunk_link",
        "distanceToHotspotM": 864.1,
        "nearestHotspot": "Khanapara Basin",
        "riskNow": "NORMAL",
        "riskPlus1Hr": "MODERATE"
      },
      "geometry": {
        "type": "LineString",
        "coordinates": [
          [
            91.818033,
            26.118647
          ],
          [
            91.818018,
            26.118717
          ]
        ]
      }
    },
    {
      "type": "Feature",
      "id": "RE-OSM-0132",
      "properties": {
        "id": "RE-OSM-0132",
        "name": "Assam Trunk Rd",
        "osmId": 393657586,
        "highway": "primary",
        "distanceToHotspotM": 398.8,
        "nearestHotspot": "Bharalumukh",
        "riskNow": "MODERATE",
        "riskPlus1Hr": "HIGH RISK"
      },
      "geometry": {
        "type": "LineString",
        "coordinates": [
          [
            91.716007,
            26.16452
          ],
          [
            91.716219,
            26.164703
          ],
          [
            91.716767,
            26.165105
          ],
          [
            91.717112,
            26.165312
          ],
          [
            91.717795,
            26.165727
          ],
          [
            91.718835,
            26.166435
          ],
          [
            91.719141,
            26.166667
          ],
          [
            91.719971,
            26.167321
          ],
          [
            91.720405,
            26.167661
          ],
          [
            91.721045,
            26.168146
          ],
          [
            91.721392,
            26.168412
          ],
          [
            91.721626,
            26.168594
          ],
          [
            91.7218,
            26.168717
          ],
          [
            91.722397,
            26.169158
          ],
          [
            91.7226,
            26.169314
          ],
          [
            91.723567,
            26.170112
          ],
          [
            91.724165,
            26.170589
          ]
        ]
      }
    },
    {
      "type": "Feature",
      "id": "RE-OSM-0133",
      "properties": {
        "id": "RE-OSM-0133",
        "name": "VIP Road",
        "osmId": 405840603,
        "highway": "secondary",
        "distanceToHotspotM": 905.1,
        "nearestHotspot": "Khanapara Basin",
        "riskNow": "NORMAL",
        "riskPlus1Hr": "MODERATE"
      },
      "geometry": {
        "type": "LineString",
        "coordinates": [
          [
            91.811697,
            26.14949
          ],
          [
            91.811706,
            26.149079
          ],
          [
            91.81172,
            26.148752
          ],
          [
            91.81173,
            26.148504
          ],
          [
            91.811738,
            26.147785
          ],
          [
            91.811744,
            26.147201
          ],
          [
            91.811746,
            26.147129
          ],
          [
            91.811789,
            26.145468
          ],
          [
            91.811807,
            26.145031
          ],
          [
            91.811839,
            26.14487
          ],
          [
            91.811937,
            26.144497
          ],
          [
            91.812086,
            26.144019
          ],
          [
            91.812105,
            26.143913
          ],
          [
            91.812111,
            26.143879
          ],
          [
            91.812108,
            26.143682
          ],
          [
            91.811991,
            26.143082
          ],
          [
            91.811985,
            26.143053
          ],
          [
            91.811947,
            26.142857
          ],
          [
            91.811811,
            26.142162
          ],
          [
            91.811599,
            26.141153
          ],
          [
            91.811518,
            26.140347
          ],
          [
            91.811492,
            26.140082
          ],
          [
            91.811387,
            26.138933
          ],
          [
            91.811323,
            26.13816
          ],
          [
            91.811328,
            26.137881
          ],
          [
            91.81132,
            26.137695
          ],
          [
            91.811307,
            26.137125
          ],
          [
            91.811234,
            26.136732
          ],
          [
            91.81115,
            26.136549
          ],
          [
            91.811054,
            26.136325
          ],
          [
            91.8107,
            26.135721
          ],
          [
            91.810325,
            26.135376
          ],
          [
            91.80996,
            26.135071
          ],
          [
            91.809612,
            26.134794
          ],
          [
            91.809217,
            26.134408
          ],
          [
            91.808954,
            26.133992
          ],
          [
            91.808721,
            26.133522
          ],
          [
            91.808657,
            26.133192
          ],
          [
            91.808624,
            26.132708
          ],
          [
            91.808663,
            26.131996
          ],
          [
            91.80868,
            26.131835
          ]
        ]
      }
    },
    {
      "type": "Feature",
      "id": "RE-OSM-0134",
      "properties": {
        "id": "RE-OSM-0134",
        "name": "VIP Road",
        "osmId": 405840604,
        "highway": "secondary",
        "distanceToHotspotM": 1251.5,
        "nearestHotspot": "Rukminigaon",
        "riskNow": "NORMAL",
        "riskPlus1Hr": "MODERATE"
      },
      "geometry": {
        "type": "LineString",
        "coordinates": [
          [
            91.811891,
            26.143067
          ],
          [
            91.81194,
            26.143287
          ],
          [
            91.811969,
            26.143417
          ],
          [
            91.812013,
            26.14369
          ],
          [
            91.812016,
            26.143845
          ],
          [
            91.812016,
            26.143873
          ],
          [
            91.811993,
            26.144001
          ],
          [
            91.811845,
            26.144475
          ],
          [
            91.811813,
            26.144584
          ],
          [
            91.811735,
            26.144852
          ],
          [
            91.811725,
            26.145012
          ],
          [
            91.811694,
            26.145464
          ],
          [
            91.811651,
            26.147124
          ],
          [
            91.811649,
            26.147199
          ],
          [
            91.811647,
            26.147232
          ],
          [
            91.811639,
            26.147364
          ],
          [
            91.81159,
            26.148174
          ],
          [
            91.811574,
            26.148747
          ],
          [
            91.811571,
            26.148893
          ],
          [
            91.811566,
            26.149078
          ],
          [
            91.811557,
            26.14989
          ],
          [
            91.811541,
            26.151511
          ],
          [
            91.81155,
            26.151843
          ],
          [
            91.811538,
            26.152091
          ],
          [
            91.811438,
            26.153652
          ],
          [
            91.811392,
            26.153974
          ],
          [
            91.811356,
            26.154216
          ],
          [
            91.81131,
            26.154714
          ],
          [
            91.811285,
            26.15555
          ],
          [
            91.811266,
            26.156117
          ],
          [
            91.81128,
            26.156334
          ],
          [
            91.811293,
            26.156512
          ],
          [
            91.811318,
            26.156633
          ],
          [
            91.811347,
            26.156777
          ],
          [
            91.811452,
            26.157087
          ],
          [
            91.81155,
            26.157377
          ],
          [
            91.81173,
            26.157932
          ],
          [
            91.811855,
            26.158116
          ],
          [
            91.812001,
            26.158262
          ],
          [
            91.812253,
            26.158411
          ],
          [
            91.812953,
            26.158724
          ],
          [
            91.81325,
            26.158831
          ],
          [
            91.813568,
            26.158898
          ],
          [
            91.814005,
            26.158965
          ],
          [
            91.81438,
            26.15897
          ],
          [
            91.815262,
            26.158973
          ],
          [
            91.815644,
            26.158964
          ],
          [
            91.815818,
            26.158972
          ],
          [
            91.816892,
            26.159007
          ],
          [
            91.817248,
            26.159039
          ],
          [
            91.817358,
            26.159063
          ],
          [
            91.817785,
            26.159182
          ],
          [
            91.818221,
            26.159333
          ],
          [
            91.818677,
            26.159532
          ],
          [
            91.818925,
            26.159651
          ],
          [
            91.819024,
            26.159708
          ],
          [
            91.819311,
            26.15989
          ],
          [
            91.819474,
            26.16
          ],
          [
            91.819613,
            26.160099
          ],
          [
            91.819926,
            26.160351
          ],
          [
            91.820307,
            26.160664
          ],
          [
            91.820431,
            26.160772
          ],
          [
            91.821205,
            26.161427
          ],
          [
            91.821478,
            26.161664
          ],
          [
            91.822034,
            26.162147
          ],
          [
            91.822467,
            26.162535
          ],
          [
            91.82346,
            26.163454
          ],
          [
            91.824119,
            26.164096
          ],
          [
            91.824876,
            26.164818
          ],
          [
            91.825246,
            26.16517
          ],
          [
            91.825504,
            26.16551
          ],
          [
            91.825921,
            26.165899
          ],
          [
            91.826165,
            26.166186
          ],
          [
            91.826345,
            26.166386
          ],
          [
            91.827178,
            26.167669
          ],
          [
            91.827514,
            26.168228
          ],
          [
            91.827906,
            26.168844
          ],
          [
            91.82834,
            26.169531
          ],
          [
            91.828375,
            26.169588
          ],
          [
            91.828472,
            26.169741
          ],
          [
            91.828688,
            26.170157
          ],
          [
            91.828888,
            26.17055
          ],
          [
            91.829092,
            26.17095
          ],
          [
            91.829477,
            26.171814
          ],
          [
            91.829694,
            26.172306
          ],
          [
            91.829823,
            26.172788
          ],
          [
            91.829862,
            26.173083
          ],
          [
            91.829993,
            26.174083
          ],
          [
            91.830057,
            26.17432
          ],
          [
            91.830157,
            26.174686
          ],
          [
            91.830303,
            26.175106
          ],
          [
            91.830443,
            26.175504
          ],
          [
            91.830564,
            26.175791
          ],
          [
            91.83061,
            26.176029
          ],
          [
            91.830342,
            26.176942
          ],
          [
            91.830291,
            26.177172
          ],
          [
            91.830124,
            26.177553
          ],
          [
            91.829907,
            26.177916
          ],
          [
            91.82986,
            26.177952
          ],
          [
            91.829532,
            26.178224
          ],
          [
            91.829255,
            26.178374
          ]
        ]
      }
    },
    {
      "type": "Feature",
      "id": "RE-OSM-0135",
      "properties": {
        "id": "RE-OSM-0135",
        "name": "Mahapurush Srimanta Sankardeva Path",
        "osmId": 405840605,
        "highway": "primary_link",
        "distanceToHotspotM": 580.8,
        "nearestHotspot": "Khanapara Basin",
        "riskNow": "MODERATE",
        "riskPlus1Hr": "HIGH RISK"
      },
      "geometry": {
        "type": "LineString",
        "coordinates": [
          [
            91.810604,
            26.129422
          ],
          [
            91.810524,
            26.129427
          ],
          [
            91.810112,
            26.129751
          ],
          [
            91.809989,
            26.129847
          ],
          [
            91.809562,
            26.130171
          ],
          [
            91.808967,
            26.130659
          ],
          [
            91.808376,
            26.131129
          ],
          [
            91.808164,
            26.131302
          ],
          [
            91.80812,
            26.131336
          ],
          [
            91.808063,
            26.131378
          ],
          [
            91.807992,
            26.131431
          ],
          [
            91.807871,
            26.131527
          ],
          [
            91.80757,
            26.131762
          ],
          [
            91.807306,
            26.131959
          ],
          [
            91.807094,
            26.132121
          ],
          [
            91.805475,
            26.133446
          ],
          [
            91.805433,
            26.133541
          ]
        ]
      }
    },
    {
      "type": "Feature",
      "id": "RE-OSM-0136",
      "properties": {
        "id": "RE-OSM-0136",
        "name": "Secondary Road",
        "osmId": 405840606,
        "highway": "secondary",
        "distanceToHotspotM": 781.9,
        "nearestHotspot": "Khanapara Basin",
        "riskNow": "NORMAL",
        "riskPlus1Hr": "MODERATE"
      },
      "geometry": {
        "type": "LineString",
        "coordinates": [
          [
            91.808039,
            26.13165
          ],
          [
            91.808365,
            26.131837
          ],
          [
            91.808558,
            26.131947
          ],
          [
            91.808663,
            26.131996
          ],
          [
            91.809172,
            26.132197
          ],
          [
            91.809579,
            26.132332
          ],
          [
            91.809757,
            26.13239
          ],
          [
            91.810013,
            26.132439
          ],
          [
            91.810565,
            26.132501
          ],
          [
            91.810692,
            26.132515
          ],
          [
            91.811349,
            26.132533
          ],
          [
            91.811838,
            26.132528
          ],
          [
            91.811962,
            26.132481
          ]
        ]
      }
    },
    {
      "type": "Feature",
      "id": "RE-OSM-0137",
      "properties": {
        "id": "RE-OSM-0137",
        "name": "Panjabari Flyover",
        "osmId": 405840607,
        "highway": "secondary",
        "distanceToHotspotM": 774.9,
        "nearestHotspot": "Khanapara Basin",
        "riskNow": "NORMAL",
        "riskPlus1Hr": "MODERATE"
      },
      "geometry": {
        "type": "LineString",
        "coordinates": [
          [
            91.811947,
            26.132407
          ],
          [
            91.811685,
            26.132462
          ]
        ]
      }
    },
    {
      "type": "Feature",
      "id": "RE-OSM-0138",
      "properties": {
        "id": "RE-OSM-0138",
        "name": "Panjabari Road",
        "osmId": 405840610,
        "highway": "secondary",
        "distanceToHotspotM": 756.4,
        "nearestHotspot": "Khanapara Basin",
        "riskNow": "NORMAL",
        "riskPlus1Hr": "MODERATE"
      },
      "geometry": {
        "type": "LineString",
        "coordinates": [
          [
            91.833448,
            26.13379
          ],
          [
            91.833453,
            26.133767
          ],
          [
            91.833454,
            26.133745
          ],
          [
            91.833437,
            26.133719
          ],
          [
            91.833316,
            26.133618
          ],
          [
            91.833013,
            26.133398
          ],
          [
            91.832952,
            26.133362
          ],
          [
            91.832719,
            26.133249
          ],
          [
            91.832597,
            26.133209
          ],
          [
            91.832525,
            26.133198
          ],
          [
            91.832455,
            26.133192
          ],
          [
            91.832106,
            26.133176
          ],
          [
            91.831531,
            26.13315
          ],
          [
            91.830625,
            26.133136
          ],
          [
            91.830543,
            26.133133
          ],
          [
            91.830243,
            26.133123
          ],
          [
            91.829377,
            26.133099
          ],
          [
            91.828841,
            26.13307
          ],
          [
            91.828367,
            26.133003
          ],
          [
            91.827603,
            26.132907
          ],
          [
            91.827483,
            26.132892
          ],
          [
            91.826871,
            26.13282
          ],
          [
            91.826713,
            26.132814
          ],
          [
            91.826656,
            26.132811
          ],
          [
            91.82655,
            26.132821
          ],
          [
            91.826448,
            26.132837
          ],
          [
            91.826277,
            26.132881
          ],
          [
            91.825931,
            26.132997
          ],
          [
            91.825767,
            26.133058
          ],
          [
            91.825611,
            26.133123
          ],
          [
            91.824923,
            26.133489
          ],
          [
            91.824764,
            26.133568
          ],
          [
            91.824702,
            26.133581
          ],
          [
            91.824631,
            26.133582
          ],
          [
            91.82432,
            26.133564
          ],
          [
            91.82378,
            26.133529
          ],
          [
            91.823367,
            26.133502
          ],
          [
            91.822493,
            26.133439
          ],
          [
            91.822398,
            26.133432
          ],
          [
            91.821954,
            26.133405
          ],
          [
            91.821918,
            26.133403
          ],
          [
            91.821578,
            26.133383
          ],
          [
            91.821535,
            26.133381
          ],
          [
            91.821455,
            26.133378
          ],
          [
            91.821146,
            26.13336
          ],
          [
            91.821089,
            26.133357
          ],
          [
            91.819761,
            26.133269
          ],
          [
            91.819396,
            26.133245
          ],
          [
            91.819339,
            26.133242
          ],
          [
            91.819241,
            26.133235
          ],
          [
            91.817962,
            26.133129
          ],
          [
            91.817931,
            26.133126
          ],
          [
            91.817365,
            26.133086
          ],
          [
            91.817336,
            26.133084
          ],
          [
            91.815471,
            26.132901
          ],
          [
            91.815449,
            26.132899
          ],
          [
            91.814771,
            26.132825
          ],
          [
            91.814316,
            26.132775
          ],
          [
            91.813744,
            26.132713
          ],
          [
            91.812963,
            26.132617
          ],
          [
            91.812632,
            26.13257
          ],
          [
            91.812609,
            26.132567
          ],
          [
            91.812547,
            26.132556
          ],
          [
            91.812396,
            26.132497
          ],
          [
            91.812279,
            26.132463
          ],
          [
            91.812113,
            26.132426
          ],
          [
            91.812027,
            26.132411
          ],
          [
            91.811947,
            26.132407
          ]
        ]
      }
    },
    {
      "type": "Feature",
      "id": "RE-OSM-0139",
      "properties": {
        "id": "RE-OSM-0139",
        "name": "Panjabari Flyover",
        "osmId": 407995792,
        "highway": "secondary",
        "distanceToHotspotM": 910.5,
        "nearestHotspot": "Khanapara Basin",
        "riskNow": "NORMAL",
        "riskPlus1Hr": "MODERATE"
      },
      "geometry": {
        "type": "LineString",
        "coordinates": [
          [
            91.80824,
            26.131651
          ],
          [
            91.808205,
            26.131596
          ],
          [
            91.808191,
            26.131448
          ]
        ]
      }
    },
    {
      "type": "Feature",
      "id": "RE-OSM-0140",
      "properties": {
        "id": "RE-OSM-0140",
        "name": "Panjabari Flyover",
        "osmId": 407995793,
        "highway": "secondary",
        "distanceToHotspotM": 791.1,
        "nearestHotspot": "Khanapara Basin",
        "riskNow": "NORMAL",
        "riskPlus1Hr": "MODERATE"
      },
      "geometry": {
        "type": "LineString",
        "coordinates": [
          [
            91.808369,
            26.131748
          ],
          [
            91.808514,
            26.131847
          ],
          [
            91.808614,
            26.1319
          ],
          [
            91.80874,
            26.131955
          ],
          [
            91.808934,
            26.132034
          ],
          [
            91.809258,
            26.132163
          ],
          [
            91.809494,
            26.13225
          ],
          [
            91.80973,
            26.132316
          ],
          [
            91.810043,
            26.132384
          ],
          [
            91.810427,
            26.132423
          ],
          [
            91.810956,
            26.132451
          ],
          [
            91.811335,
            26.132462
          ],
          [
            91.811685,
            26.132462
          ]
        ]
      }
    },
    {
      "type": "Feature",
      "id": "RE-OSM-0141",
      "properties": {
        "id": "RE-OSM-0141",
        "name": "Mahapurush Srimanta Sankardeva Path",
        "osmId": 421591816,
        "highway": "primary_link",
        "distanceToHotspotM": 580.7,
        "nearestHotspot": "Khanapara Basin",
        "riskNow": "MODERATE",
        "riskPlus1Hr": "HIGH RISK"
      },
      "geometry": {
        "type": "LineString",
        "coordinates": [
          [
            91.808039,
            26.13165
          ],
          [
            91.808295,
            26.131451
          ],
          [
            91.80852,
            26.131278
          ],
          [
            91.810401,
            26.129728
          ],
          [
            91.810655,
            26.129539
          ],
          [
            91.810661,
            26.129477
          ]
        ]
      }
    },
    {
      "type": "Feature",
      "id": "RE-OSM-0142",
      "properties": {
        "id": "RE-OSM-0142",
        "name": "Sixmile Flyover",
        "osmId": 421591821,
        "highway": "primary",
        "distanceToHotspotM": 608.0,
        "nearestHotspot": "Khanapara Basin",
        "riskNow": "MODERATE",
        "riskPlus1Hr": "HIGH RISK"
      },
      "geometry": {
        "type": "LineString",
        "coordinates": [
          [
            91.806774,
            26.132558
          ],
          [
            91.807218,
            26.132203
          ],
          [
            91.80799,
            26.131604
          ],
          [
            91.808191,
            26.131448
          ],
          [
            91.808232,
            26.131415
          ],
          [
            91.808333,
            26.131337
          ],
          [
            91.809331,
            26.130513
          ],
          [
            91.810419,
            26.129662
          ],
          [
            91.810453,
            26.129637
          ]
        ]
      }
    },
    {
      "type": "Feature",
      "id": "RE-OSM-0143",
      "properties": {
        "id": "RE-OSM-0143",
        "name": "Sixmile Flyover",
        "osmId": 421591822,
        "highway": "primary",
        "distanceToHotspotM": 606.1,
        "nearestHotspot": "Khanapara Basin",
        "riskNow": "MODERATE",
        "riskPlus1Hr": "HIGH RISK"
      },
      "geometry": {
        "type": "LineString",
        "coordinates": [
          [
            91.810412,
            26.129571
          ],
          [
            91.809278,
            26.13047
          ],
          [
            91.808427,
            26.131174
          ],
          [
            91.807898,
            26.131582
          ],
          [
            91.807508,
            26.131884
          ],
          [
            91.806718,
            26.132502
          ]
        ]
      }
    },
    {
      "type": "Feature",
      "id": "RE-OSM-0144",
      "properties": {
        "id": "RE-OSM-0144",
        "name": "Mahapurush Srimanta Sankardeva Path",
        "osmId": 421591826,
        "highway": "primary",
        "distanceToHotspotM": 143.5,
        "nearestHotspot": "Rukminigaon",
        "riskNow": "HIGH RISK",
        "riskPlus1Hr": "BLOCKED"
      },
      "geometry": {
        "type": "LineString",
        "coordinates": [
          [
            91.805433,
            26.133541
          ],
          [
            91.804924,
            26.13394
          ],
          [
            91.804558,
            26.134227
          ],
          [
            91.803111,
            26.135362
          ],
          [
            91.802053,
            26.136204
          ],
          [
            91.8017,
            26.136477
          ],
          [
            91.801682,
            26.136488
          ],
          [
            91.80024,
            26.137652
          ],
          [
            91.79909,
            26.138501
          ],
          [
            91.798855,
            26.13868
          ],
          [
            91.798699,
            26.138805
          ],
          [
            91.798564,
            26.138914
          ],
          [
            91.798344,
            26.139098
          ],
          [
            91.798247,
            26.139178
          ],
          [
            91.798212,
            26.139205
          ],
          [
            91.797552,
            26.139716
          ],
          [
            91.796795,
            26.140324
          ]
        ]
      }
    },
    {
      "type": "Feature",
      "id": "RE-OSM-0145",
      "properties": {
        "id": "RE-OSM-0145",
        "name": "G.N.B Road",
        "osmId": 461949860,
        "highway": "secondary",
        "distanceToHotspotM": 1793.7,
        "nearestHotspot": "Ulubari",
        "riskNow": "NORMAL",
        "riskPlus1Hr": "NORMAL"
      },
      "geometry": {
        "type": "LineString",
        "coordinates": [
          [
            91.754515,
            26.185245
          ],
          [
            91.755758,
            26.185131
          ],
          [
            91.75641,
            26.185107
          ],
          [
            91.75652,
            26.185122
          ],
          [
            91.75657,
            26.185141
          ],
          [
            91.756616,
            26.185167
          ]
        ]
      }
    },
    {
      "type": "Feature",
      "id": "RE-OSM-0146",
      "properties": {
        "id": "RE-OSM-0146",
        "name": "Secondary Road",
        "osmId": 461949861,
        "highway": "secondary",
        "distanceToHotspotM": 1760.5,
        "nearestHotspot": "Ulubari",
        "riskNow": "NORMAL",
        "riskPlus1Hr": "NORMAL"
      },
      "geometry": {
        "type": "LineString",
        "coordinates": [
          [
            91.75696,
            26.185196
          ],
          [
            91.756998,
            26.185138
          ],
          [
            91.757011,
            26.185106
          ],
          [
            91.757001,
            26.185014
          ],
          [
            91.756971,
            26.184961
          ],
          [
            91.756925,
            26.184918
          ],
          [
            91.756907,
            26.18491
          ],
          [
            91.756866,
            26.184891
          ],
          [
            91.756801,
            26.184882
          ],
          [
            91.756735,
            26.184891
          ],
          [
            91.756678,
            26.184916
          ],
          [
            91.756631,
            26.184956
          ],
          [
            91.756601,
            26.185005
          ],
          [
            91.756588,
            26.185059
          ],
          [
            91.756593,
            26.185115
          ],
          [
            91.756616,
            26.185167
          ],
          [
            91.756649,
            26.185206
          ],
          [
            91.756674,
            26.185228
          ],
          [
            91.756747,
            26.185256
          ],
          [
            91.756805,
            26.185262
          ],
          [
            91.756863,
            26.185253
          ],
          [
            91.756916,
            26.185231
          ],
          [
            91.75696,
            26.185196
          ]
        ]
      }
    },
    {
      "type": "Feature",
      "id": "RE-OSM-0147",
      "properties": {
        "id": "RE-OSM-0147",
        "name": "Tertiary Road",
        "osmId": 461949945,
        "highway": "tertiary",
        "distanceToHotspotM": 1871.0,
        "nearestHotspot": "Ulubari",
        "riskNow": "NORMAL",
        "riskPlus1Hr": "NORMAL"
      },
      "geometry": {
        "type": "LineString",
        "coordinates": [
          [
            91.748441,
            26.18803
          ],
          [
            91.748774,
            26.187051
          ],
          [
            91.749128,
            26.186014
          ],
          [
            91.749158,
            26.185925
          ],
          [
            91.749714,
            26.184104
          ],
          [
            91.75001,
            26.183133
          ],
          [
            91.749409,
            26.183054
          ],
          [
            91.749245,
            26.18309
          ],
          [
            91.74906,
            26.183131
          ],
          [
            91.748795,
            26.183175
          ],
          [
            91.748513,
            26.18309
          ],
          [
            91.748245,
            26.182915
          ],
          [
            91.748143,
            26.182799
          ],
          [
            91.748021,
            26.182739
          ]
        ]
      }
    },
    {
      "type": "Feature",
      "id": "RE-OSM-0148",
      "properties": {
        "id": "RE-OSM-0148",
        "name": "Embankment Rd",
        "osmId": 479206974,
        "highway": "tertiary",
        "distanceToHotspotM": 954.3,
        "nearestHotspot": "Hatigaon - Bhetapara",
        "riskNow": "NORMAL",
        "riskPlus1Hr": "MODERATE"
      },
      "geometry": {
        "type": "LineString",
        "coordinates": [
          [
            91.779177,
            26.124734
          ],
          [
            91.778446,
            26.125
          ],
          [
            91.777329,
            26.125404
          ],
          [
            91.776946,
            26.125546
          ],
          [
            91.776647,
            26.125642
          ],
          [
            91.77624,
            26.125773
          ],
          [
            91.775834,
            26.125902
          ],
          [
            91.774938,
            26.12612
          ],
          [
            91.774045,
            26.126339
          ],
          [
            91.772799,
            26.126638
          ],
          [
            91.772233,
            26.126797
          ],
          [
            91.771435,
            26.127014
          ],
          [
            91.77107,
            26.127126
          ],
          [
            91.770193,
            26.127395
          ],
          [
            91.768986,
            26.127738
          ],
          [
            91.767811,
            26.128303
          ],
          [
            91.76755,
            26.128396
          ],
          [
            91.766824,
            26.1288
          ],
          [
            91.766408,
            26.129015
          ],
          [
            91.76622,
            26.129113
          ],
          [
            91.765905,
            26.129267
          ],
          [
            91.765368,
            26.129531
          ],
          [
            91.7651,
            26.129655
          ],
          [
            91.764585,
            26.129652
          ],
          [
            91.764157,
            26.129524
          ],
          [
            91.763913,
            26.129278
          ]
        ]
      }
    },
    {
      "type": "Feature",
      "id": "RE-OSM-0149",
      "properties": {
        "id": "RE-OSM-0149",
        "name": "Tertiary Road",
        "osmId": 497502697,
        "highway": "tertiary",
        "distanceToHotspotM": 2162.8,
        "nearestHotspot": "Hatigaon - Bhetapara",
        "riskNow": "NORMAL",
        "riskPlus1Hr": "NORMAL"
      },
      "geometry": {
        "type": "LineString",
        "coordinates": [
          [
            91.789281,
            26.114068
          ],
          [
            91.789288,
            26.11413
          ],
          [
            91.789219,
            26.114341
          ],
          [
            91.789159,
            26.114595
          ],
          [
            91.789135,
            26.11477
          ],
          [
            91.78912,
            26.114838
          ],
          [
            91.789087,
            26.11498
          ],
          [
            91.788968,
            26.115293
          ],
          [
            91.788763,
            26.115782
          ],
          [
            91.788738,
            26.115915
          ],
          [
            91.788754,
            26.115974
          ],
          [
            91.788775,
            26.116021
          ],
          [
            91.788575,
            26.116162
          ],
          [
            91.788419,
            26.116216
          ],
          [
            91.788272,
            26.116194
          ],
          [
            91.787966,
            26.116145
          ],
          [
            91.787736,
            26.116108
          ],
          [
            91.787588,
            26.116085
          ],
          [
            91.787441,
            26.116061
          ],
          [
            91.787134,
            26.115968
          ],
          [
            91.787058,
            26.115945
          ]
        ]
      }
    },
    {
      "type": "Feature",
      "id": "RE-OSM-0150",
      "properties": {
        "id": "RE-OSM-0150",
        "name": "Tertiary Road",
        "osmId": 497502701,
        "highway": "tertiary",
        "distanceToHotspotM": 2384.2,
        "nearestHotspot": "Hatigaon - Bhetapara",
        "riskNow": "NORMAL",
        "riskPlus1Hr": "NORMAL"
      },
      "geometry": {
        "type": "LineString",
        "coordinates": [
          [
            91.791068,
            26.115072
          ],
          [
            91.790988,
            26.115061
          ],
          [
            91.790901,
            26.115045
          ],
          [
            91.790772,
            26.115029
          ],
          [
            91.790519,
            26.114905
          ],
          [
            91.789995,
            26.11464
          ],
          [
            91.789872,
            26.114618
          ],
          [
            91.789609,
            26.1146
          ],
          [
            91.789397,
            26.114575
          ],
          [
            91.789267,
            26.114578
          ],
          [
            91.789159,
            26.114595
          ]
        ]
      }
    },
    {
      "type": "Feature",
      "id": "RE-OSM-0151",
      "properties": {
        "id": "RE-OSM-0151",
        "name": "Tertiary Road",
        "osmId": 497502704,
        "highway": "tertiary",
        "distanceToHotspotM": 2425.1,
        "nearestHotspot": "Hatigaon - Bhetapara",
        "riskNow": "NORMAL",
        "riskPlus1Hr": "NORMAL"
      },
      "geometry": {
        "type": "LineString",
        "coordinates": [
          [
            91.791193,
            26.115124
          ],
          [
            91.791068,
            26.115072
          ]
        ]
      }
    },
    {
      "type": "Feature",
      "id": "RE-OSM-0152",
      "properties": {
        "id": "RE-OSM-0152",
        "name": "GMC Link Road",
        "osmId": 497502726,
        "highway": "tertiary",
        "distanceToHotspotM": 259.6,
        "nearestHotspot": "GS Road (Bhangagarh)",
        "riskNow": "HIGH RISK",
        "riskPlus1Hr": "BLOCKED"
      },
      "geometry": {
        "type": "LineString",
        "coordinates": [
          [
            91.771478,
            26.144343
          ],
          [
            91.771472,
            26.144385
          ],
          [
            91.771422,
            26.144762
          ],
          [
            91.771312,
            26.145249
          ],
          [
            91.771184,
            26.145572
          ],
          [
            91.771148,
            26.145661
          ],
          [
            91.771065,
            26.145988
          ],
          [
            91.771079,
            26.146072
          ],
          [
            91.771122,
            26.146144
          ],
          [
            91.771191,
            26.146181
          ],
          [
            91.771387,
            26.146231
          ],
          [
            91.771401,
            26.146248
          ],
          [
            91.771435,
            26.146291
          ],
          [
            91.771425,
            26.146578
          ],
          [
            91.771433,
            26.146799
          ],
          [
            91.77147,
            26.146922
          ],
          [
            91.771516,
            26.147006
          ],
          [
            91.771693,
            26.147257
          ],
          [
            91.77172,
            26.147351
          ],
          [
            91.771731,
            26.147423
          ],
          [
            91.771773,
            26.147485
          ],
          [
            91.771929,
            26.147599
          ],
          [
            91.772122,
            26.147839
          ],
          [
            91.772283,
            26.147929
          ],
          [
            91.772441,
            26.148018
          ],
          [
            91.772619,
            26.148135
          ],
          [
            91.772653,
            26.148157
          ],
          [
            91.772731,
            26.148181
          ],
          [
            91.772873,
            26.148177
          ],
          [
            91.772972,
            26.148205
          ],
          [
            91.773029,
            26.148258
          ],
          [
            91.773058,
            26.148343
          ],
          [
            91.773037,
            26.148983
          ],
          [
            91.772932,
            26.149342
          ],
          [
            91.772879,
            26.149395
          ],
          [
            91.772806,
            26.149404
          ],
          [
            91.772358,
            26.149248
          ],
          [
            91.772216,
            26.149226
          ],
          [
            91.772117,
            26.149238
          ],
          [
            91.772091,
            26.14925
          ],
          [
            91.772007,
            26.149289
          ],
          [
            91.771802,
            26.149434
          ],
          [
            91.771771,
            26.149455
          ],
          [
            91.77168,
            26.14952
          ],
          [
            91.77111,
            26.149911
          ],
          [
            91.771065,
            26.149941
          ],
          [
            91.770819,
            26.150058
          ],
          [
            91.770636,
            26.150144
          ],
          [
            91.770447,
            26.150207
          ],
          [
            91.770312,
            26.150252
          ],
          [
            91.769448,
            26.150392
          ],
          [
            91.768804,
            26.150464
          ],
          [
            91.768692,
            26.150517
          ],
          [
            91.768418,
            26.150712
          ],
          [
            91.768112,
            26.150965
          ],
          [
            91.768048,
            26.151046
          ],
          [
            91.76801,
            26.151165
          ],
          [
            91.768005,
            26.151629
          ],
          [
            91.767994,
            26.151721
          ],
          [
            91.767965,
            26.151774
          ],
          [
            91.7679,
            26.151815
          ],
          [
            91.767831,
            26.151841
          ],
          [
            91.767495,
            26.151887
          ],
          [
            91.766922,
            26.151957
          ],
          [
            91.766837,
            26.152054
          ],
          [
            91.766788,
            26.152133
          ],
          [
            91.766766,
            26.152255
          ],
          [
            91.766889,
            26.152573
          ],
          [
            91.766932,
            26.15265
          ],
          [
            91.766969,
            26.152742
          ],
          [
            91.766788,
            26.152985
          ],
          [
            91.766766,
            26.153103
          ],
          [
            91.76681,
            26.153156
          ],
          [
            91.767076,
            26.153242
          ],
          [
            91.767349,
            26.153296
          ],
          [
            91.76789,
            26.153359
          ],
          [
            91.767943,
            26.153384
          ],
          [
            91.767921,
            26.153439
          ],
          [
            91.767747,
            26.153575
          ],
          [
            91.767581,
            26.153704
          ],
          [
            91.767482,
            26.153823
          ],
          [
            91.767427,
            26.153947
          ],
          [
            91.767417,
            26.15401
          ],
          [
            91.767429,
            26.154111
          ],
          [
            91.767472,
            26.154183
          ],
          [
            91.767627,
            26.154245
          ],
          [
            91.767871,
            26.154268
          ],
          [
            91.768225,
            26.15422
          ],
          [
            91.768541,
            26.154157
          ],
          [
            91.768745,
            26.154157
          ],
          [
            91.768944,
            26.15422
          ],
          [
            91.769115,
            26.154311
          ],
          [
            91.769252,
            26.154439
          ],
          [
            91.769343,
            26.154569
          ],
          [
            91.769472,
            26.154812
          ],
          [
            91.769492,
            26.15492
          ],
          [
            91.769512,
            26.155029
          ],
          [
            91.76963,
            26.15511
          ],
          [
            91.770081,
            26.155173
          ],
          [
            91.770607,
            26.155192
          ],
          [
            91.770875,
            26.155149
          ]
        ]
      }
    },
    {
      "type": "Feature",
      "id": "RE-OSM-0153",
      "properties": {
        "id": "RE-OSM-0153",
        "name": "Secondary Road",
        "osmId": 497520981,
        "highway": "secondary",
        "distanceToHotspotM": 897.2,
        "nearestHotspot": "Bharalumukh",
        "riskNow": "NORMAL",
        "riskPlus1Hr": "MODERATE"
      },
      "geometry": {
        "type": "LineString",
        "coordinates": [
          [
            91.736663,
            26.167957
          ],
          [
            91.736669,
            26.168087
          ],
          [
            91.736583,
            26.168275
          ],
          [
            91.736492,
            26.16852
          ],
          [
            91.736422,
            26.168946
          ],
          [
            91.736392,
            26.169649
          ],
          [
            91.736376,
            26.17002
          ],
          [
            91.736356,
            26.170358
          ],
          [
            91.736293,
            26.171435
          ],
          [
            91.73627,
            26.17177
          ],
          [
            91.736146,
            26.173568
          ],
          [
            91.736132,
            26.173824
          ],
          [
            91.736111,
            26.174024
          ],
          [
            91.736105,
            26.17408
          ],
          [
            91.736028,
            26.174751
          ],
          [
            91.736019,
            26.174824
          ],
          [
            91.736003,
            26.174906
          ],
          [
            91.735993,
            26.175472
          ],
          [
            91.735949,
            26.175655
          ],
          [
            91.735912,
            26.175806
          ],
          [
            91.735844,
            26.176035
          ],
          [
            91.735824,
            26.176102
          ],
          [
            91.735637,
            26.17633
          ],
          [
            91.734978,
            26.17698
          ],
          [
            91.734723,
            26.177252
          ],
          [
            91.733997,
            26.177954
          ]
        ]
      }
    },
    {
      "type": "Feature",
      "id": "RE-OSM-0154",
      "properties": {
        "id": "RE-OSM-0154",
        "name": "Secondary Road",
        "osmId": 497520982,
        "highway": "secondary",
        "distanceToHotspotM": 1186.9,
        "nearestHotspot": "Bharalumukh",
        "riskNow": "NORMAL",
        "riskPlus1Hr": "MODERATE"
      },
      "geometry": {
        "type": "LineString",
        "coordinates": [
          [
            91.736663,
            26.16768
          ],
          [
            91.736663,
            26.167957
          ]
        ]
      }
    },
    {
      "type": "Feature",
      "id": "RE-OSM-0155",
      "properties": {
        "id": "RE-OSM-0155",
        "name": "Tertiary Road",
        "osmId": 497520984,
        "highway": "tertiary",
        "distanceToHotspotM": 1635.4,
        "nearestHotspot": "Bharalumukh",
        "riskNow": "NORMAL",
        "riskPlus1Hr": "NORMAL"
      },
      "geometry": {
        "type": "LineString",
        "coordinates": [
          [
            91.742012,
            26.167626
          ],
          [
            91.742027,
            26.167823
          ],
          [
            91.742063,
            26.167932
          ],
          [
            91.742084,
            26.167998
          ],
          [
            91.74203,
            26.168537
          ],
          [
            91.742045,
            26.168669
          ],
          [
            91.742073,
            26.168922
          ],
          [
            91.742223,
            26.169124
          ],
          [
            91.742689,
            26.169631
          ]
        ]
      }
    },
    {
      "type": "Feature",
      "id": "RE-OSM-0156",
      "properties": {
        "id": "RE-OSM-0156",
        "name": "Tertiary Road",
        "osmId": 497520985,
        "highway": "tertiary",
        "distanceToHotspotM": 1680.2,
        "nearestHotspot": "Bharalumukh",
        "riskNow": "NORMAL",
        "riskPlus1Hr": "NORMAL"
      },
      "geometry": {
        "type": "LineString",
        "coordinates": [
          [
            91.741966,
            26.167432
          ],
          [
            91.742012,
            26.167626
          ]
        ]
      }
    },
    {
      "type": "Feature",
      "id": "RE-OSM-0157",
      "properties": {
        "id": "RE-OSM-0157",
        "name": "Primary Road",
        "osmId": 497520988,
        "highway": "primary",
        "distanceToHotspotM": 1263.7,
        "nearestHotspot": "Ulubari",
        "riskNow": "NORMAL",
        "riskPlus1Hr": "MODERATE"
      },
      "geometry": {
        "type": "LineString",
        "coordinates": [
          [
            91.750593,
            26.178639
          ],
          [
            91.750584,
            26.178398
          ],
          [
            91.750537,
            26.178214
          ],
          [
            91.75048,
            26.177992
          ],
          [
            91.749933,
            26.175846
          ],
          [
            91.749794,
            26.175274
          ],
          [
            91.749782,
            26.175226
          ],
          [
            91.749688,
            26.174837
          ],
          [
            91.749675,
            26.174786
          ],
          [
            91.749666,
            26.174748
          ],
          [
            91.749289,
            26.173824
          ],
          [
            91.74925,
            26.17375
          ],
          [
            91.749146,
            26.173575
          ],
          [
            91.749042,
            26.173354
          ],
          [
            91.748713,
            26.172607
          ],
          [
            91.748386,
            26.171979
          ],
          [
            91.748329,
            26.17187
          ],
          [
            91.748288,
            26.171787
          ]
        ]
      }
    },
    {
      "type": "Feature",
      "id": "RE-OSM-0158",
      "properties": {
        "id": "RE-OSM-0158",
        "name": "Primary Road",
        "osmId": 497520989,
        "highway": "primary",
        "distanceToHotspotM": 1445.4,
        "nearestHotspot": "Ulubari",
        "riskNow": "NORMAL",
        "riskPlus1Hr": "NORMAL"
      },
      "geometry": {
        "type": "LineString",
        "coordinates": [
          [
            91.746441,
            26.168498
          ],
          [
            91.746546,
            26.168677
          ]
        ]
      }
    },
    {
      "type": "Feature",
      "id": "RE-OSM-0159",
      "properties": {
        "id": "RE-OSM-0159",
        "name": "Tertiary Road",
        "osmId": 497520990,
        "highway": "tertiary",
        "distanceToHotspotM": 873.3,
        "nearestHotspot": "Ulubari",
        "riskNow": "NORMAL",
        "riskPlus1Hr": "MODERATE"
      },
      "geometry": {
        "type": "LineString",
        "coordinates": [
          [
            91.752354,
            26.168018
          ],
          [
            91.75238,
            26.168144
          ]
        ]
      }
    },
    {
      "type": "Feature",
      "id": "RE-OSM-0160",
      "properties": {
        "id": "RE-OSM-0160",
        "name": "Tertiary Road",
        "osmId": 497520991,
        "highway": "tertiary",
        "distanceToHotspotM": 878.4,
        "nearestHotspot": "Ulubari",
        "riskNow": "NORMAL",
        "riskPlus1Hr": "MODERATE"
      },
      "geometry": {
        "type": "LineString",
        "coordinates": [
          [
            91.752343,
            26.167757
          ],
          [
            91.752354,
            26.168018
          ]
        ]
      }
    },
    {
      "type": "Feature",
      "id": "RE-OSM-0161",
      "properties": {
        "id": "RE-OSM-0161",
        "name": "Tertiary_link Road",
        "osmId": 497524496,
        "highway": "tertiary_link",
        "distanceToHotspotM": 1370.8,
        "nearestHotspot": "Khanapara Basin",
        "riskNow": "NORMAL",
        "riskPlus1Hr": "NORMAL"
      },
      "geometry": {
        "type": "LineString",
        "coordinates": [
          [
            91.801623,
            26.123223
          ],
          [
            91.801622,
            26.123161
          ]
        ]
      }
    },
    {
      "type": "Feature",
      "id": "RE-OSM-0162",
      "properties": {
        "id": "RE-OSM-0162",
        "name": "Tertiary Road",
        "osmId": 497524502,
        "highway": "tertiary",
        "distanceToHotspotM": 1658.1,
        "nearestHotspot": "Hatigaon - Bhetapara",
        "riskNow": "NORMAL",
        "riskPlus1Hr": "NORMAL"
      },
      "geometry": {
        "type": "LineString",
        "coordinates": [
          [
            91.770365,
            26.121263
          ],
          [
            91.770233,
            26.121319
          ],
          [
            91.770076,
            26.121385
          ],
          [
            91.769503,
            26.121575
          ],
          [
            91.769459,
            26.12159
          ],
          [
            91.769276,
            26.121648
          ],
          [
            91.769129,
            26.121694
          ],
          [
            91.769103,
            26.121726
          ],
          [
            91.76907,
            26.121766
          ],
          [
            91.769043,
            26.121886
          ],
          [
            91.76903,
            26.122033
          ],
          [
            91.768968,
            26.122101
          ],
          [
            91.768783,
            26.12219
          ],
          [
            91.768748,
            26.122196
          ],
          [
            91.768657,
            26.122214
          ],
          [
            91.768407,
            26.122207
          ],
          [
            91.768265,
            26.122235
          ],
          [
            91.767943,
            26.122351
          ],
          [
            91.767755,
            26.12238
          ],
          [
            91.767576,
            26.122402
          ],
          [
            91.767559,
            26.122405
          ],
          [
            91.76715,
            26.122449
          ],
          [
            91.766852,
            26.122481
          ],
          [
            91.766691,
            26.122467
          ],
          [
            91.766473,
            26.122411
          ],
          [
            91.76635,
            26.122407
          ],
          [
            91.765634,
            26.122546
          ],
          [
            91.765502,
            26.122567
          ],
          [
            91.76524,
            26.122609
          ],
          [
            91.765092,
            26.122633
          ],
          [
            91.764719,
            26.122693
          ],
          [
            91.764266,
            26.122727
          ],
          [
            91.764094,
            26.122772
          ],
          [
            91.763933,
            26.122845
          ],
          [
            91.763751,
            26.122885
          ],
          [
            91.763614,
            26.122915
          ],
          [
            91.763552,
            26.122929
          ],
          [
            91.763413,
            26.122987
          ],
          [
            91.763273,
            26.123074
          ],
          [
            91.763053,
            26.123168
          ],
          [
            91.762994,
            26.123188
          ],
          [
            91.762732,
            26.123276
          ],
          [
            91.76253,
            26.123437
          ],
          [
            91.762476,
            26.123492
          ],
          [
            91.762329,
            26.123637
          ],
          [
            91.762281,
            26.123711
          ],
          [
            91.762262,
            26.123741
          ],
          [
            91.762174,
            26.123791
          ],
          [
            91.762032,
            26.123822
          ],
          [
            91.761905,
            26.123801
          ],
          [
            91.76178,
            26.123767
          ],
          [
            91.761608,
            26.123767
          ],
          [
            91.761278,
            26.123806
          ],
          [
            91.761147,
            26.123859
          ],
          [
            91.76107,
            26.123865
          ]
        ]
      }
    },
    {
      "type": "Feature",
      "id": "RE-OSM-0163",
      "properties": {
        "id": "RE-OSM-0163",
        "name": "Tertiary Road",
        "osmId": 497524503,
        "highway": "tertiary",
        "distanceToHotspotM": 2011.7,
        "nearestHotspot": "Hatigaon - Bhetapara",
        "riskNow": "NORMAL",
        "riskPlus1Hr": "NORMAL"
      },
      "geometry": {
        "type": "LineString",
        "coordinates": [
          [
            91.76098,
            26.119633
          ],
          [
            91.761036,
            26.11993
          ],
          [
            91.761081,
            26.120345
          ],
          [
            91.761095,
            26.120486
          ],
          [
            91.761085,
            26.120557
          ],
          [
            91.761046,
            26.120675
          ],
          [
            91.760989,
            26.120838
          ],
          [
            91.760977,
            26.12091
          ],
          [
            91.760976,
            26.120972
          ],
          [
            91.760982,
            26.121024
          ],
          [
            91.760989,
            26.121063
          ],
          [
            91.761104,
            26.121562
          ],
          [
            91.761107,
            26.12166
          ],
          [
            91.761108,
            26.121724
          ],
          [
            91.761098,
            26.121777
          ],
          [
            91.761076,
            26.121929
          ],
          [
            91.76099,
            26.1222
          ],
          [
            91.76092,
            26.122473
          ],
          [
            91.760908,
            26.12254
          ],
          [
            91.760907,
            26.12265
          ],
          [
            91.760971,
            26.123235
          ],
          [
            91.76107,
            26.123865
          ],
          [
            91.761132,
            26.124372
          ],
          [
            91.761172,
            26.124836
          ],
          [
            91.761238,
            26.125456
          ],
          [
            91.760773,
            26.125464
          ],
          [
            91.760266,
            26.125487
          ],
          [
            91.759982,
            26.125513
          ],
          [
            91.759591,
            26.125547
          ],
          [
            91.759568,
            26.125617
          ],
          [
            91.759566,
            26.12567
          ],
          [
            91.759577,
            26.125739
          ],
          [
            91.759603,
            26.125833
          ],
          [
            91.759692,
            26.126091
          ],
          [
            91.759742,
            26.126232
          ],
          [
            91.759769,
            26.126357
          ],
          [
            91.759773,
            26.126434
          ],
          [
            91.759769,
            26.126479
          ],
          [
            91.759763,
            26.126632
          ]
        ]
      }
    },
    {
      "type": "Feature",
      "id": "RE-OSM-0164",
      "properties": {
        "id": "RE-OSM-0164",
        "name": "Tertiary Road",
        "osmId": 507819474,
        "highway": "tertiary",
        "distanceToHotspotM": 1517.2,
        "nearestHotspot": "Ulubari",
        "riskNow": "NORMAL",
        "riskPlus1Hr": "NORMAL"
      },
      "geometry": {
        "type": "LineString",
        "coordinates": [
          [
            91.745154,
            26.17264
          ],
          [
            91.746664,
            26.174456
          ],
          [
            91.747108,
            26.175044
          ]
        ]
      }
    },
    {
      "type": "Feature",
      "id": "RE-OSM-0165",
      "properties": {
        "id": "RE-OSM-0165",
        "name": "Tertiary Road",
        "osmId": 507819548,
        "highway": "tertiary",
        "distanceToHotspotM": 1619.5,
        "nearestHotspot": "Ulubari",
        "riskNow": "NORMAL",
        "riskPlus1Hr": "NORMAL"
      },
      "geometry": {
        "type": "LineString",
        "coordinates": [
          [
            91.745154,
            26.17264
          ],
          [
            91.74438,
            26.171688
          ],
          [
            91.742689,
            26.169631
          ]
        ]
      }
    },
    {
      "type": "Feature",
      "id": "RE-OSM-0166",
      "properties": {
        "id": "RE-OSM-0166",
        "name": "Tertiary_link Road",
        "osmId": 508338574,
        "highway": "tertiary_link",
        "distanceToHotspotM": 1289.3,
        "nearestHotspot": "Khanapara Basin",
        "riskNow": "NORMAL",
        "riskPlus1Hr": "MODERATE"
      },
      "geometry": {
        "type": "LineString",
        "coordinates": [
          [
            91.802495,
            26.123105
          ],
          [
            91.802493,
            26.123052
          ]
        ]
      }
    },
    {
      "type": "Feature",
      "id": "RE-OSM-0167",
      "properties": {
        "id": "RE-OSM-0167",
        "name": "Tertiary Road",
        "osmId": 508340155,
        "highway": "tertiary",
        "distanceToHotspotM": 923.8,
        "nearestHotspot": "Khanapara Basin",
        "riskNow": "NORMAL",
        "riskPlus1Hr": "MODERATE"
      },
      "geometry": {
        "type": "LineString",
        "coordinates": [
          [
            91.80637,
            26.129184
          ],
          [
            91.806438,
            26.129153
          ]
        ]
      }
    },
    {
      "type": "Feature",
      "id": "RE-OSM-0168",
      "properties": {
        "id": "RE-OSM-0168",
        "name": "Tertiary Road",
        "osmId": 508340345,
        "highway": "tertiary",
        "distanceToHotspotM": 903.3,
        "nearestHotspot": "Khanapara Basin",
        "riskNow": "NORMAL",
        "riskPlus1Hr": "MODERATE"
      },
      "geometry": {
        "type": "LineString",
        "coordinates": [
          [
            91.806841,
            26.129662
          ],
          [
            91.806892,
            26.129604
          ]
        ]
      }
    },
    {
      "type": "Feature",
      "id": "RE-OSM-0169",
      "properties": {
        "id": "RE-OSM-0169",
        "name": "Tertiary Road",
        "osmId": 508340347,
        "highway": "tertiary",
        "distanceToHotspotM": 892.4,
        "nearestHotspot": "Khanapara Basin",
        "riskNow": "NORMAL",
        "riskPlus1Hr": "MODERATE"
      },
      "geometry": {
        "type": "LineString",
        "coordinates": [
          [
            91.807131,
            26.129947
          ],
          [
            91.807185,
            26.129896
          ]
        ]
      }
    },
    {
      "type": "Feature",
      "id": "RE-OSM-0170",
      "properties": {
        "id": "RE-OSM-0170",
        "name": "Tertiary Road",
        "osmId": 508340348,
        "highway": "tertiary",
        "distanceToHotspotM": 873.4,
        "nearestHotspot": "Khanapara Basin",
        "riskNow": "NORMAL",
        "riskPlus1Hr": "MODERATE"
      },
      "geometry": {
        "type": "LineString",
        "coordinates": [
          [
            91.807911,
            26.130725
          ],
          [
            91.80796,
            26.130663
          ]
        ]
      }
    },
    {
      "type": "Feature",
      "id": "RE-OSM-0171",
      "properties": {
        "id": "RE-OSM-0171",
        "name": "M C Road",
        "osmId": 508399298,
        "highway": "tertiary",
        "distanceToHotspotM": 1762.5,
        "nearestHotspot": "Ulubari",
        "riskNow": "NORMAL",
        "riskPlus1Hr": "NORMAL"
      },
      "geometry": {
        "type": "LineString",
        "coordinates": [
          [
            91.758184,
            26.185148
          ],
          [
            91.758106,
            26.185446
          ],
          [
            91.757929,
            26.186322
          ],
          [
            91.757868,
            26.186595
          ],
          [
            91.757748,
            26.187317
          ],
          [
            91.757708,
            26.187591
          ],
          [
            91.757642,
            26.188105
          ],
          [
            91.757519,
            26.188662
          ],
          [
            91.757432,
            26.189134
          ],
          [
            91.757367,
            26.189472
          ],
          [
            91.75716,
            26.190664
          ],
          [
            91.757116,
            26.190852
          ],
          [
            91.757074,
            26.190996
          ]
        ]
      }
    },
    {
      "type": "Feature",
      "id": "RE-OSM-0172",
      "properties": {
        "id": "RE-OSM-0172",
        "name": "Tertiary Road",
        "osmId": 508414105,
        "highway": "tertiary",
        "distanceToHotspotM": 2595.3,
        "nearestHotspot": "Hatigaon - Bhetapara",
        "riskNow": "NORMAL",
        "riskPlus1Hr": "NORMAL"
      },
      "geometry": {
        "type": "LineString",
        "coordinates": [
          [
            91.772579,
            26.111383
          ],
          [
            91.772571,
            26.110943
          ],
          [
            91.772389,
            26.109721
          ],
          [
            91.772356,
            26.109504
          ],
          [
            91.77225,
            26.108799
          ],
          [
            91.771966,
            26.108227
          ],
          [
            91.7718,
            26.107745
          ],
          [
            91.771775,
            26.107543
          ],
          [
            91.771735,
            26.107108
          ]
        ]
      }
    },
    {
      "type": "Feature",
      "id": "RE-OSM-0173",
      "properties": {
        "id": "RE-OSM-0173",
        "name": "Tertiary Road",
        "osmId": 508422339,
        "highway": "tertiary",
        "distanceToHotspotM": 3859.8,
        "nearestHotspot": "Hatigaon - Bhetapara",
        "riskNow": "NORMAL",
        "riskPlus1Hr": "NORMAL"
      },
      "geometry": {
        "type": "LineString",
        "coordinates": [
          [
            91.749696,
            26.111357
          ],
          [
            91.750158,
            26.110653
          ],
          [
            91.750435,
            26.109972
          ],
          [
            91.750503,
            26.10971
          ],
          [
            91.750554,
            26.109359
          ],
          [
            91.750582,
            26.109164
          ],
          [
            91.750611,
            26.108968
          ],
          [
            91.750657,
            26.108215
          ],
          [
            91.750673,
            26.107791
          ],
          [
            91.750663,
            26.107474
          ],
          [
            91.750702,
            26.106123
          ],
          [
            91.750752,
            26.10517
          ],
          [
            91.750755,
            26.104967
          ],
          [
            91.75076,
            26.10457
          ],
          [
            91.750766,
            26.104277
          ],
          [
            91.750796,
            26.103984
          ],
          [
            91.750821,
            26.103809
          ],
          [
            91.750824,
            26.103782
          ]
        ]
      }
    },
    {
      "type": "Feature",
      "id": "RE-OSM-0174",
      "properties": {
        "id": "RE-OSM-0174",
        "name": "Tertiary Road",
        "osmId": 508535624,
        "highway": "tertiary",
        "distanceToHotspotM": 2836.2,
        "nearestHotspot": "Zoo Road",
        "riskNow": "NORMAL",
        "riskPlus1Hr": "NORMAL"
      },
      "geometry": {
        "type": "LineString",
        "coordinates": [
          [
            91.803251,
            26.182896
          ],
          [
            91.803402,
            26.183398
          ],
          [
            91.803453,
            26.18361
          ]
        ]
      }
    },
    {
      "type": "Feature",
      "id": "RE-OSM-0175",
      "properties": {
        "id": "RE-OSM-0175",
        "name": "Tertiary Road",
        "osmId": 508665336,
        "highway": "tertiary",
        "distanceToHotspotM": 2442.5,
        "nearestHotspot": "Hatigaon - Bhetapara",
        "riskNow": "NORMAL",
        "riskPlus1Hr": "NORMAL"
      },
      "geometry": {
        "type": "LineString",
        "coordinates": [
          [
            91.788112,
            26.113602
          ],
          [
            91.788194,
            26.113632
          ],
          [
            91.788497,
            26.113741
          ],
          [
            91.789241,
            26.114032
          ],
          [
            91.789281,
            26.114068
          ]
        ]
      }
    },
    {
      "type": "Feature",
      "id": "RE-OSM-0176",
      "properties": {
        "id": "RE-OSM-0176",
        "name": "Tertiary Road",
        "osmId": 508670974,
        "highway": "tertiary",
        "distanceToHotspotM": 39.3,
        "nearestHotspot": "GS Road (Bhangagarh)",
        "riskNow": "HIGH RISK",
        "riskPlus1Hr": "BLOCKED"
      },
      "geometry": {
        "type": "LineString",
        "coordinates": [
          [
            91.77047,
            26.157026
          ],
          [
            91.770612,
            26.157051
          ],
          [
            91.770886,
            26.157138
          ],
          [
            91.77124,
            26.15722
          ],
          [
            91.771395,
            26.15721
          ],
          [
            91.771476,
            26.157138
          ],
          [
            91.771502,
            26.157022
          ],
          [
            91.771422,
            26.156907
          ],
          [
            91.771143,
            26.156762
          ],
          [
            91.771095,
            26.156718
          ],
          [
            91.771072,
            26.156647
          ],
          [
            91.771122,
            26.156555
          ],
          [
            91.771336,
            26.156411
          ],
          [
            91.771579,
            26.156312
          ],
          [
            91.771737,
            26.156308
          ],
          [
            91.772071,
            26.156391
          ],
          [
            91.772205,
            26.156382
          ],
          [
            91.772436,
            26.156338
          ],
          [
            91.772667,
            26.156204
          ],
          [
            91.772817,
            26.156064
          ],
          [
            91.772886,
            26.155866
          ],
          [
            91.772892,
            26.155775
          ],
          [
            91.77301,
            26.155669
          ],
          [
            91.773235,
            26.155568
          ],
          [
            91.773391,
            26.155448
          ],
          [
            91.773487,
            26.155269
          ],
          [
            91.7736,
            26.15513
          ],
          [
            91.773696,
            26.155014
          ],
          [
            91.773745,
            26.154865
          ],
          [
            91.773729,
            26.154591
          ],
          [
            91.773703,
            26.154453
          ],
          [
            91.77367,
            26.154277
          ],
          [
            91.773611,
            26.154095
          ],
          [
            91.773611,
            26.153965
          ],
          [
            91.773659,
            26.153844
          ],
          [
            91.773798,
            26.153753
          ],
          [
            91.774051,
            26.153733
          ],
          [
            91.774432,
            26.153748
          ],
          [
            91.774721,
            26.153791
          ],
          [
            91.774834,
            26.153796
          ],
          [
            91.774887,
            26.153782
          ],
          [
            91.774931,
            26.153763
          ],
          [
            91.774952,
            26.153719
          ],
          [
            91.774941,
            26.153652
          ],
          [
            91.774898,
            26.153603
          ],
          [
            91.7747,
            26.153565
          ],
          [
            91.774287,
            26.153502
          ],
          [
            91.774158,
            26.153513
          ],
          [
            91.774056,
            26.153522
          ],
          [
            91.773455,
            26.153661
          ],
          [
            91.773235,
            26.153714
          ],
          [
            91.773139,
            26.153772
          ],
          [
            91.773101,
            26.153873
          ],
          [
            91.773122,
            26.153969
          ],
          [
            91.773273,
            26.154277
          ],
          [
            91.773329,
            26.154456
          ],
          [
            91.773321,
            26.154566
          ],
          [
            91.773214,
            26.154725
          ],
          [
            91.773021,
            26.154928
          ],
          [
            91.772908,
            26.155101
          ],
          [
            91.772817,
            26.155284
          ],
          [
            91.772645,
            26.155496
          ],
          [
            91.772436,
            26.155679
          ],
          [
            91.772302,
            26.155751
          ],
          [
            91.772194,
            26.155761
          ],
          [
            91.772001,
            26.155708
          ],
          [
            91.771626,
            26.15553
          ],
          [
            91.771326,
            26.155361
          ],
          [
            91.771127,
            26.155183
          ],
          [
            91.771042,
            26.1551
          ],
          [
            91.770934,
            26.155062
          ],
          [
            91.770876,
            26.155079
          ],
          [
            91.770859,
            26.15511
          ],
          [
            91.770875,
            26.155149
          ],
          [
            91.770985,
            26.155207
          ],
          [
            91.771087,
            26.155334
          ],
          [
            91.771146,
            26.15547
          ],
          [
            91.771202,
            26.155542
          ],
          [
            91.771268,
            26.155628
          ],
          [
            91.771275,
            26.155663
          ],
          [
            91.771258,
            26.155694
          ],
          [
            91.771221,
            26.155711
          ],
          [
            91.771174,
            26.155706
          ],
          [
            91.770927,
            26.155587
          ],
          [
            91.770832,
            26.155552
          ],
          [
            91.770727,
            26.15553
          ],
          [
            91.770624,
            26.155521
          ],
          [
            91.770483,
            26.155539
          ],
          [
            91.770328,
            26.155592
          ],
          [
            91.770233,
            26.155631
          ],
          [
            91.770139,
            26.155675
          ],
          [
            91.77006,
            26.155704
          ],
          [
            91.769986,
            26.155725
          ],
          [
            91.769873,
            26.155738
          ],
          [
            91.769758,
            26.155741
          ],
          [
            91.76965,
            26.15572
          ],
          [
            91.769428,
            26.155591
          ],
          [
            91.769279,
            26.155543
          ],
          [
            91.769209,
            26.155551
          ],
          [
            91.769137,
            26.155611
          ]
        ]
      }
    },
    {
      "type": "Feature",
      "id": "RE-OSM-0177",
      "properties": {
        "id": "RE-OSM-0177",
        "name": "Hem Baruah Road",
        "osmId": 508689386,
        "highway": "tertiary",
        "distanceToHotspotM": 2358.8,
        "nearestHotspot": "Ulubari",
        "riskNow": "NORMAL",
        "riskPlus1Hr": "NORMAL"
      },
      "geometry": {
        "type": "LineString",
        "coordinates": [
          [
            91.750233,
            26.188385
          ],
          [
            91.749981,
            26.188326
          ],
          [
            91.749577,
            26.188238
          ],
          [
            91.748441,
            26.18803
          ],
          [
            91.748336,
            26.188014
          ],
          [
            91.747411,
            26.187859
          ],
          [
            91.747019,
            26.187785
          ],
          [
            91.746461,
            26.18768
          ]
        ]
      }
    },
    {
      "type": "Feature",
      "id": "RE-OSM-0178",
      "properties": {
        "id": "RE-OSM-0178",
        "name": "Primary Road",
        "osmId": 508689388,
        "highway": "primary",
        "distanceToHotspotM": 1949.3,
        "nearestHotspot": "Ulubari",
        "riskNow": "NORMAL",
        "riskPlus1Hr": "NORMAL"
      },
      "geometry": {
        "type": "LineString",
        "coordinates": [
          [
            91.745834,
            26.181851
          ],
          [
            91.745887,
            26.181403
          ],
          [
            91.745885,
            26.180604
          ]
        ]
      }
    },
    {
      "type": "Feature",
      "id": "RE-OSM-0179",
      "properties": {
        "id": "RE-OSM-0179",
        "name": "Primary Road",
        "osmId": 508689389,
        "highway": "primary",
        "distanceToHotspotM": 2043.7,
        "nearestHotspot": "Ulubari",
        "riskNow": "NORMAL",
        "riskPlus1Hr": "NORMAL"
      },
      "geometry": {
        "type": "LineString",
        "coordinates": [
          [
            91.745737,
            26.182356
          ],
          [
            91.745834,
            26.181851
          ]
        ]
      }
    },
    {
      "type": "Feature",
      "id": "RE-OSM-0180",
      "properties": {
        "id": "RE-OSM-0180",
        "name": "Tertiary Road",
        "osmId": 517474927,
        "highway": "tertiary",
        "distanceToHotspotM": 2436.2,
        "nearestHotspot": "Boragaon Bypass",
        "riskNow": "NORMAL",
        "riskPlus1Hr": "NORMAL"
      },
      "geometry": {
        "type": "LineString",
        "coordinates": [
          [
            91.718948,
            26.115419
          ],
          [
            91.718994,
            26.115249
          ]
        ]
      }
    },
    {
      "type": "Feature",
      "id": "RE-OSM-0181",
      "properties": {
        "id": "RE-OSM-0181",
        "name": "Tertiary Road",
        "osmId": 517474928,
        "highway": "tertiary",
        "distanceToHotspotM": 2399.8,
        "nearestHotspot": "Boragaon Bypass",
        "riskNow": "NORMAL",
        "riskPlus1Hr": "NORMAL"
      },
      "geometry": {
        "type": "LineString",
        "coordinates": [
          [
            91.719218,
            26.115913
          ],
          [
            91.719588,
            26.115842
          ]
        ]
      }
    },
    {
      "type": "Feature",
      "id": "RE-OSM-0182",
      "properties": {
        "id": "RE-OSM-0182",
        "name": "Secondary Road",
        "osmId": 517478747,
        "highway": "secondary",
        "distanceToHotspotM": 1939.3,
        "nearestHotspot": "Bharalumukh",
        "riskNow": "NORMAL",
        "riskPlus1Hr": "NORMAL"
      },
      "geometry": {
        "type": "LineString",
        "coordinates": [
          [
            91.7384,
            26.159713
          ],
          [
            91.738649,
            26.159755
          ]
        ]
      }
    },
    {
      "type": "Feature",
      "id": "RE-OSM-0183",
      "properties": {
        "id": "RE-OSM-0183",
        "name": "Tertiary Road",
        "osmId": 517478748,
        "highway": "tertiary",
        "distanceToHotspotM": 2976.6,
        "nearestHotspot": "Bharalumukh",
        "riskNow": "NORMAL",
        "riskPlus1Hr": "NORMAL"
      },
      "geometry": {
        "type": "LineString",
        "coordinates": [
          [
            91.736003,
            26.148126
          ],
          [
            91.736257,
            26.148065
          ]
        ]
      }
    },
    {
      "type": "Feature",
      "id": "RE-OSM-0184",
      "properties": {
        "id": "RE-OSM-0184",
        "name": "Secondary Road",
        "osmId": 517891508,
        "highway": "secondary",
        "distanceToHotspotM": 2484.6,
        "nearestHotspot": "Boragaon Bypass",
        "riskNow": "NORMAL",
        "riskPlus1Hr": "NORMAL"
      },
      "geometry": {
        "type": "LineString",
        "coordinates": [
          [
            91.708497,
            26.11266
          ],
          [
            91.708463,
            26.112316
          ]
        ]
      }
    },
    {
      "type": "Feature",
      "id": "RE-OSM-0185",
      "properties": {
        "id": "RE-OSM-0185",
        "name": "Mahatma Gandhi Road",
        "osmId": 517941876,
        "highway": "primary",
        "distanceToHotspotM": 2346.0,
        "nearestHotspot": "Bharalumukh",
        "riskNow": "NORMAL",
        "riskPlus1Hr": "NORMAL"
      },
      "geometry": {
        "type": "LineString",
        "coordinates": [
          [
            91.749835,
            26.190175
          ],
          [
            91.749735,
            26.190176
          ],
          [
            91.749688,
            26.190203
          ],
          [
            91.749614,
            26.190222
          ],
          [
            91.749534,
            26.190221
          ],
          [
            91.74777,
            26.189673
          ],
          [
            91.745957,
            26.189161
          ],
          [
            91.744442,
            26.188637
          ],
          [
            91.743614,
            26.188339
          ],
          [
            91.743331,
            26.18823
          ]
        ]
      }
    },
    {
      "type": "Feature",
      "id": "RE-OSM-0186",
      "properties": {
        "id": "RE-OSM-0186",
        "name": "Primary Road",
        "osmId": 543623710,
        "highway": "primary",
        "distanceToHotspotM": 1238.4,
        "nearestHotspot": "GS Road (Bhangagarh)",
        "riskNow": "NORMAL",
        "riskPlus1Hr": "MODERATE"
      },
      "geometry": {
        "type": "LineString",
        "coordinates": [
          [
            91.78286,
            26.151937
          ],
          [
            91.782791,
            26.151982
          ],
          [
            91.78264,
            26.152117
          ],
          [
            91.782311,
            26.152419
          ],
          [
            91.782133,
            26.152582
          ]
        ]
      }
    },
    {
      "type": "Feature",
      "id": "RE-OSM-0187",
      "properties": {
        "id": "RE-OSM-0187",
        "name": "Primary_link Road",
        "osmId": 543623711,
        "highway": "primary_link",
        "distanceToHotspotM": 1517.3,
        "nearestHotspot": "Rukminigaon",
        "riskNow": "NORMAL",
        "riskPlus1Hr": "NORMAL"
      },
      "geometry": {
        "type": "LineString",
        "coordinates": [
          [
            91.785304,
            26.149854
          ],
          [
            91.785375,
            26.149794
          ],
          [
            91.785511,
            26.149679
          ],
          [
            91.785963,
            26.149351
          ],
          [
            91.786802,
            26.148632
          ],
          [
            91.787425,
            26.148083
          ],
          [
            91.787804,
            26.147734
          ],
          [
            91.787808,
            26.147649
          ]
        ]
      }
    },
    {
      "type": "Feature",
      "id": "RE-OSM-0188",
      "properties": {
        "id": "RE-OSM-0188",
        "name": "G.S. Road",
        "osmId": 543623712,
        "highway": "primary",
        "distanceToHotspotM": 420.0,
        "nearestHotspot": "GS Road (Bhangagarh)",
        "riskNow": "MODERATE",
        "riskPlus1Hr": "HIGH RISK"
      },
      "geometry": {
        "type": "LineString",
        "coordinates": [
          [
            91.770809,
            26.163069
          ],
          [
            91.771358,
            26.162567
          ],
          [
            91.771812,
            26.162142
          ],
          [
            91.771857,
            26.162097
          ],
          [
            91.771901,
            26.162057
          ],
          [
            91.77324,
            26.160828
          ],
          [
            91.773564,
            26.160531
          ],
          [
            91.773654,
            26.160449
          ],
          [
            91.774181,
            26.159974
          ],
          [
            91.774586,
            26.159607
          ],
          [
            91.774772,
            26.159439
          ],
          [
            91.775826,
            26.158454
          ],
          [
            91.775893,
            26.158391
          ],
          [
            91.776571,
            26.157771
          ],
          [
            91.776785,
            26.157576
          ],
          [
            91.776889,
            26.157481
          ],
          [
            91.777259,
            26.15711
          ],
          [
            91.777389,
            26.156996
          ],
          [
            91.777621,
            26.156778
          ],
          [
            91.777844,
            26.156581
          ],
          [
            91.77841,
            26.156062
          ],
          [
            91.778629,
            26.155863
          ],
          [
            91.779001,
            26.155521
          ],
          [
            91.779185,
            26.155355
          ],
          [
            91.779646,
            26.154968
          ],
          [
            91.779792,
            26.154844
          ],
          [
            91.780115,
            26.154553
          ],
          [
            91.780341,
            26.154348
          ],
          [
            91.780724,
            26.154003
          ],
          [
            91.780901,
            26.15384
          ],
          [
            91.780944,
            26.1538
          ],
          [
            91.781426,
            26.153362
          ],
          [
            91.781945,
            26.152886
          ],
          [
            91.782857,
            26.152046
          ],
          [
            91.782915,
            26.151967
          ]
        ]
      }
    },
    {
      "type": "Feature",
      "id": "RE-OSM-0189",
      "properties": {
        "id": "RE-OSM-0189",
        "name": "G.S. Road",
        "osmId": 543623714,
        "highway": "primary",
        "distanceToHotspotM": 435.8,
        "nearestHotspot": "GS Road (Bhangagarh)",
        "riskNow": "MODERATE",
        "riskPlus1Hr": "HIGH RISK"
      },
      "geometry": {
        "type": "LineString",
        "coordinates": [
          [
            91.782133,
            26.152582
          ],
          [
            91.781682,
            26.152997
          ],
          [
            91.780645,
            26.153928
          ],
          [
            91.779726,
            26.154767
          ],
          [
            91.779009,
            26.155428
          ],
          [
            91.778772,
            26.155653
          ],
          [
            91.778401,
            26.155977
          ],
          [
            91.777855,
            26.156458
          ],
          [
            91.776105,
            26.158057
          ],
          [
            91.775768,
            26.158374
          ],
          [
            91.775653,
            26.158483
          ],
          [
            91.774996,
            26.159081
          ]
        ]
      }
    },
    {
      "type": "Feature",
      "id": "RE-OSM-0190",
      "properties": {
        "id": "RE-OSM-0190",
        "name": "Primary Road",
        "osmId": 543623717,
        "highway": "primary",
        "distanceToHotspotM": 407.0,
        "nearestHotspot": "GS Road (Bhangagarh)",
        "riskNow": "MODERATE",
        "riskPlus1Hr": "HIGH RISK"
      },
      "geometry": {
        "type": "LineString",
        "coordinates": [
          [
            91.774996,
            26.159081
          ],
          [
            91.774565,
            26.15945
          ],
          [
            91.77408,
            26.159899
          ]
        ]
      }
    },
    {
      "type": "Feature",
      "id": "RE-OSM-0191",
      "properties": {
        "id": "RE-OSM-0191",
        "name": "Primary Road",
        "osmId": 543623719,
        "highway": "primary",
        "distanceToHotspotM": 406.4,
        "nearestHotspot": "GS Road (Bhangagarh)",
        "riskNow": "MODERATE",
        "riskPlus1Hr": "HIGH RISK"
      },
      "geometry": {
        "type": "LineString",
        "coordinates": [
          [
            91.77408,
            26.159899
          ],
          [
            91.773776,
            26.160173
          ],
          [
            91.773318,
            26.160586
          ],
          [
            91.772839,
            26.161019
          ],
          [
            91.772537,
            26.161334
          ],
          [
            91.77226,
            26.161598
          ],
          [
            91.771888,
            26.161911
          ],
          [
            91.771816,
            26.161976
          ],
          [
            91.771771,
            26.162017
          ],
          [
            91.771338,
            26.162437
          ],
          [
            91.771104,
            26.162663
          ]
        ]
      }
    },
    {
      "type": "Feature",
      "id": "RE-OSM-0192",
      "properties": {
        "id": "RE-OSM-0192",
        "name": "Bhangagarh Flyover",
        "osmId": 543624681,
        "highway": "primary",
        "distanceToHotspotM": 629.2,
        "nearestHotspot": "GS Road (Bhangagarh)",
        "riskNow": "MODERATE",
        "riskPlus1Hr": "HIGH RISK"
      },
      "geometry": {
        "type": "LineString",
        "coordinates": [
          [
            91.77062,
            26.163149
          ],
          [
            91.769497,
            26.164166
          ],
          [
            91.769086,
            26.164522
          ],
          [
            91.768743,
            26.164838
          ],
          [
            91.768676,
            26.164908
          ],
          [
            91.766651,
            26.166707
          ]
        ]
      }
    },
    {
      "type": "Feature",
      "id": "RE-OSM-0193",
      "properties": {
        "id": "RE-OSM-0193",
        "name": "Bhangagarh Flyover",
        "osmId": 543624682,
        "highway": "primary",
        "distanceToHotspotM": 636.3,
        "nearestHotspot": "GS Road (Bhangagarh)",
        "riskNow": "MODERATE",
        "riskPlus1Hr": "HIGH RISK"
      },
      "geometry": {
        "type": "LineString",
        "coordinates": [
          [
            91.76672,
            26.166748
          ],
          [
            91.76829,
            26.16537
          ],
          [
            91.76883,
            26.164882
          ],
          [
            91.769016,
            26.164698
          ],
          [
            91.769103,
            26.164612
          ],
          [
            91.769329,
            26.164412
          ],
          [
            91.769726,
            26.164058
          ],
          [
            91.770238,
            26.163591
          ],
          [
            91.770651,
            26.163213
          ]
        ]
      }
    },
    {
      "type": "Feature",
      "id": "RE-OSM-0194",
      "properties": {
        "id": "RE-OSM-0194",
        "name": "G.S. Road",
        "osmId": 543624684,
        "highway": "primary",
        "distanceToHotspotM": 191.4,
        "nearestHotspot": "Ulubari",
        "riskNow": "HIGH RISK",
        "riskPlus1Hr": "BLOCKED"
      },
      "geometry": {
        "type": "LineString",
        "coordinates": [
          [
            91.760148,
            26.172745
          ],
          [
            91.760183,
            26.172698
          ],
          [
            91.761136,
            26.171826
          ],
          [
            91.761502,
            26.171492
          ],
          [
            91.7617,
            26.17131
          ],
          [
            91.762179,
            26.170872
          ],
          [
            91.762469,
            26.170607
          ],
          [
            91.762835,
            26.170273
          ]
        ]
      }
    },
    {
      "type": "Feature",
      "id": "RE-OSM-0195",
      "properties": {
        "id": "RE-OSM-0195",
        "name": "B K Kakati Road",
        "osmId": 543627488,
        "highway": "secondary",
        "distanceToHotspotM": 537.3,
        "nearestHotspot": "Ulubari",
        "riskNow": "MODERATE",
        "riskPlus1Hr": "HIGH RISK"
      },
      "geometry": {
        "type": "LineString",
        "coordinates": [
          [
            91.756974,
            26.173088
          ],
          [
            91.756917,
            26.172916
          ],
          [
            91.75672,
            26.172518
          ],
          [
            91.756563,
            26.172237
          ],
          [
            91.75612,
            26.171674
          ],
          [
            91.755734,
            26.171182
          ],
          [
            91.755611,
            26.170988
          ],
          [
            91.755369,
            26.170689
          ],
          [
            91.755015,
            26.170157
          ],
          [
            91.754959,
            26.170052
          ],
          [
            91.754775,
            26.169709
          ],
          [
            91.75465,
            26.169475
          ],
          [
            91.754545,
            26.169291
          ]
        ]
      }
    },
    {
      "type": "Feature",
      "id": "RE-OSM-0196",
      "properties": {
        "id": "RE-OSM-0196",
        "name": "Bishnu Ram Mehdi Flyover",
        "osmId": 543627490,
        "highway": "primary",
        "distanceToHotspotM": 461.8,
        "nearestHotspot": "Ulubari",
        "riskNow": "MODERATE",
        "riskPlus1Hr": "HIGH RISK"
      },
      "geometry": {
        "type": "LineString",
        "coordinates": [
          [
            91.755408,
            26.17647
          ],
          [
            91.755809,
            26.176186
          ],
          [
            91.755961,
            26.176082
          ],
          [
            91.756281,
            26.175862
          ],
          [
            91.756469,
            26.175729
          ],
          [
            91.756767,
            26.175534
          ],
          [
            91.757048,
            26.175349
          ],
          [
            91.757335,
            26.175152
          ],
          [
            91.757619,
            26.174944
          ],
          [
            91.757836,
            26.174776
          ],
          [
            91.75805,
            26.1746
          ],
          [
            91.758264,
            26.174415
          ],
          [
            91.758647,
            26.174076
          ],
          [
            91.759033,
            26.173734
          ],
          [
            91.75932,
            26.173473
          ],
          [
            91.759403,
            26.173398
          ]
        ]
      }
    },
    {
      "type": "Feature",
      "id": "RE-OSM-0197",
      "properties": {
        "id": "RE-OSM-0197",
        "name": "G.S. Road",
        "osmId": 543640148,
        "highway": "primary",
        "distanceToHotspotM": 202.3,
        "nearestHotspot": "Ulubari",
        "riskNow": "HIGH RISK",
        "riskPlus1Hr": "BLOCKED"
      },
      "geometry": {
        "type": "LineString",
        "coordinates": [
          [
            91.762835,
            26.170273
          ],
          [
            91.763176,
            26.169962
          ],
          [
            91.763281,
            26.169869
          ],
          [
            91.763932,
            26.169288
          ],
          [
            91.764684,
            26.168611
          ],
          [
            91.76473,
            26.168568
          ],
          [
            91.765423,
            26.167925
          ],
          [
            91.765633,
            26.167727
          ],
          [
            91.765852,
            26.167529
          ],
          [
            91.766589,
            26.166866
          ]
        ]
      }
    },
    {
      "type": "Feature",
      "id": "RE-OSM-0198",
      "properties": {
        "id": "RE-OSM-0198",
        "name": "G.S. Road",
        "osmId": 543640150,
        "highway": "primary",
        "distanceToHotspotM": 181.0,
        "nearestHotspot": "Ulubari",
        "riskNow": "HIGH RISK",
        "riskPlus1Hr": "BLOCKED"
      },
      "geometry": {
        "type": "LineString",
        "coordinates": [
          [
            91.765351,
            26.167863
          ],
          [
            91.764333,
            26.1688
          ],
          [
            91.763864,
            26.169231
          ],
          [
            91.763453,
            26.169601
          ],
          [
            91.763141,
            26.169885
          ],
          [
            91.763005,
            26.170007
          ],
          [
            91.762822,
            26.17017
          ],
          [
            91.762387,
            26.170549
          ],
          [
            91.761646,
            26.171243
          ],
          [
            91.761609,
            26.171277
          ],
          [
            91.760358,
            26.172423
          ],
          [
            91.760087,
            26.172672
          ],
          [
            91.759966,
            26.17278
          ],
          [
            91.759493,
            26.173206
          ]
        ]
      }
    },
    {
      "type": "Feature",
      "id": "RE-OSM-0199",
      "properties": {
        "id": "RE-OSM-0199",
        "name": "Bhangagarh Flyover Ramp",
        "osmId": 543640151,
        "highway": "secondary",
        "distanceToHotspotM": 731.6,
        "nearestHotspot": "GS Road (Bhangagarh)",
        "riskNow": "MODERATE",
        "riskPlus1Hr": "HIGH RISK"
      },
      "geometry": {
        "type": "LineString",
        "coordinates": [
          [
            91.768743,
            26.164838
          ],
          [
            91.768513,
            26.164552
          ],
          [
            91.76819,
            26.164118
          ],
          [
            91.767957,
            26.163772
          ],
          [
            91.767772,
            26.163407
          ]
        ]
      }
    },
    {
      "type": "Feature",
      "id": "RE-OSM-0200",
      "properties": {
        "id": "RE-OSM-0200",
        "name": "Guwahati Medical College Road",
        "osmId": 543640152,
        "highway": "secondary",
        "distanceToHotspotM": 1262.2,
        "nearestHotspot": "GS Road (Bhangagarh)",
        "riskNow": "NORMAL",
        "riskPlus1Hr": "MODERATE"
      },
      "geometry": {
        "type": "LineString",
        "coordinates": [
          [
            91.758368,
            26.158033
          ],
          [
            91.7582,
            26.158094
          ],
          [
            91.757976,
            26.158175
          ],
          [
            91.757753,
            26.158213
          ],
          [
            91.757448,
            26.158244
          ],
          [
            91.75701,
            26.158259
          ],
          [
            91.756976,
            26.158261
          ],
          [
            91.756351,
            26.158244
          ],
          [
            91.755567,
            26.158178
          ],
          [
            91.755353,
            26.158171
          ],
          [
            91.755157,
            26.158178
          ],
          [
            91.754548,
            26.158266
          ],
          [
            91.754326,
            26.158293
          ],
          [
            91.754206,
            26.158323
          ],
          [
            91.753972,
            26.158396
          ],
          [
            91.753793,
            26.15848
          ],
          [
            91.753719,
            26.158528
          ],
          [
            91.753535,
            26.158754
          ],
          [
            91.753415,
            26.158837
          ],
          [
            91.753351,
            26.158862
          ],
          [
            91.753282,
            26.158875
          ],
          [
            91.752925,
            26.158864
          ],
          [
            91.752668,
            26.158847
          ],
          [
            91.752378,
            26.158818
          ],
          [
            91.752347,
            26.158826
          ],
          [
            91.752327,
            26.158838
          ],
          [
            91.752312,
            26.158857
          ],
          [
            91.752307,
            26.158882
          ],
          [
            91.752269,
            26.159152
          ],
          [
            91.752221,
            26.159446
          ],
          [
            91.752199,
            26.159484
          ],
          [
            91.752166,
            26.15951
          ],
          [
            91.752125,
            26.15952
          ],
          [
            91.751843,
            26.159503
          ],
          [
            91.751673,
            26.159512
          ],
          [
            91.751511,
            26.159534
          ],
          [
            91.751424,
            26.159558
          ],
          [
            91.751363,
            26.159599
          ],
          [
            91.751209,
            26.15982
          ],
          [
            91.751158,
            26.159847
          ],
          [
            91.751093,
            26.159856
          ],
          [
            91.750845,
            26.159805
          ],
          [
            91.750713,
            26.159786
          ],
          [
            91.75057,
            26.159781
          ],
          [
            91.750412,
            26.159808
          ],
          [
            91.750057,
            26.159943
          ],
          [
            91.749896,
            26.160014
          ],
          [
            91.749667,
            26.160113
          ],
          [
            91.749522,
            26.160198
          ],
          [
            91.749193,
            26.160438
          ],
          [
            91.749072,
            26.160511
          ],
          [
            91.748908,
            26.160612
          ],
          [
            91.748704,
            26.160716
          ],
          [
            91.748334,
            26.160844
          ],
          [
            91.748173,
            26.160891
          ],
          [
            91.747686,
            26.161048
          ],
          [
            91.747601,
            26.161093
          ],
          [
            91.747535,
            26.16114
          ],
          [
            91.747459,
            26.161216
          ],
          [
            91.747168,
            26.161565
          ],
          [
            91.746785,
            26.161974
          ],
          [
            91.746735,
            26.162027
          ],
          [
            91.746692,
            26.162091
          ],
          [
            91.746664,
            26.162157
          ],
          [
            91.746651,
            26.162229
          ],
          [
            91.746632,
            26.162898
          ],
          [
            91.746557,
            26.163634
          ]
        ]
      }
    },
    {
      "type": "Feature",
      "id": "RE-OSM-0201",
      "properties": {
        "id": "RE-OSM-0201",
        "name": "Guwahati Medical College Road",
        "osmId": 543640826,
        "highway": "secondary",
        "distanceToHotspotM": 724.1,
        "nearestHotspot": "GS Road (Bhangagarh)",
        "riskNow": "MODERATE",
        "riskPlus1Hr": "HIGH RISK"
      },
      "geometry": {
        "type": "LineString",
        "coordinates": [
          [
            91.768777,
            26.164703
          ],
          [
            91.768575,
            26.164457
          ],
          [
            91.768387,
            26.164203
          ],
          [
            91.768177,
            26.163928
          ],
          [
            91.767999,
            26.163661
          ],
          [
            91.767844,
            26.163364
          ]
        ]
      }
    },
    {
      "type": "Feature",
      "id": "RE-OSM-0202",
      "properties": {
        "id": "RE-OSM-0202",
        "name": "Secondary Road",
        "osmId": 543640827,
        "highway": "secondary",
        "distanceToHotspotM": 630.0,
        "nearestHotspot": "Ulubari",
        "riskNow": "MODERATE",
        "riskPlus1Hr": "HIGH RISK"
      },
      "geometry": {
        "type": "LineString",
        "coordinates": [
          [
            91.766589,
            26.166866
          ],
          [
            91.766775,
            26.166806
          ],
          [
            91.767542,
            26.166129
          ],
          [
            91.76786,
            26.165848
          ],
          [
            91.768108,
            26.165626
          ],
          [
            91.768372,
            26.165393
          ]
        ]
      }
    },
    {
      "type": "Feature",
      "id": "RE-OSM-0203",
      "properties": {
        "id": "RE-OSM-0203",
        "name": "Radha Gobinda Baruah Road",
        "osmId": 543646780,
        "highway": "secondary",
        "distanceToHotspotM": 490.2,
        "nearestHotspot": "Anil Nagar",
        "riskNow": "MODERATE",
        "riskPlus1Hr": "HIGH RISK"
      },
      "geometry": {
        "type": "LineString",
        "coordinates": [
          [
            91.775519,
            26.180674
          ],
          [
            91.775523,
            26.180484
          ],
          [
            91.775524,
            26.18035
          ],
          [
            91.775538,
            26.180047
          ],
          [
            91.775551,
            26.17988
          ],
          [
            91.775564,
            26.179726
          ],
          [
            91.775591,
            26.179391
          ],
          [
            91.775607,
            26.179057
          ],
          [
            91.775615,
            26.178908
          ]
        ]
      }
    },
    {
      "type": "Feature",
      "id": "RE-OSM-0204",
      "properties": {
        "id": "RE-OSM-0204",
        "name": "Secondary Road",
        "osmId": 543647062,
        "highway": "secondary",
        "distanceToHotspotM": 748.0,
        "nearestHotspot": "Anil Nagar",
        "riskNow": "MODERATE",
        "riskPlus1Hr": "HIGH RISK"
      },
      "geometry": {
        "type": "LineString",
        "coordinates": [
          [
            91.804307,
            26.178311
          ],
          [
            91.80417,
            26.177996
          ],
          [
            91.80402,
            26.177664
          ],
          [
            91.803938,
            26.177489
          ],
          [
            91.803783,
            26.177147
          ],
          [
            91.803571,
            26.176683
          ],
          [
            91.803335,
            26.176183
          ],
          [
            91.803155,
            26.175773
          ],
          [
            91.803002,
            26.175463
          ],
          [
            91.802961,
            26.175385
          ],
          [
            91.802827,
            26.175117
          ],
          [
            91.802745,
            26.174921
          ],
          [
            91.802687,
            26.174776
          ],
          [
            91.802487,
            26.174252
          ],
          [
            91.802286,
            26.173703
          ],
          [
            91.802214,
            26.1735
          ],
          [
            91.802117,
            26.173296
          ],
          [
            91.802009,
            26.173189
          ],
          [
            91.801897,
            26.173113
          ],
          [
            91.801761,
            26.173055
          ],
          [
            91.801549,
            26.172997
          ],
          [
            91.80128,
            26.172961
          ],
          [
            91.800993,
            26.172959
          ],
          [
            91.800645,
            26.172971
          ],
          [
            91.799792,
            26.172913
          ],
          [
            91.799322,
            26.172879
          ],
          [
            91.798952,
            26.172891
          ],
          [
            91.7986,
            26.172889
          ],
          [
            91.798399,
            26.172851
          ],
          [
            91.798083,
            26.17279
          ],
          [
            91.797547,
            26.172708
          ],
          [
            91.797193,
            26.17268
          ],
          [
            91.796855,
            26.172665
          ],
          [
            91.796463,
            26.172636
          ],
          [
            91.796257,
            26.172607
          ],
          [
            91.796039,
            26.172567
          ],
          [
            91.795835,
            26.172501
          ],
          [
            91.795711,
            26.172468
          ],
          [
            91.795621,
            26.172457
          ],
          [
            91.795497,
            26.172446
          ],
          [
            91.795117,
            26.172458
          ],
          [
            91.79483,
            26.172485
          ],
          [
            91.794615,
            26.172511
          ],
          [
            91.794417,
            26.172557
          ],
          [
            91.794231,
            26.172629
          ],
          [
            91.793687,
            26.172824
          ],
          [
            91.793497,
            26.172865
          ],
          [
            91.793322,
            26.172896
          ],
          [
            91.793022,
            26.172944
          ],
          [
            91.792503,
            26.172994
          ],
          [
            91.792069,
            26.17302
          ],
          [
            91.791584,
            26.172999
          ],
          [
            91.79134,
            26.172989
          ],
          [
            91.791007,
            26.172975
          ],
          [
            91.790921,
            26.172972
          ],
          [
            91.79067,
            26.172954
          ],
          [
            91.790377,
            26.172933
          ],
          [
            91.789771,
            26.17289
          ],
          [
            91.789402,
            26.172864
          ],
          [
            91.789291,
            26.172856
          ],
          [
            91.788078,
            26.172737
          ],
          [
            91.787759,
            26.17273
          ],
          [
            91.787555,
            26.172742
          ],
          [
            91.786963,
            26.172807
          ],
          [
            91.786525,
            26.172846
          ],
          [
            91.786129,
            26.172848
          ],
          [
            91.785042,
            26.172801
          ],
          [
            91.783932,
            26.172674
          ],
          [
            91.783422,
            26.172625
          ],
          [
            91.783133,
            26.172583
          ],
          [
            91.782406,
            26.17251
          ],
          [
            91.78195,
            26.172456
          ],
          [
            91.781706,
            26.172422
          ],
          [
            91.781526,
            26.172412
          ],
          [
            91.781344,
            26.172398
          ],
          [
            91.781199,
            26.172398
          ],
          [
            91.781051,
            26.172427
          ],
          [
            91.780896,
            26.172518
          ],
          [
            91.780719,
            26.172651
          ],
          [
            91.780002,
            26.173207
          ],
          [
            91.779882,
            26.17332
          ],
          [
            91.779661,
            26.173514
          ]
        ]
      }
    },
    {
      "type": "Feature",
      "id": "RE-OSM-0205",
      "properties": {
        "id": "RE-OSM-0205",
        "name": "Zoo Road Flyover",
        "osmId": 543647063,
        "highway": "secondary",
        "distanceToHotspotM": 285.6,
        "nearestHotspot": "Zoo Road",
        "riskNow": "HIGH RISK",
        "riskPlus1Hr": "BLOCKED"
      },
      "geometry": {
        "type": "LineString",
        "coordinates": [
          [
            91.775945,
            26.177249
          ],
          [
            91.776029,
            26.176955
          ],
          [
            91.776179,
            26.17647
          ],
          [
            91.776292,
            26.17614
          ],
          [
            91.776416,
            26.175759
          ],
          [
            91.7765,
            26.175501
          ],
          [
            91.776724,
            26.174817
          ],
          [
            91.776772,
            26.174624
          ],
          [
            91.776825,
            26.174422
          ],
          [
            91.776912,
            26.174136
          ],
          [
            91.77701,
            26.173834
          ],
          [
            91.777107,
            26.173533
          ],
          [
            91.77723,
            26.173172
          ],
          [
            91.777399,
            26.17267
          ],
          [
            91.777447,
            26.172531
          ],
          [
            91.77756,
            26.172207
          ],
          [
            91.777654,
            26.171945
          ],
          [
            91.777767,
            26.171611
          ],
          [
            91.777955,
            26.171117
          ],
          [
            91.778194,
            26.17048
          ],
          [
            91.778249,
            26.17033
          ],
          [
            91.778362,
            26.169997
          ],
          [
            91.778421,
            26.169819
          ],
          [
            91.778486,
            26.169621
          ],
          [
            91.778581,
            26.169359
          ],
          [
            91.778764,
            26.168818
          ],
          [
            91.778813,
            26.168661
          ],
          [
            91.779105,
            26.167766
          ],
          [
            91.77925,
            26.167317
          ],
          [
            91.779381,
            26.166915
          ],
          [
            91.779545,
            26.166425
          ],
          [
            91.779729,
            26.165864
          ],
          [
            91.779859,
            26.165452
          ],
          [
            91.779909,
            26.165306
          ],
          [
            91.780111,
            26.164716
          ],
          [
            91.780283,
            26.164195
          ],
          [
            91.780507,
            26.163517
          ],
          [
            91.780643,
            26.163102
          ],
          [
            91.78078,
            26.162661
          ],
          [
            91.780878,
            26.162355
          ],
          [
            91.780975,
            26.162054
          ],
          [
            91.781086,
            26.161744
          ],
          [
            91.781227,
            26.161327
          ],
          [
            91.7814,
            26.160824
          ],
          [
            91.781443,
            26.160699
          ],
          [
            91.781614,
            26.160196
          ]
        ]
      }
    },
    {
      "type": "Feature",
      "id": "RE-OSM-0206",
      "properties": {
        "id": "RE-OSM-0206",
        "name": "Radha Gobinda Baruah Road",
        "osmId": 543649267,
        "highway": "secondary",
        "distanceToHotspotM": 485.2,
        "nearestHotspot": "Anil Nagar",
        "riskNow": "MODERATE",
        "riskPlus1Hr": "HIGH RISK"
      },
      "geometry": {
        "type": "LineString",
        "coordinates": [
          [
            91.775529,
            26.178913
          ],
          [
            91.7755,
            26.179336
          ],
          [
            91.775475,
            26.179694
          ],
          [
            91.775442,
            26.180049
          ],
          [
            91.775435,
            26.180323
          ],
          [
            91.775431,
            26.180482
          ],
          [
            91.775426,
            26.180681
          ]
        ]
      }
    },
    {
      "type": "Feature",
      "id": "RE-OSM-0207",
      "properties": {
        "id": "RE-OSM-0207",
        "name": "Chandmari Railway Flyover",
        "osmId": 543649268,
        "highway": "secondary",
        "distanceToHotspotM": 1037.8,
        "nearestHotspot": "Anil Nagar",
        "riskNow": "NORMAL",
        "riskPlus1Hr": "MODERATE"
      },
      "geometry": {
        "type": "LineString",
        "coordinates": [
          [
            91.775687,
            26.184821
          ],
          [
            91.775695,
            26.184935
          ],
          [
            91.775671,
            26.185014
          ],
          [
            91.775612,
            26.185103
          ],
          [
            91.775535,
            26.185175
          ],
          [
            91.775475,
            26.185214
          ],
          [
            91.7754,
            26.18523
          ],
          [
            91.775307,
            26.185235
          ],
          [
            91.775205,
            26.185226
          ],
          [
            91.775105,
            26.185194
          ],
          [
            91.775044,
            26.185163
          ],
          [
            91.774966,
            26.185105
          ],
          [
            91.77492,
            26.185043
          ],
          [
            91.774885,
            26.184966
          ],
          [
            91.774872,
            26.184903
          ],
          [
            91.774848,
            26.184687
          ],
          [
            91.774844,
            26.184593
          ]
        ]
      }
    },
    {
      "type": "Feature",
      "id": "RE-OSM-0208",
      "properties": {
        "id": "RE-OSM-0208",
        "name": "Chandmari Railway Flyover",
        "osmId": 543649269,
        "highway": "secondary",
        "distanceToHotspotM": 676.9,
        "nearestHotspot": "Anil Nagar",
        "riskNow": "MODERATE",
        "riskPlus1Hr": "HIGH RISK"
      },
      "geometry": {
        "type": "LineString",
        "coordinates": [
          [
            91.775418,
            26.180995
          ],
          [
            91.775433,
            26.182063
          ],
          [
            91.775425,
            26.182265
          ],
          [
            91.775406,
            26.182412
          ],
          [
            91.775382,
            26.182602
          ],
          [
            91.77536,
            26.182795
          ],
          [
            91.77536,
            26.182951
          ],
          [
            91.775379,
            26.183266
          ],
          [
            91.775402,
            26.183446
          ]
        ]
      }
    },
    {
      "type": "Feature",
      "id": "RE-OSM-0209",
      "properties": {
        "id": "RE-OSM-0209",
        "name": "Ambikagiri Nagar Path",
        "osmId": 543650234,
        "highway": "tertiary",
        "distanceToHotspotM": 159.7,
        "nearestHotspot": "Zoo Road",
        "riskNow": "HIGH RISK",
        "riskPlus1Hr": "BLOCKED"
      },
      "geometry": {
        "type": "LineString",
        "coordinates": [
          [
            91.785042,
            26.172801
          ],
          [
            91.78522,
            26.172435
          ],
          [
            91.784859,
            26.171556
          ],
          [
            91.784799,
            26.171146
          ],
          [
            91.784692,
            26.170417
          ],
          [
            91.784637,
            26.170045
          ],
          [
            91.784624,
            26.169952
          ],
          [
            91.784543,
            26.169404
          ],
          [
            91.784472,
            26.168919
          ],
          [
            91.784399,
            26.168192
          ],
          [
            91.784374,
            26.167947
          ],
          [
            91.784363,
            26.167691
          ],
          [
            91.784204,
            26.167227
          ],
          [
            91.783901,
            26.166628
          ],
          [
            91.783373,
            26.166483
          ],
          [
            91.783142,
            26.166431
          ],
          [
            91.779619,
            26.16692
          ],
          [
            91.779421,
            26.166927
          ]
        ]
      }
    },
    {
      "type": "Feature",
      "id": "RE-OSM-0210",
      "properties": {
        "id": "RE-OSM-0210",
        "name": "Hengerabari Road",
        "osmId": 543653045,
        "highway": "secondary",
        "distanceToHotspotM": 248.0,
        "nearestHotspot": "Zoo Road",
        "riskNow": "HIGH RISK",
        "riskPlus1Hr": "BLOCKED"
      },
      "geometry": {
        "type": "LineString",
        "coordinates": [
          [
            91.780547,
            26.163102
          ],
          [
            91.780678,
            26.163129
          ],
          [
            91.781714,
            26.163072
          ],
          [
            91.781752,
            26.163067
          ],
          [
            91.781781,
            26.163056
          ],
          [
            91.781802,
            26.163038
          ],
          [
            91.781921,
            26.162832
          ],
          [
            91.782012,
            26.162662
          ],
          [
            91.782143,
            26.162542
          ],
          [
            91.782383,
            26.16232
          ],
          [
            91.783208,
            26.16191
          ],
          [
            91.783646,
            26.161692
          ],
          [
            91.783887,
            26.161572
          ],
          [
            91.783993,
            26.161547
          ],
          [
            91.784426,
            26.161446
          ],
          [
            91.784778,
            26.161364
          ],
          [
            91.784866,
            26.161335
          ],
          [
            91.785669,
            26.161071
          ],
          [
            91.785801,
            26.161028
          ],
          [
            91.785966,
            26.16088
          ],
          [
            91.786422,
            26.160437
          ],
          [
            91.786473,
            26.160383
          ],
          [
            91.786845,
            26.160026
          ],
          [
            91.786965,
            26.15991
          ],
          [
            91.787042,
            26.15983
          ],
          [
            91.787455,
            26.159396
          ],
          [
            91.78773,
            26.159107
          ],
          [
            91.788132,
            26.15869
          ],
          [
            91.788298,
            26.158517
          ],
          [
            91.788615,
            26.158045
          ],
          [
            91.788767,
            26.157772
          ],
          [
            91.788982,
            26.157383
          ],
          [
            91.789022,
            26.157323
          ],
          [
            91.78924,
            26.156998
          ],
          [
            91.789267,
            26.156963
          ],
          [
            91.789767,
            26.156325
          ],
          [
            91.789924,
            26.156135
          ],
          [
            91.790007,
            26.156034
          ],
          [
            91.790155,
            26.155829
          ],
          [
            91.790345,
            26.155497
          ],
          [
            91.790456,
            26.155399
          ],
          [
            91.790633,
            26.155226
          ],
          [
            91.790871,
            26.154973
          ],
          [
            91.791007,
            26.154774
          ],
          [
            91.79116,
            26.15455
          ],
          [
            91.791284,
            26.154294
          ],
          [
            91.791418,
            26.154019
          ],
          [
            91.791438,
            26.153965
          ],
          [
            91.791698,
            26.153258
          ],
          [
            91.791842,
            26.152757
          ],
          [
            91.792062,
            26.152402
          ],
          [
            91.792526,
            26.151794
          ],
          [
            91.792836,
            26.151359
          ],
          [
            91.793399,
            26.150571
          ],
          [
            91.793604,
            26.150283
          ],
          [
            91.793656,
            26.15026
          ],
          [
            91.793789,
            26.150199
          ],
          [
            91.793955,
            26.15016
          ],
          [
            91.794159,
            26.150146
          ],
          [
            91.794443,
            26.150185
          ],
          [
            91.794996,
            26.150481
          ],
          [
            91.795208,
            26.150531
          ],
          [
            91.795857,
            26.150558
          ],
          [
            91.796345,
            26.150548
          ],
          [
            91.796502,
            26.150557
          ],
          [
            91.79668,
            26.15057
          ],
          [
            91.797276,
            26.150684
          ],
          [
            91.797752,
            26.150774
          ],
          [
            91.798099,
            26.150796
          ],
          [
            91.798434,
            26.150801
          ],
          [
            91.798628,
            26.150766
          ],
          [
            91.799253,
            26.150597
          ],
          [
            91.800063,
            26.150211
          ],
          [
            91.800119,
            26.150184
          ],
          [
            91.80042,
            26.150099
          ],
          [
            91.800787,
            26.150009
          ],
          [
            91.800869,
            26.149982
          ],
          [
            91.800975,
            26.149949
          ],
          [
            91.801264,
            26.149797
          ],
          [
            91.801465,
            26.149766
          ],
          [
            91.80177,
            26.149819
          ],
          [
            91.802292,
            26.14991
          ],
          [
            91.802924,
            26.150113
          ],
          [
            91.803065,
            26.150159
          ],
          [
            91.803094,
            26.150168
          ],
          [
            91.80331,
            26.150213
          ],
          [
            91.803544,
            26.150262
          ],
          [
            91.803862,
            26.150275
          ],
          [
            91.803904,
            26.150277
          ],
          [
            91.804062,
            26.150283
          ],
          [
            91.804571,
            26.150282
          ],
          [
            91.805524,
            26.150377
          ],
          [
            91.80613,
            26.150365
          ],
          [
            91.806428,
            26.150438
          ],
          [
            91.807152,
            26.15074
          ],
          [
            91.807516,
            26.150915
          ],
          [
            91.807603,
            26.150957
          ],
          [
            91.808224,
            26.151162
          ],
          [
            91.808675,
            26.15124
          ],
          [
            91.809286,
            26.151272
          ],
          [
            91.80937,
            26.151282
          ],
          [
            91.80971,
            26.151332
          ],
          [
            91.810217,
            26.151459
          ],
          [
            91.810512,
            26.151459
          ],
          [
            91.810555,
            26.151472
          ],
          [
            91.810992,
            26.151611
          ],
          [
            91.811113,
            26.151649
          ],
          [
            91.811512,
            26.151826
          ],
          [
            91.81155,
            26.151843
          ],
          [
            91.811636,
            26.151846
          ]
        ]
      }
    },
    {
      "type": "Feature",
      "id": "RE-OSM-0211",
      "properties": {
        "id": "RE-OSM-0211",
        "name": "F.C. Road",
        "osmId": 548223441,
        "highway": "tertiary",
        "distanceToHotspotM": 2450.8,
        "nearestHotspot": "Ulubari",
        "riskNow": "NORMAL",
        "riskPlus1Hr": "NORMAL"
      },
      "geometry": {
        "type": "LineString",
        "coordinates": [
          [
            91.752717,
            26.190249
          ],
          [
            91.751556,
            26.18992
          ]
        ]
      }
    },
    {
      "type": "Feature",
      "id": "RE-OSM-0212",
      "properties": {
        "id": "RE-OSM-0212",
        "name": "Jayanagar Road",
        "osmId": 564639519,
        "highway": "tertiary",
        "distanceToHotspotM": 873.0,
        "nearestHotspot": "Khanapara Basin",
        "riskNow": "NORMAL",
        "riskPlus1Hr": "MODERATE"
      },
      "geometry": {
        "type": "LineString",
        "coordinates": [
          [
            91.80852,
            26.131278
          ],
          [
            91.808376,
            26.131129
          ],
          [
            91.808321,
            26.131068
          ],
          [
            91.807972,
            26.130676
          ],
          [
            91.80796,
            26.130663
          ],
          [
            91.807868,
            26.130591
          ],
          [
            91.807648,
            26.130357
          ],
          [
            91.807185,
            26.129896
          ],
          [
            91.807166,
            26.129877
          ],
          [
            91.806912,
            26.129625
          ],
          [
            91.806892,
            26.129604
          ],
          [
            91.806663,
            26.129377
          ],
          [
            91.806639,
            26.129353
          ],
          [
            91.80662,
            26.129334
          ],
          [
            91.806448,
            26.129162
          ],
          [
            91.806438,
            26.129153
          ],
          [
            91.806154,
            26.128869
          ],
          [
            91.806009,
            26.128692
          ],
          [
            91.806,
            26.128675
          ],
          [
            91.805989,
            26.128652
          ],
          [
            91.805928,
            26.128532
          ],
          [
            91.80588,
            26.128311
          ],
          [
            91.805866,
            26.128108
          ],
          [
            91.805865,
            26.128096
          ],
          [
            91.805859,
            26.127997
          ],
          [
            91.805899,
            26.126493
          ],
          [
            91.805906,
            26.12623
          ],
          [
            91.805919,
            26.125757
          ],
          [
            91.805928,
            26.125401
          ],
          [
            91.805929,
            26.125261
          ],
          [
            91.805943,
            26.12471
          ],
          [
            91.805962,
            26.123911
          ],
          [
            91.805971,
            26.123533
          ],
          [
            91.805898,
            26.122783
          ],
          [
            91.805892,
            26.122715
          ],
          [
            91.805882,
            26.12262
          ],
          [
            91.805878,
            26.12257
          ],
          [
            91.805842,
            26.122207
          ],
          [
            91.805837,
            26.122155
          ],
          [
            91.805857,
            26.121215
          ],
          [
            91.805861,
            26.121012
          ],
          [
            91.805863,
            26.120899
          ],
          [
            91.805867,
            26.120691
          ],
          [
            91.805885,
            26.119858
          ],
          [
            91.805903,
            26.119283
          ],
          [
            91.805906,
            26.119196
          ],
          [
            91.80593,
            26.11862
          ],
          [
            91.80594,
            26.118327
          ],
          [
            91.805978,
            26.117206
          ],
          [
            91.805993,
            26.116714
          ],
          [
            91.806021,
            26.115935
          ],
          [
            91.806028,
            26.115722
          ],
          [
            91.806035,
            26.115528
          ],
          [
            91.80607,
            26.114267
          ],
          [
            91.806083,
            26.114095
          ]
        ]
      }
    },
    {
      "type": "Feature",
      "id": "RE-OSM-0213",
      "properties": {
        "id": "RE-OSM-0213",
        "name": "Tertiary Road",
        "osmId": 564639521,
        "highway": "tertiary",
        "distanceToHotspotM": 1137.8,
        "nearestHotspot": "Khanapara Basin",
        "riskNow": "NORMAL",
        "riskPlus1Hr": "MODERATE"
      },
      "geometry": {
        "type": "LineString",
        "coordinates": [
          [
            91.805885,
            26.119858
          ],
          [
            91.805821,
            26.119848
          ]
        ]
      }
    },
    {
      "type": "Feature",
      "id": "RE-OSM-0214",
      "properties": {
        "id": "RE-OSM-0214",
        "name": "Tertiary Road",
        "osmId": 564639522,
        "highway": "tertiary",
        "distanceToHotspotM": 1181.8,
        "nearestHotspot": "Khanapara Basin",
        "riskNow": "NORMAL",
        "riskPlus1Hr": "MODERATE"
      },
      "geometry": {
        "type": "LineString",
        "coordinates": [
          [
            91.805838,
            26.11919
          ],
          [
            91.805906,
            26.119196
          ]
        ]
      }
    },
    {
      "type": "Feature",
      "id": "RE-OSM-0215",
      "properties": {
        "id": "RE-OSM-0215",
        "name": "Tertiary Road",
        "osmId": 564639524,
        "highway": "tertiary",
        "distanceToHotspotM": 1222.1,
        "nearestHotspot": "Khanapara Basin",
        "riskNow": "NORMAL",
        "riskPlus1Hr": "MODERATE"
      },
      "geometry": {
        "type": "LineString",
        "coordinates": [
          [
            91.805857,
            26.118616
          ],
          [
            91.80593,
            26.11862
          ]
        ]
      }
    },
    {
      "type": "Feature",
      "id": "RE-OSM-0216",
      "properties": {
        "id": "RE-OSM-0216",
        "name": "B N Sakia Road",
        "osmId": 564659516,
        "highway": "secondary",
        "distanceToHotspotM": 1625.3,
        "nearestHotspot": "Khanapara Basin",
        "riskNow": "NORMAL",
        "riskPlus1Hr": "NORMAL"
      },
      "geometry": {
        "type": "LineString",
        "coordinates": [
          [
            91.798862,
            26.123378
          ],
          [
            91.798889,
            26.123316
          ],
          [
            91.799118,
            26.12279
          ],
          [
            91.799141,
            26.122678
          ],
          [
            91.799137,
            26.122545
          ],
          [
            91.79913,
            26.122458
          ],
          [
            91.798996,
            26.122068
          ],
          [
            91.798841,
            26.12179
          ],
          [
            91.79875,
            26.121628
          ],
          [
            91.798747,
            26.121621
          ],
          [
            91.798654,
            26.121439
          ],
          [
            91.798611,
            26.121379
          ],
          [
            91.798551,
            26.121067
          ],
          [
            91.798563,
            26.120804
          ],
          [
            91.798569,
            26.120683
          ],
          [
            91.798601,
            26.120446
          ],
          [
            91.7986,
            26.120349
          ],
          [
            91.7986,
            26.120304
          ],
          [
            91.798597,
            26.119554
          ],
          [
            91.798578,
            26.119336
          ],
          [
            91.798554,
            26.119054
          ],
          [
            91.798537,
            26.11885
          ],
          [
            91.798531,
            26.118784
          ],
          [
            91.798519,
            26.118636
          ],
          [
            91.798475,
            26.11827
          ],
          [
            91.798439,
            26.117968
          ],
          [
            91.798434,
            26.117914
          ],
          [
            91.798374,
            26.117425
          ],
          [
            91.798362,
            26.117334
          ],
          [
            91.798281,
            26.116708
          ],
          [
            91.798143,
            26.11564
          ],
          [
            91.79814,
            26.115605
          ],
          [
            91.798134,
            26.115544
          ],
          [
            91.798012,
            26.114272
          ]
        ]
      }
    },
    {
      "type": "Feature",
      "id": "RE-OSM-0217",
      "properties": {
        "id": "RE-OSM-0217",
        "name": "Pir Azan Fakir Road",
        "osmId": 564665216,
        "highway": "tertiary",
        "distanceToHotspotM": 563.8,
        "nearestHotspot": "Khanapara Basin",
        "riskNow": "MODERATE",
        "riskPlus1Hr": "HIGH RISK"
      },
      "geometry": {
        "type": "LineString",
        "coordinates": [
          [
            91.8168,
            26.121194
          ],
          [
            91.819575,
            26.120717
          ],
          [
            91.820005,
            26.120643
          ],
          [
            91.820159,
            26.12062
          ],
          [
            91.820235,
            26.120624
          ],
          [
            91.820302,
            26.120649
          ],
          [
            91.820392,
            26.120713
          ],
          [
            91.820896,
            26.12121
          ],
          [
            91.820958,
            26.121329
          ]
        ]
      }
    },
    {
      "type": "Feature",
      "id": "RE-OSM-0218",
      "properties": {
        "id": "RE-OSM-0218",
        "name": "Pir Azan Fakir Road",
        "osmId": 564665217,
        "highway": "tertiary",
        "distanceToHotspotM": 496.2,
        "nearestHotspot": "Khanapara Basin",
        "riskNow": "MODERATE",
        "riskPlus1Hr": "HIGH RISK"
      },
      "geometry": {
        "type": "LineString",
        "coordinates": [
          [
            91.8168,
            26.121194
          ],
          [
            91.816723,
            26.121192
          ],
          [
            91.814966,
            26.121478
          ],
          [
            91.814398,
            26.12157
          ],
          [
            91.813969,
            26.121621
          ],
          [
            91.812934,
            26.121747
          ],
          [
            91.811634,
            26.121905
          ],
          [
            91.810729,
            26.122016
          ],
          [
            91.809613,
            26.122156
          ],
          [
            91.808167,
            26.122337
          ],
          [
            91.807599,
            26.122408
          ],
          [
            91.807357,
            26.122438
          ],
          [
            91.805921,
            26.122615
          ],
          [
            91.805882,
            26.12262
          ],
          [
            91.805813,
            26.122629
          ],
          [
            91.805743,
            26.122637
          ],
          [
            91.805686,
            26.122644
          ],
          [
            91.805142,
            26.122713
          ],
          [
            91.80461,
            26.122779
          ],
          [
            91.804511,
            26.122792
          ],
          [
            91.80444,
            26.122801
          ]
        ]
      }
    },
    {
      "type": "Feature",
      "id": "RE-OSM-0219",
      "properties": {
        "id": "RE-OSM-0219",
        "name": "NH37",
        "osmId": 564671760,
        "highway": "trunk",
        "distanceToHotspotM": 869.9,
        "nearestHotspot": "Khanapara Basin",
        "riskNow": "NORMAL",
        "riskPlus1Hr": "MODERATE"
      },
      "geometry": {
        "type": "LineString",
        "coordinates": [
          [
            91.811909,
            26.115754
          ],
          [
            91.812074,
            26.115817
          ],
          [
            91.812241,
            26.115891
          ],
          [
            91.812575,
            26.116073
          ],
          [
            91.813235,
            26.116477
          ],
          [
            91.815183,
            26.117713
          ],
          [
            91.815445,
            26.117862
          ],
          [
            91.815713,
            26.117994
          ],
          [
            91.81588,
            26.11807
          ],
          [
            91.816061,
            26.11814
          ],
          [
            91.816271,
            26.118217
          ],
          [
            91.816489,
            26.118292
          ]
        ]
      }
    },
    {
      "type": "Feature",
      "id": "RE-OSM-0220",
      "properties": {
        "id": "RE-OSM-0220",
        "name": "Basistha Chariali Flyover",
        "osmId": 564671761,
        "highway": "trunk",
        "distanceToHotspotM": 1517.9,
        "nearestHotspot": "Khanapara Basin",
        "riskNow": "NORMAL",
        "riskPlus1Hr": "NORMAL"
      },
      "geometry": {
        "type": "LineString",
        "coordinates": [
          [
            91.807119,
            26.114326
          ],
          [
            91.804396,
            26.113571
          ],
          [
            91.803766,
            26.113371
          ],
          [
            91.802718,
            26.113019
          ],
          [
            91.802161,
            26.112844
          ],
          [
            91.801872,
            26.112779
          ],
          [
            91.801502,
            26.112696
          ],
          [
            91.801179,
            26.112634
          ],
          [
            91.800577,
            26.112544
          ],
          [
            91.800328,
            26.112512
          ],
          [
            91.799974,
            26.11247
          ],
          [
            91.799511,
            26.11242
          ],
          [
            91.798769,
            26.112331
          ],
          [
            91.797901,
            26.112214
          ],
          [
            91.797358,
            26.112139
          ],
          [
            91.796034,
            26.111938
          ],
          [
            91.795223,
            26.111826
          ],
          [
            91.793016,
            26.111567
          ]
        ]
      }
    },
    {
      "type": "Feature",
      "id": "RE-OSM-0221",
      "properties": {
        "id": "RE-OSM-0221",
        "name": "Secondary Road",
        "osmId": 564671763,
        "highway": "secondary",
        "distanceToHotspotM": 2282.3,
        "nearestHotspot": "Khanapara Basin",
        "riskNow": "NORMAL",
        "riskPlus1Hr": "NORMAL"
      },
      "geometry": {
        "type": "LineString",
        "coordinates": [
          [
            91.797833,
            26.112446
          ],
          [
            91.797812,
            26.112046
          ]
        ]
      }
    },
    {
      "type": "Feature",
      "id": "RE-OSM-0222",
      "properties": {
        "id": "RE-OSM-0222",
        "name": "Secondary Road",
        "osmId": 564671764,
        "highway": "secondary",
        "distanceToHotspotM": 2287.9,
        "nearestHotspot": "Khanapara Basin",
        "riskNow": "NORMAL",
        "riskPlus1Hr": "NORMAL"
      },
      "geometry": {
        "type": "LineString",
        "coordinates": [
          [
            91.797731,
            26.112032
          ],
          [
            91.797767,
            26.112438
          ]
        ]
      }
    },
    {
      "type": "Feature",
      "id": "RE-OSM-0223",
      "properties": {
        "id": "RE-OSM-0223",
        "name": "Tertiary Road",
        "osmId": 564671765,
        "highway": "tertiary",
        "distanceToHotspotM": 873.2,
        "nearestHotspot": "Khanapara Basin",
        "riskNow": "NORMAL",
        "riskPlus1Hr": "MODERATE"
      },
      "geometry": {
        "type": "LineString",
        "coordinates": [
          [
            91.816821,
            26.11832
          ],
          [
            91.81681,
            26.118284
          ],
          [
            91.816367,
            26.118077
          ],
          [
            91.816151,
            26.11798
          ]
        ]
      }
    },
    {
      "type": "Feature",
      "id": "RE-OSM-0224",
      "properties": {
        "id": "RE-OSM-0224",
        "name": "Tertiary Road",
        "osmId": 564671768,
        "highway": "tertiary",
        "distanceToHotspotM": 1912.1,
        "nearestHotspot": "Boragaon Bypass",
        "riskNow": "NORMAL",
        "riskPlus1Hr": "NORMAL"
      },
      "geometry": {
        "type": "LineString",
        "coordinates": [
          [
            91.718862,
            26.115977
          ],
          [
            91.718819,
            26.117146
          ],
          [
            91.718771,
            26.11825
          ],
          [
            91.718765,
            26.118379
          ],
          [
            91.718739,
            26.118553
          ],
          [
            91.718712,
            26.118736
          ],
          [
            91.718799,
            26.119098
          ],
          [
            91.718819,
            26.119179
          ],
          [
            91.718953,
            26.119637
          ],
          [
            91.718905,
            26.119752
          ],
          [
            91.718508,
            26.119834
          ],
          [
            91.717853,
            26.119953
          ],
          [
            91.717427,
            26.120031
          ]
        ]
      }
    },
    {
      "type": "Feature",
      "id": "RE-OSM-0225",
      "properties": {
        "id": "RE-OSM-0225",
        "name": "Tertiary Road",
        "osmId": 564671771,
        "highway": "tertiary",
        "distanceToHotspotM": 2127.9,
        "nearestHotspot": "Boragaon Bypass",
        "riskNow": "NORMAL",
        "riskPlus1Hr": "NORMAL"
      },
      "geometry": {
        "type": "LineString",
        "coordinates": [
          [
            91.710183,
            26.115964
          ],
          [
            91.711019,
            26.115986
          ],
          [
            91.712344,
            26.116005
          ],
          [
            91.71353,
            26.116014
          ],
          [
            91.714942,
            26.116018
          ]
        ]
      }
    },
    {
      "type": "Feature",
      "id": "RE-OSM-0226",
      "properties": {
        "id": "RE-OSM-0226",
        "name": "Pir Azan Fakir Road",
        "osmId": 564682907,
        "highway": "secondary",
        "distanceToHotspotM": 908.4,
        "nearestHotspot": "Rukminigaon",
        "riskNow": "NORMAL",
        "riskPlus1Hr": "MODERATE"
      },
      "geometry": {
        "type": "LineString",
        "coordinates": [
          [
            91.798806,
            26.123339
          ],
          [
            91.798703,
            26.123525
          ],
          [
            91.798682,
            26.123564
          ],
          [
            91.798643,
            26.123634
          ],
          [
            91.798621,
            26.123674
          ],
          [
            91.798553,
            26.123796
          ],
          [
            91.798541,
            26.123818
          ],
          [
            91.798261,
            26.124324
          ],
          [
            91.79825,
            26.124343
          ],
          [
            91.797687,
            26.125362
          ],
          [
            91.797351,
            26.125969
          ],
          [
            91.797337,
            26.125994
          ],
          [
            91.796914,
            26.126716
          ],
          [
            91.796906,
            26.126773
          ],
          [
            91.796637,
            26.127251
          ],
          [
            91.796312,
            26.127848
          ],
          [
            91.796103,
            26.128218
          ],
          [
            91.795864,
            26.128655
          ],
          [
            91.795819,
            26.128737
          ],
          [
            91.795586,
            26.12917
          ],
          [
            91.79542,
            26.129471
          ],
          [
            91.795398,
            26.129511
          ],
          [
            91.79525,
            26.129766
          ],
          [
            91.794935,
            26.130336
          ],
          [
            91.794727,
            26.13071
          ],
          [
            91.79465,
            26.13085
          ],
          [
            91.79434,
            26.13141
          ],
          [
            91.794188,
            26.131685
          ],
          [
            91.793918,
            26.132172
          ],
          [
            91.793827,
            26.132338
          ],
          [
            91.79377,
            26.13244
          ],
          [
            91.793317,
            26.133258
          ],
          [
            91.792918,
            26.133981
          ],
          [
            91.792669,
            26.13443
          ],
          [
            91.792619,
            26.13452
          ],
          [
            91.792417,
            26.13485
          ],
          [
            91.792273,
            26.135147
          ],
          [
            91.792151,
            26.135367
          ]
        ]
      }
    },
    {
      "type": "Feature",
      "id": "RE-OSM-0227",
      "properties": {
        "id": "RE-OSM-0227",
        "name": "Secondary Road",
        "osmId": 564682909,
        "highway": "secondary",
        "distanceToHotspotM": 1015.2,
        "nearestHotspot": "Rukminigaon",
        "riskNow": "NORMAL",
        "riskPlus1Hr": "MODERATE"
      },
      "geometry": {
        "type": "LineString",
        "coordinates": [
          [
            91.789834,
            26.13924
          ],
          [
            91.789677,
            26.139212
          ],
          [
            91.789484,
            26.139177
          ],
          [
            91.789333,
            26.139165
          ],
          [
            91.789022,
            26.13914
          ],
          [
            91.788765,
            26.1392
          ],
          [
            91.788466,
            26.139335
          ],
          [
            91.788119,
            26.139616
          ],
          [
            91.787931,
            26.13982
          ],
          [
            91.787817,
            26.139955
          ],
          [
            91.787728,
            26.140061
          ],
          [
            91.78745,
            26.140499
          ]
        ]
      }
    },
    {
      "type": "Feature",
      "id": "RE-OSM-0228",
      "properties": {
        "id": "RE-OSM-0228",
        "name": "Secondary Road",
        "osmId": 564682911,
        "highway": "secondary",
        "distanceToHotspotM": 980.0,
        "nearestHotspot": "Rukminigaon",
        "riskNow": "NORMAL",
        "riskPlus1Hr": "MODERATE"
      },
      "geometry": {
        "type": "LineString",
        "coordinates": [
          [
            91.789836,
            26.139506
          ],
          [
            91.789884,
            26.139536
          ],
          [
            91.789951,
            26.139556
          ],
          [
            91.790021,
            26.139553
          ],
          [
            91.790086,
            26.13953
          ],
          [
            91.790139,
            26.139488
          ],
          [
            91.790157,
            26.139465
          ],
          [
            91.790171,
            26.139439
          ],
          [
            91.79018,
            26.139411
          ],
          [
            91.790184,
            26.139356
          ],
          [
            91.790169,
            26.139302
          ],
          [
            91.790138,
            26.139254
          ],
          [
            91.790092,
            26.139217
          ],
          [
            91.790033,
            26.139194
          ],
          [
            91.789962,
            26.139188
          ],
          [
            91.789893,
            26.139204
          ],
          [
            91.789834,
            26.13924
          ],
          [
            91.789801,
            26.139278
          ],
          [
            91.78978,
            26.139322
          ],
          [
            91.789772,
            26.139369
          ],
          [
            91.789779,
            26.139417
          ],
          [
            91.7898,
            26.139465
          ],
          [
            91.789836,
            26.139506
          ]
        ]
      }
    },
    {
      "type": "Feature",
      "id": "RE-OSM-0229",
      "properties": {
        "id": "RE-OSM-0229",
        "name": "Pir Azan Fakir Road",
        "osmId": 564682914,
        "highway": "secondary",
        "distanceToHotspotM": 926.1,
        "nearestHotspot": "Rukminigaon",
        "riskNow": "NORMAL",
        "riskPlus1Hr": "MODERATE"
      },
      "geometry": {
        "type": "LineString",
        "coordinates": [
          [
            91.790092,
            26.139217
          ],
          [
            91.79095,
            26.137666
          ]
        ]
      }
    },
    {
      "type": "Feature",
      "id": "RE-OSM-0230",
      "properties": {
        "id": "RE-OSM-0230",
        "name": "Secondary Road",
        "osmId": 564697246,
        "highway": "secondary",
        "distanceToHotspotM": 504.4,
        "nearestHotspot": "Rukminigaon",
        "riskNow": "MODERATE",
        "riskPlus1Hr": "HIGH RISK"
      },
      "geometry": {
        "type": "LineString",
        "coordinates": [
          [
            91.79542,
            26.141417
          ],
          [
            91.795339,
            26.141342
          ],
          [
            91.795158,
            26.141223
          ],
          [
            91.794987,
            26.141136
          ],
          [
            91.793719,
            26.140666
          ],
          [
            91.792165,
            26.140138
          ],
          [
            91.791879,
            26.14005
          ],
          [
            91.791378,
            26.139872
          ]
        ]
      }
    },
    {
      "type": "Feature",
      "id": "RE-OSM-0231",
      "properties": {
        "id": "RE-OSM-0231",
        "name": "Primary Road",
        "osmId": 564697251,
        "highway": "primary",
        "distanceToHotspotM": 1162.4,
        "nearestHotspot": "Rukminigaon",
        "riskNow": "NORMAL",
        "riskPlus1Hr": "MODERATE"
      },
      "geometry": {
        "type": "LineString",
        "coordinates": [
          [
            91.790292,
            26.145603
          ],
          [
            91.7903,
            26.145615
          ],
          [
            91.790321,
            26.145634
          ],
          [
            91.790347,
            26.145647
          ],
          [
            91.790362,
            26.14565
          ],
          [
            91.790382,
            26.145652
          ],
          [
            91.790417,
            26.145647
          ],
          [
            91.790448,
            26.145632
          ],
          [
            91.790472,
            26.145609
          ],
          [
            91.790486,
            26.145579
          ],
          [
            91.790488,
            26.145547
          ],
          [
            91.790478,
            26.145516
          ]
        ]
      }
    },
    {
      "type": "Feature",
      "id": "RE-OSM-0232",
      "properties": {
        "id": "RE-OSM-0232",
        "name": "Primary Road",
        "osmId": 564697252,
        "highway": "primary",
        "distanceToHotspotM": 1162.4,
        "nearestHotspot": "Rukminigaon",
        "riskNow": "NORMAL",
        "riskPlus1Hr": "MODERATE"
      },
      "geometry": {
        "type": "LineString",
        "coordinates": [
          [
            91.790478,
            26.145516
          ],
          [
            91.790457,
            26.145491
          ],
          [
            91.790442,
            26.145482
          ]
        ]
      }
    },
    {
      "type": "Feature",
      "id": "RE-OSM-0233",
      "properties": {
        "id": "RE-OSM-0233",
        "name": "Mahapurush Srimanta Sankardeva Path",
        "osmId": 564697253,
        "highway": "primary",
        "distanceToHotspotM": 1183.0,
        "nearestHotspot": "Rukminigaon",
        "riskNow": "NORMAL",
        "riskPlus1Hr": "MODERATE"
      },
      "geometry": {
        "type": "LineString",
        "coordinates": [
          [
            91.790292,
            26.145603
          ],
          [
            91.789326,
            26.14638
          ],
          [
            91.788663,
            26.146887
          ],
          [
            91.788265,
            26.14719
          ],
          [
            91.78783,
            26.147536
          ],
          [
            91.787729,
            26.14762
          ]
        ]
      }
    },
    {
      "type": "Feature",
      "id": "RE-OSM-0234",
      "properties": {
        "id": "RE-OSM-0234",
        "name": "Primary Road",
        "osmId": 564697254,
        "highway": "primary",
        "distanceToHotspotM": 1163.0,
        "nearestHotspot": "Rukminigaon",
        "riskNow": "NORMAL",
        "riskPlus1Hr": "MODERATE"
      },
      "geometry": {
        "type": "LineString",
        "coordinates": [
          [
            91.790442,
            26.145482
          ],
          [
            91.790428,
            26.145473
          ],
          [
            91.790393,
            26.145464
          ],
          [
            91.790358,
            26.145466
          ],
          [
            91.790325,
            26.145479
          ],
          [
            91.790299,
            26.145501
          ],
          [
            91.790283,
            26.145529
          ],
          [
            91.790278,
            26.145561
          ],
          [
            91.790285,
            26.145592
          ],
          [
            91.790292,
            26.145603
          ]
        ]
      }
    },
    {
      "type": "Feature",
      "id": "RE-OSM-0235",
      "properties": {
        "id": "RE-OSM-0235",
        "name": "Mahapurush Srimanta Sankardeva Path",
        "osmId": 564697255,
        "highway": "primary",
        "distanceToHotspotM": 135.3,
        "nearestHotspot": "Rukminigaon",
        "riskNow": "HIGH RISK",
        "riskPlus1Hr": "BLOCKED"
      },
      "geometry": {
        "type": "LineString",
        "coordinates": [
          [
            91.799136,
            26.138563
          ],
          [
            91.800156,
            26.137813
          ],
          [
            91.80044,
            26.137596
          ],
          [
            91.801091,
            26.137094
          ],
          [
            91.801537,
            26.136735
          ],
          [
            91.801769,
            26.13655
          ],
          [
            91.802122,
            26.136265
          ],
          [
            91.802522,
            26.135944
          ],
          [
            91.803511,
            26.135199
          ],
          [
            91.803605,
            26.135123
          ],
          [
            91.804484,
            26.134417
          ],
          [
            91.805517,
            26.13361
          ]
        ]
      }
    },
    {
      "type": "Feature",
      "id": "RE-OSM-0236",
      "properties": {
        "id": "RE-OSM-0236",
        "name": "Tertiary Road",
        "osmId": 565084766,
        "highway": "tertiary",
        "distanceToHotspotM": 856.8,
        "nearestHotspot": "Khanapara Basin",
        "riskNow": "NORMAL",
        "riskPlus1Hr": "MODERATE"
      },
      "geometry": {
        "type": "LineString",
        "coordinates": [
          [
            91.799753,
            26.112685
          ],
          [
            91.800339,
            26.112747
          ],
          [
            91.800395,
            26.112752
          ],
          [
            91.801391,
            26.112876
          ],
          [
            91.802102,
            26.11307
          ],
          [
            91.803622,
            26.113528
          ],
          [
            91.803957,
            26.113628
          ],
          [
            91.805373,
            26.114048
          ],
          [
            91.805937,
            26.114226
          ],
          [
            91.805993,
            26.114243
          ],
          [
            91.80607,
            26.114267
          ],
          [
            91.806127,
            26.114284
          ],
          [
            91.807462,
            26.114653
          ],
          [
            91.807555,
            26.114679
          ],
          [
            91.807935,
            26.114784
          ],
          [
            91.808892,
            26.115039
          ],
          [
            91.809544,
            26.11525
          ],
          [
            91.81012,
            26.115426
          ],
          [
            91.810188,
            26.115447
          ],
          [
            91.810919,
            26.115643
          ],
          [
            91.811338,
            26.115755
          ],
          [
            91.811706,
            26.115854
          ],
          [
            91.811973,
            26.115925
          ],
          [
            91.812316,
            26.116094
          ],
          [
            91.813176,
            26.116679
          ],
          [
            91.814119,
            26.117204
          ],
          [
            91.814643,
            26.117489
          ],
          [
            91.815096,
            26.11779
          ],
          [
            91.815596,
            26.118061
          ],
          [
            91.815877,
            26.118193
          ],
          [
            91.816196,
            26.118323
          ],
          [
            91.816449,
            26.118405
          ],
          [
            91.816777,
            26.118453
          ]
        ]
      }
    },
    {
      "type": "Feature",
      "id": "RE-OSM-0237",
      "properties": {
        "id": "RE-OSM-0237",
        "name": "NH27",
        "osmId": 565084773,
        "highway": "trunk",
        "distanceToHotspotM": 2537.6,
        "nearestHotspot": "Hatigaon - Bhetapara",
        "riskNow": "NORMAL",
        "riskPlus1Hr": "NORMAL"
      },
      "geometry": {
        "type": "LineString",
        "coordinates": [
          [
            91.777382,
            26.1112
          ],
          [
            91.778455,
            26.111131
          ],
          [
            91.77982,
            26.111191
          ],
          [
            91.781161,
            26.111215
          ],
          [
            91.782017,
            26.111239
          ],
          [
            91.783597,
            26.111299
          ],
          [
            91.784638,
            26.11134
          ],
          [
            91.786081,
            26.111376
          ],
          [
            91.788188,
            26.111397
          ],
          [
            91.788329,
            26.111398
          ],
          [
            91.78921,
            26.111424
          ]
        ]
      }
    },
    {
      "type": "Feature",
      "id": "RE-OSM-0238",
      "properties": {
        "id": "RE-OSM-0238",
        "name": "NH37",
        "osmId": 565084777,
        "highway": "tertiary",
        "distanceToHotspotM": 2573.8,
        "nearestHotspot": "Hatigaon - Bhetapara",
        "riskNow": "NORMAL",
        "riskPlus1Hr": "NORMAL"
      },
      "geometry": {
        "type": "LineString",
        "coordinates": [
          [
            91.777479,
            26.110893
          ],
          [
            91.776923,
            26.11089
          ],
          [
            91.776376,
            26.11089
          ],
          [
            91.775324,
            26.110905
          ],
          [
            91.774889,
            26.110909
          ],
          [
            91.774301,
            26.110916
          ],
          [
            91.773886,
            26.110924
          ],
          [
            91.773532,
            26.110924
          ],
          [
            91.772571,
            26.110943
          ],
          [
            91.769164,
            26.111025
          ],
          [
            91.767758,
            26.111063
          ],
          [
            91.766648,
            26.111073
          ],
          [
            91.765602,
            26.111068
          ]
        ]
      }
    },
    {
      "type": "Feature",
      "id": "RE-OSM-0239",
      "properties": {
        "id": "RE-OSM-0239",
        "name": "Tertiary Road",
        "osmId": 565084785,
        "highway": "tertiary",
        "distanceToHotspotM": 865.1,
        "nearestHotspot": "Khanapara Basin",
        "riskNow": "NORMAL",
        "riskPlus1Hr": "MODERATE"
      },
      "geometry": {
        "type": "LineString",
        "coordinates": [
          [
            91.816821,
            26.11832
          ],
          [
            91.816801,
            26.118389
          ]
        ]
      }
    },
    {
      "type": "Feature",
      "id": "RE-OSM-0240",
      "properties": {
        "id": "RE-OSM-0240",
        "name": "Tertiary Road",
        "osmId": 565084787,
        "highway": "tertiary",
        "distanceToHotspotM": 857.0,
        "nearestHotspot": "Khanapara Basin",
        "riskNow": "NORMAL",
        "riskPlus1Hr": "MODERATE"
      },
      "geometry": {
        "type": "LineString",
        "coordinates": [
          [
            91.816777,
            26.118453
          ],
          [
            91.817272,
            26.118568
          ],
          [
            91.818018,
            26.118717
          ]
        ]
      }
    },
    {
      "type": "Feature",
      "id": "RE-OSM-0241",
      "properties": {
        "id": "RE-OSM-0241",
        "name": "Tertiary Road",
        "osmId": 565084789,
        "highway": "tertiary",
        "distanceToHotspotM": 864.1,
        "nearestHotspot": "Khanapara Basin",
        "riskNow": "NORMAL",
        "riskPlus1Hr": "MODERATE"
      },
      "geometry": {
        "type": "LineString",
        "coordinates": [
          [
            91.818018,
            26.118717
          ],
          [
            91.820001,
            26.119093
          ],
          [
            91.821302,
            26.119351
          ],
          [
            91.821876,
            26.119469
          ],
          [
            91.821978,
            26.11949
          ],
          [
            91.822229,
            26.119557
          ]
        ]
      }
    },
    {
      "type": "Feature",
      "id": "RE-OSM-0242",
      "properties": {
        "id": "RE-OSM-0242",
        "name": "Trunk_link Road",
        "osmId": 565084791,
        "highway": "trunk_link",
        "distanceToHotspotM": 1072.6,
        "nearestHotspot": "Khanapara Basin",
        "riskNow": "NORMAL",
        "riskPlus1Hr": "MODERATE"
      },
      "geometry": {
        "type": "LineString",
        "coordinates": [
          [
            91.82407,
            26.119616
          ],
          [
            91.823813,
            26.119567
          ],
          [
            91.823143,
            26.119434
          ],
          [
            91.822937,
            26.11937
          ],
          [
            91.822671,
            26.119246
          ]
        ]
      }
    },
    {
      "type": "Feature",
      "id": "RE-OSM-0243",
      "properties": {
        "id": "RE-OSM-0243",
        "name": "Trunk_link Road",
        "osmId": 565097090,
        "highway": "trunk_link",
        "distanceToHotspotM": 1135.7,
        "nearestHotspot": "Khanapara Basin",
        "riskNow": "NORMAL",
        "riskPlus1Hr": "MODERATE"
      },
      "geometry": {
        "type": "LineString",
        "coordinates": [
          [
            91.824109,
            26.119883
          ],
          [
            91.824652,
            26.119907
          ],
          [
            91.824777,
            26.119894
          ],
          [
            91.824899,
            26.119881
          ],
          [
            91.825074,
            26.119836
          ],
          [
            91.82533,
            26.119691
          ]
        ]
      }
    },
    {
      "type": "Feature",
      "id": "RE-OSM-0244",
      "properties": {
        "id": "RE-OSM-0244",
        "name": "G.S. Road",
        "osmId": 565100016,
        "highway": "primary",
        "distanceToHotspotM": 970.2,
        "nearestHotspot": "Ulubari",
        "riskNow": "NORMAL",
        "riskPlus1Hr": "MODERATE"
      },
      "geometry": {
        "type": "LineString",
        "coordinates": [
          [
            91.75146,
            26.179089
          ],
          [
            91.75158,
            26.178987
          ],
          [
            91.751779,
            26.178822
          ],
          [
            91.752321,
            26.178462
          ],
          [
            91.752906,
            26.17808
          ],
          [
            91.753136,
            26.17793
          ],
          [
            91.753252,
            26.177855
          ],
          [
            91.753295,
            26.177828
          ],
          [
            91.754031,
            26.177372
          ],
          [
            91.754135,
            26.177304
          ],
          [
            91.754416,
            26.177121
          ],
          [
            91.754575,
            26.177017
          ],
          [
            91.754789,
            26.176876
          ],
          [
            91.755278,
            26.176554
          ]
        ]
      }
    },
    {
      "type": "Feature",
      "id": "RE-OSM-0245",
      "properties": {
        "id": "RE-OSM-0245",
        "name": "Secondary Road",
        "osmId": 565100030,
        "highway": "secondary",
        "distanceToHotspotM": 1439.7,
        "nearestHotspot": "Hatigaon - Bhetapara",
        "riskNow": "NORMAL",
        "riskPlus1Hr": "NORMAL"
      },
      "geometry": {
        "type": "LineString",
        "coordinates": [
          [
            91.786821,
            26.1452
          ],
          [
            91.786834,
            26.145153
          ],
          [
            91.786831,
            26.145105
          ],
          [
            91.786811,
            26.145061
          ],
          [
            91.786776,
            26.145025
          ],
          [
            91.78673,
            26.145
          ],
          [
            91.786677,
            26.14499
          ],
          [
            91.786624,
            26.144995
          ],
          [
            91.786571,
            26.14502
          ],
          [
            91.786534,
            26.14505
          ],
          [
            91.786509,
            26.145096
          ],
          [
            91.786502,
            26.145147
          ],
          [
            91.786515,
            26.145197
          ],
          [
            91.786546,
            26.145241
          ],
          [
            91.786559,
            26.14525
          ],
          [
            91.786592,
            26.145272
          ],
          [
            91.786646,
            26.145287
          ],
          [
            91.7867,
            26.145286
          ],
          [
            91.786713,
            26.145282
          ],
          [
            91.78675,
            26.14527
          ],
          [
            91.786792,
            26.14524
          ],
          [
            91.786821,
            26.1452
          ]
        ]
      }
    },
    {
      "type": "Feature",
      "id": "RE-OSM-0246",
      "properties": {
        "id": "RE-OSM-0246",
        "name": "Haridev Road",
        "osmId": 565103162,
        "highway": "secondary",
        "distanceToHotspotM": 1220.2,
        "nearestHotspot": "Hatigaon - Bhetapara",
        "riskNow": "NORMAL",
        "riskPlus1Hr": "MODERATE"
      },
      "geometry": {
        "type": "LineString",
        "coordinates": [
          [
            91.78675,
            26.142485
          ],
          [
            91.786714,
            26.143114
          ],
          [
            91.786674,
            26.143432
          ],
          [
            91.78661,
            26.143971
          ],
          [
            91.786593,
            26.144109
          ],
          [
            91.786554,
            26.144888
          ],
          [
            91.786571,
            26.14502
          ]
        ]
      }
    },
    {
      "type": "Feature",
      "id": "RE-OSM-0247",
      "properties": {
        "id": "RE-OSM-0247",
        "name": "Secondary Road",
        "osmId": 565103163,
        "highway": "secondary",
        "distanceToHotspotM": 1154.2,
        "nearestHotspot": "Hatigaon - Bhetapara",
        "riskNow": "NORMAL",
        "riskPlus1Hr": "MODERATE"
      },
      "geometry": {
        "type": "LineString",
        "coordinates": [
          [
            91.786587,
            26.141971
          ],
          [
            91.786604,
            26.142002
          ],
          [
            91.786644,
            26.142043
          ],
          [
            91.786697,
            26.142071
          ],
          [
            91.786756,
            26.142081
          ],
          [
            91.786817,
            26.142073
          ],
          [
            91.786871,
            26.142049
          ],
          [
            91.786913,
            26.142009
          ],
          [
            91.786939,
            26.141959
          ],
          [
            91.786945,
            26.141905
          ],
          [
            91.786932,
            26.141852
          ],
          [
            91.7869,
            26.141806
          ],
          [
            91.786853,
            26.141772
          ],
          [
            91.786796,
            26.141753
          ],
          [
            91.786736,
            26.141752
          ],
          [
            91.786681,
            26.141767
          ],
          [
            91.786634,
            26.141796
          ],
          [
            91.786599,
            26.141837
          ],
          [
            91.78658,
            26.141886
          ],
          [
            91.786578,
            26.141937
          ],
          [
            91.786587,
            26.141971
          ]
        ]
      }
    },
    {
      "type": "Feature",
      "id": "RE-OSM-0248",
      "properties": {
        "id": "RE-OSM-0248",
        "name": "Secondary Road",
        "osmId": 565103164,
        "highway": "secondary",
        "distanceToHotspotM": 1169.5,
        "nearestHotspot": "Hatigaon - Bhetapara",
        "riskNow": "NORMAL",
        "riskPlus1Hr": "MODERATE"
      },
      "geometry": {
        "type": "LineString",
        "coordinates": [
          [
            91.786604,
            26.142002
          ],
          [
            91.78675,
            26.142485
          ]
        ]
      }
    },
    {
      "type": "Feature",
      "id": "RE-OSM-0249",
      "properties": {
        "id": "RE-OSM-0249",
        "name": "Haridev Road",
        "osmId": 565103165,
        "highway": "secondary",
        "distanceToHotspotM": 1188.0,
        "nearestHotspot": "Hatigaon - Bhetapara",
        "riskNow": "NORMAL",
        "riskPlus1Hr": "MODERATE"
      },
      "geometry": {
        "type": "LineString",
        "coordinates": [
          [
            91.786624,
            26.144995
          ],
          [
            91.786625,
            26.144883
          ],
          [
            91.786662,
            26.144131
          ],
          [
            91.786745,
            26.143438
          ],
          [
            91.78688,
            26.142501
          ],
          [
            91.786939,
            26.141959
          ]
        ]
      }
    },
    {
      "type": "Feature",
      "id": "RE-OSM-0250",
      "properties": {
        "id": "RE-OSM-0250",
        "name": "Hatigaon Road",
        "osmId": 565103166,
        "highway": "secondary",
        "distanceToHotspotM": 673.3,
        "nearestHotspot": "Hatigaon - Bhetapara",
        "riskNow": "MODERATE",
        "riskPlus1Hr": "HIGH RISK"
      },
      "geometry": {
        "type": "LineString",
        "coordinates": [
          [
            91.786736,
            26.141752
          ],
          [
            91.786652,
            26.141733
          ],
          [
            91.786613,
            26.141723
          ],
          [
            91.786593,
            26.141714
          ],
          [
            91.786576,
            26.1417
          ],
          [
            91.786407,
            26.141122
          ],
          [
            91.786257,
            26.139547
          ],
          [
            91.786194,
            26.139065
          ],
          [
            91.786029,
            26.137818
          ],
          [
            91.786027,
            26.137803
          ],
          [
            91.786021,
            26.137761
          ],
          [
            91.78596,
            26.137458
          ],
          [
            91.785895,
            26.137142
          ],
          [
            91.785866,
            26.136995
          ],
          [
            91.785859,
            26.136941
          ],
          [
            91.785832,
            26.136458
          ],
          [
            91.785807,
            26.136069
          ],
          [
            91.785781,
            26.135651
          ],
          [
            91.785758,
            26.135295
          ],
          [
            91.785756,
            26.13517
          ],
          [
            91.785748,
            26.134789
          ],
          [
            91.785745,
            26.134464
          ],
          [
            91.785744,
            26.134238
          ],
          [
            91.785743,
            26.134134
          ],
          [
            91.78574,
            26.133763
          ],
          [
            91.785751,
            26.133605
          ],
          [
            91.785775,
            26.133326
          ],
          [
            91.785786,
            26.133223
          ],
          [
            91.785876,
            26.132983
          ],
          [
            91.785906,
            26.132891
          ],
          [
            91.78608,
            26.132309
          ],
          [
            91.786158,
            26.132044
          ],
          [
            91.786178,
            26.131842
          ],
          [
            91.786221,
            26.131394
          ],
          [
            91.78625,
            26.131095
          ],
          [
            91.786277,
            26.130844
          ],
          [
            91.78633,
            26.130358
          ],
          [
            91.786335,
            26.130289
          ],
          [
            91.786352,
            26.13004
          ],
          [
            91.786476,
            26.129003
          ],
          [
            91.786486,
            26.128918
          ],
          [
            91.786541,
            26.127988
          ],
          [
            91.78655,
            26.127834
          ],
          [
            91.786649,
            26.127123
          ],
          [
            91.786677,
            26.126876
          ],
          [
            91.786689,
            26.126765
          ],
          [
            91.786724,
            26.126395
          ],
          [
            91.786752,
            26.126099
          ]
        ]
      }
    },
    {
      "type": "Feature",
      "id": "RE-OSM-0251",
      "properties": {
        "id": "RE-OSM-0251",
        "name": "Secondary Road",
        "osmId": 565302567,
        "highway": "secondary",
        "distanceToHotspotM": 774.9,
        "nearestHotspot": "Khanapara Basin",
        "riskNow": "NORMAL",
        "riskPlus1Hr": "MODERATE"
      },
      "geometry": {
        "type": "LineString",
        "coordinates": [
          [
            91.811947,
            26.132407
          ],
          [
            91.811542,
            26.132397
          ],
          [
            91.811319,
            26.132401
          ],
          [
            91.810425,
            26.13236
          ],
          [
            91.809911,
            26.132284
          ],
          [
            91.809485,
            26.132167
          ],
          [
            91.80912,
            26.132038
          ],
          [
            91.80868,
            26.131835
          ],
          [
            91.808561,
            26.131781
          ],
          [
            91.808436,
            26.131719
          ],
          [
            91.808336,
            26.131643
          ],
          [
            91.808292,
            26.131605
          ],
          [
            91.808269,
            26.131569
          ],
          [
            91.80827,
            26.13152
          ],
          [
            91.808295,
            26.131451
          ]
        ]
      }
    },
    {
      "type": "Feature",
      "id": "RE-OSM-0252",
      "properties": {
        "id": "RE-OSM-0252",
        "name": "Panjabari Flyover",
        "osmId": 565302568,
        "highway": "secondary",
        "distanceToHotspotM": 781.9,
        "nearestHotspot": "Khanapara Basin",
        "riskNow": "NORMAL",
        "riskPlus1Hr": "MODERATE"
      },
      "geometry": {
        "type": "LineString",
        "coordinates": [
          [
            91.811685,
            26.132462
          ],
          [
            91.811962,
            26.132481
          ]
        ]
      }
    },
    {
      "type": "Feature",
      "id": "RE-OSM-0253",
      "properties": {
        "id": "RE-OSM-0253",
        "name": "Tertiary Road",
        "osmId": 565316308,
        "highway": "tertiary",
        "distanceToHotspotM": 768.5,
        "nearestHotspot": "Khanapara Basin",
        "riskNow": "NORMAL",
        "riskPlus1Hr": "MODERATE"
      },
      "geometry": {
        "type": "LineString",
        "coordinates": [
          [
            91.815449,
            26.132899
          ],
          [
            91.815442,
            26.132949
          ],
          [
            91.815439,
            26.132968
          ],
          [
            91.81529,
            26.133779
          ],
          [
            91.815217,
            26.134003
          ],
          [
            91.815185,
            26.134238
          ],
          [
            91.815166,
            26.134427
          ],
          [
            91.815228,
            26.134948
          ],
          [
            91.815221,
            26.135342
          ],
          [
            91.815209,
            26.135593
          ],
          [
            91.815241,
            26.135767
          ],
          [
            91.815266,
            26.135968
          ],
          [
            91.815293,
            26.136106
          ],
          [
            91.815306,
            26.136197
          ],
          [
            91.815381,
            26.1366
          ],
          [
            91.815392,
            26.136684
          ],
          [
            91.815375,
            26.137057
          ],
          [
            91.815366,
            26.13718
          ],
          [
            91.815357,
            26.137303
          ],
          [
            91.81532,
            26.137804
          ],
          [
            91.815292,
            26.138182
          ],
          [
            91.815284,
            26.138295
          ],
          [
            91.81528,
            26.138363
          ],
          [
            91.81527,
            26.138492
          ],
          [
            91.815253,
            26.138748
          ],
          [
            91.815248,
            26.138809
          ],
          [
            91.815241,
            26.138909
          ],
          [
            91.815243,
            26.139138
          ],
          [
            91.815246,
            26.139592
          ],
          [
            91.815249,
            26.140045
          ],
          [
            91.815284,
            26.140265
          ],
          [
            91.815349,
            26.140325
          ],
          [
            91.815762,
            26.140452
          ],
          [
            91.815788,
            26.140501
          ],
          [
            91.815797,
            26.140681
          ],
          [
            91.815825,
            26.141499
          ],
          [
            91.815828,
            26.141598
          ],
          [
            91.815839,
            26.141914
          ],
          [
            91.815923,
            26.142619
          ],
          [
            91.815927,
            26.142841
          ],
          [
            91.815947,
            26.143867
          ],
          [
            91.815956,
            26.144703
          ]
        ]
      }
    },
    {
      "type": "Feature",
      "id": "RE-OSM-0254",
      "properties": {
        "id": "RE-OSM-0254",
        "name": "Jayanagar Road",
        "osmId": 565316325,
        "highway": "tertiary",
        "distanceToHotspotM": 881.4,
        "nearestHotspot": "Khanapara Basin",
        "riskNow": "NORMAL",
        "riskPlus1Hr": "MODERATE"
      },
      "geometry": {
        "type": "LineString",
        "coordinates": [
          [
            91.806634,
            26.129452
          ],
          [
            91.806785,
            26.129605
          ],
          [
            91.806841,
            26.129662
          ],
          [
            91.806853,
            26.129673
          ],
          [
            91.80711,
            26.129927
          ],
          [
            91.807131,
            26.129947
          ],
          [
            91.807794,
            26.130626
          ],
          [
            91.807911,
            26.130725
          ],
          [
            91.80792,
            26.130735
          ],
          [
            91.808068,
            26.13091
          ],
          [
            91.808214,
            26.131094
          ],
          [
            91.808217,
            26.131114
          ],
          [
            91.808216,
            26.131139
          ],
          [
            91.808164,
            26.131302
          ]
        ]
      }
    },
    {
      "type": "Feature",
      "id": "RE-OSM-0255",
      "properties": {
        "id": "RE-OSM-0255",
        "name": "Jayanagar Road",
        "osmId": 565316331,
        "highway": "tertiary",
        "distanceToHotspotM": 919.2,
        "nearestHotspot": "Khanapara Basin",
        "riskNow": "NORMAL",
        "riskPlus1Hr": "MODERATE"
      },
      "geometry": {
        "type": "LineString",
        "coordinates": [
          [
            91.805934,
            26.128701
          ],
          [
            91.806075,
            26.128884
          ],
          [
            91.80637,
            26.129184
          ],
          [
            91.806389,
            26.129203
          ],
          [
            91.806588,
            26.129405
          ],
          [
            91.806608,
            26.129426
          ],
          [
            91.806634,
            26.129452
          ]
        ]
      }
    },
    {
      "type": "Feature",
      "id": "RE-OSM-0256",
      "properties": {
        "id": "RE-OSM-0256",
        "name": "Jayanagar Road",
        "osmId": 565316338,
        "highway": "tertiary",
        "distanceToHotspotM": 948.3,
        "nearestHotspot": "Khanapara Basin",
        "riskNow": "NORMAL",
        "riskPlus1Hr": "MODERATE"
      },
      "geometry": {
        "type": "LineString",
        "coordinates": [
          [
            91.805792,
            26.128092
          ],
          [
            91.805793,
            26.128108
          ],
          [
            91.805805,
            26.128331
          ],
          [
            91.805844,
            26.128501
          ],
          [
            91.805922,
            26.128674
          ],
          [
            91.805934,
            26.128701
          ]
        ]
      }
    },
    {
      "type": "Feature",
      "id": "RE-OSM-0257",
      "properties": {
        "id": "RE-OSM-0257",
        "name": "Pir Azan Fakir Road",
        "osmId": 565327369,
        "highway": "tertiary",
        "distanceToHotspotM": 487.9,
        "nearestHotspot": "Khanapara Basin",
        "riskNow": "MODERATE",
        "riskPlus1Hr": "HIGH RISK"
      },
      "geometry": {
        "type": "LineString",
        "coordinates": [
          [
            91.805157,
            26.122816
          ],
          [
            91.805668,
            26.122744
          ],
          [
            91.805753,
            26.122733
          ],
          [
            91.80582,
            26.122724
          ],
          [
            91.805892,
            26.122715
          ],
          [
            91.805931,
            26.12271
          ],
          [
            91.806589,
            26.122627
          ],
          [
            91.807372,
            26.122523
          ],
          [
            91.809173,
            26.122294
          ],
          [
            91.809611,
            26.122233
          ],
          [
            91.810389,
            26.122138
          ],
          [
            91.810757,
            26.12209
          ],
          [
            91.811634,
            26.121979
          ],
          [
            91.812864,
            26.121836
          ],
          [
            91.812984,
            26.121824
          ],
          [
            91.813974,
            26.1217
          ],
          [
            91.814206,
            26.121671
          ],
          [
            91.8144,
            26.121638
          ],
          [
            91.815954,
            26.121367
          ],
          [
            91.81655,
            26.121263
          ],
          [
            91.816726,
            26.121233
          ],
          [
            91.8168,
            26.121194
          ]
        ]
      }
    },
    {
      "type": "Feature",
      "id": "RE-OSM-0258",
      "properties": {
        "id": "RE-OSM-0258",
        "name": "Pir Azan Fakir Road",
        "osmId": 565327381,
        "highway": "tertiary",
        "distanceToHotspotM": 1112.6,
        "nearestHotspot": "Khanapara Basin",
        "riskNow": "NORMAL",
        "riskPlus1Hr": "MODERATE"
      },
      "geometry": {
        "type": "LineString",
        "coordinates": [
          [
            91.80444,
            26.122801
          ],
          [
            91.804055,
            26.122856
          ],
          [
            91.803252,
            26.122957
          ],
          [
            91.803153,
            26.122969
          ],
          [
            91.802493,
            26.123052
          ],
          [
            91.801622,
            26.123161
          ],
          [
            91.801403,
            26.123188
          ],
          [
            91.800909,
            26.12325
          ],
          [
            91.800397,
            26.123314
          ]
        ]
      }
    },
    {
      "type": "Feature",
      "id": "RE-OSM-0259",
      "properties": {
        "id": "RE-OSM-0259",
        "name": "Tertiary_link Road",
        "osmId": 565327383,
        "highway": "tertiary_link",
        "distanceToHotspotM": 1092.8,
        "nearestHotspot": "Khanapara Basin",
        "riskNow": "NORMAL",
        "riskPlus1Hr": "MODERATE"
      },
      "geometry": {
        "type": "LineString",
        "coordinates": [
          [
            91.804622,
            26.122875
          ],
          [
            91.80461,
            26.122779
          ]
        ]
      }
    },
    {
      "type": "Feature",
      "id": "RE-OSM-0260",
      "properties": {
        "id": "RE-OSM-0260",
        "name": "Tertiary Road",
        "osmId": 565327389,
        "highway": "tertiary",
        "distanceToHotspotM": 1589.7,
        "nearestHotspot": "Khanapara Basin",
        "riskNow": "NORMAL",
        "riskPlus1Hr": "NORMAL"
      },
      "geometry": {
        "type": "LineString",
        "coordinates": [
          [
            91.799321,
            26.123503
          ],
          [
            91.799316,
            26.123456
          ]
        ]
      }
    },
    {
      "type": "Feature",
      "id": "RE-OSM-0261",
      "properties": {
        "id": "RE-OSM-0261",
        "name": "Secondary_link Road",
        "osmId": 565327404,
        "highway": "secondary_link",
        "distanceToHotspotM": 1731.4,
        "nearestHotspot": "Khanapara Basin",
        "riskNow": "NORMAL",
        "riskPlus1Hr": "NORMAL"
      },
      "geometry": {
        "type": "LineString",
        "coordinates": [
          [
            91.798551,
            26.121067
          ],
          [
            91.798502,
            26.12107
          ]
        ]
      }
    },
    {
      "type": "Feature",
      "id": "RE-OSM-0262",
      "properties": {
        "id": "RE-OSM-0262",
        "name": "Secondary_link Road",
        "osmId": 565327408,
        "highway": "secondary_link",
        "distanceToHotspotM": 1715.0,
        "nearestHotspot": "Khanapara Basin",
        "riskNow": "NORMAL",
        "riskPlus1Hr": "NORMAL"
      },
      "geometry": {
        "type": "LineString",
        "coordinates": [
          [
            91.798611,
            26.121379
          ],
          [
            91.798559,
            26.121393
          ]
        ]
      }
    },
    {
      "type": "Feature",
      "id": "RE-OSM-0263",
      "properties": {
        "id": "RE-OSM-0263",
        "name": "Tertiary Road",
        "osmId": 565327422,
        "highway": "tertiary",
        "distanceToHotspotM": 1920.4,
        "nearestHotspot": "Khanapara Basin",
        "riskNow": "NORMAL",
        "riskPlus1Hr": "NORMAL"
      },
      "geometry": {
        "type": "LineString",
        "coordinates": [
          [
            91.798362,
            26.117334
          ],
          [
            91.798312,
            26.117342
          ]
        ]
      }
    },
    {
      "type": "Feature",
      "id": "RE-OSM-0264",
      "properties": {
        "id": "RE-OSM-0264",
        "name": "B N Sakia Road",
        "osmId": 565327432,
        "highway": "secondary",
        "distanceToHotspotM": 2139.4,
        "nearestHotspot": "Khanapara Basin",
        "riskNow": "NORMAL",
        "riskPlus1Hr": "NORMAL"
      },
      "geometry": {
        "type": "LineString",
        "coordinates": [
          [
            91.798012,
            26.114272
          ],
          [
            91.797926,
            26.113377
          ],
          [
            91.797918,
            26.113301
          ],
          [
            91.797906,
            26.113186
          ],
          [
            91.797881,
            26.112935
          ],
          [
            91.79785,
            26.112637
          ],
          [
            91.797833,
            26.112446
          ]
        ]
      }
    },
    {
      "type": "Feature",
      "id": "RE-OSM-0265",
      "properties": {
        "id": "RE-OSM-0265",
        "name": "B N Sakia Road",
        "osmId": 565327437,
        "highway": "secondary",
        "distanceToHotspotM": 1633.6,
        "nearestHotspot": "Khanapara Basin",
        "riskNow": "NORMAL",
        "riskPlus1Hr": "NORMAL"
      },
      "geometry": {
        "type": "LineString",
        "coordinates": [
          [
            91.797829,
            26.112941
          ],
          [
            91.79786,
            26.113265
          ],
          [
            91.797958,
            26.114277
          ],
          [
            91.797967,
            26.114407
          ],
          [
            91.797971,
            26.114439
          ],
          [
            91.797977,
            26.114487
          ],
          [
            91.798081,
            26.115549
          ],
          [
            91.79809,
            26.11561
          ],
          [
            91.798124,
            26.11586
          ],
          [
            91.79824,
            26.116713
          ],
          [
            91.798312,
            26.117342
          ],
          [
            91.798359,
            26.117916
          ],
          [
            91.798361,
            26.117927
          ],
          [
            91.798366,
            26.117969
          ],
          [
            91.798389,
            26.118281
          ],
          [
            91.798454,
            26.118855
          ],
          [
            91.79848,
            26.119046
          ],
          [
            91.798481,
            26.119139
          ],
          [
            91.798512,
            26.119344
          ],
          [
            91.798513,
            26.119602
          ],
          [
            91.798511,
            26.119997
          ],
          [
            91.798518,
            26.120281
          ],
          [
            91.798513,
            26.120436
          ],
          [
            91.798513,
            26.120453
          ],
          [
            91.798519,
            26.120675
          ],
          [
            91.798503,
            26.120949
          ],
          [
            91.798502,
            26.12107
          ],
          [
            91.798502,
            26.121083
          ],
          [
            91.798559,
            26.121393
          ],
          [
            91.798676,
            26.12164
          ],
          [
            91.798754,
            26.121805
          ],
          [
            91.798975,
            26.122273
          ],
          [
            91.799041,
            26.122545
          ],
          [
            91.799054,
            26.122658
          ],
          [
            91.799033,
            26.122788
          ],
          [
            91.798952,
            26.123001
          ],
          [
            91.798829,
            26.123286
          ],
          [
            91.798806,
            26.123339
          ]
        ]
      }
    },
    {
      "type": "Feature",
      "id": "RE-OSM-0266",
      "properties": {
        "id": "RE-OSM-0266",
        "name": "Basistha Chariali Flyover",
        "osmId": 565333175,
        "highway": "trunk",
        "distanceToHotspotM": 889.0,
        "nearestHotspot": "Khanapara Basin",
        "riskNow": "NORMAL",
        "riskPlus1Hr": "MODERATE"
      },
      "geometry": {
        "type": "LineString",
        "coordinates": [
          [
            91.816119,
            26.118068
          ],
          [
            91.815681,
            26.117874
          ],
          [
            91.815488,
            26.117787
          ],
          [
            91.815247,
            26.117657
          ],
          [
            91.814978,
            26.117491
          ],
          [
            91.814455,
            26.117144
          ],
          [
            91.81408,
            26.116894
          ],
          [
            91.813728,
            26.116665
          ],
          [
            91.813256,
            26.116373
          ],
          [
            91.812728,
            26.116022
          ],
          [
            91.812551,
            26.115916
          ],
          [
            91.812366,
            26.115822
          ],
          [
            91.81213,
            26.115716
          ],
          [
            91.811882,
            26.115634
          ],
          [
            91.811441,
            26.1155
          ],
          [
            91.810081,
            26.115132
          ],
          [
            91.808879,
            26.114814
          ],
          [
            91.807119,
            26.114326
          ]
        ]
      }
    },
    {
      "type": "Feature",
      "id": "RE-OSM-0267",
      "properties": {
        "id": "RE-OSM-0267",
        "name": "Tertiary Road",
        "osmId": 565333180,
        "highway": "tertiary",
        "distanceToHotspotM": 899.2,
        "nearestHotspot": "Khanapara Basin",
        "riskNow": "NORMAL",
        "riskPlus1Hr": "MODERATE"
      },
      "geometry": {
        "type": "LineString",
        "coordinates": [
          [
            91.816151,
            26.11798
          ],
          [
            91.81582,
            26.117831
          ],
          [
            91.815475,
            26.117634
          ],
          [
            91.815012,
            26.11737
          ],
          [
            91.814554,
            26.117109
          ],
          [
            91.813324,
            26.116307
          ],
          [
            91.812848,
            26.115996
          ],
          [
            91.812631,
            26.115856
          ],
          [
            91.812331,
            26.115695
          ],
          [
            91.812106,
            26.11561
          ],
          [
            91.811845,
            26.115524
          ],
          [
            91.811438,
            26.115404
          ],
          [
            91.809404,
            26.114801
          ],
          [
            91.80891,
            26.11466
          ]
        ]
      }
    },
    {
      "type": "Feature",
      "id": "RE-OSM-0268",
      "properties": {
        "id": "RE-OSM-0268",
        "name": "Secondary Road",
        "osmId": 565346085,
        "highway": "secondary",
        "distanceToHotspotM": 1020.4,
        "nearestHotspot": "Rukminigaon",
        "riskNow": "NORMAL",
        "riskPlus1Hr": "MODERATE"
      },
      "geometry": {
        "type": "LineString",
        "coordinates": [
          [
            91.786945,
            26.141905
          ],
          [
            91.787052,
            26.141629
          ],
          [
            91.787304,
            26.140931
          ],
          [
            91.787384,
            26.14074
          ],
          [
            91.78779,
            26.140095
          ],
          [
            91.788019,
            26.139813
          ],
          [
            91.78816,
            26.139661
          ],
          [
            91.788182,
            26.139638
          ],
          [
            91.788513,
            26.139376
          ],
          [
            91.788774,
            26.139257
          ],
          [
            91.789039,
            26.139194
          ],
          [
            91.789344,
            26.139194
          ],
          [
            91.789556,
            26.139237
          ],
          [
            91.789614,
            26.139269
          ],
          [
            91.789779,
            26.139417
          ]
        ]
      }
    },
    {
      "type": "Feature",
      "id": "RE-OSM-0269",
      "properties": {
        "id": "RE-OSM-0269",
        "name": "Tertiary_link Road",
        "osmId": 565346089,
        "highway": "tertiary_link",
        "distanceToHotspotM": 1507.4,
        "nearestHotspot": "Khanapara Basin",
        "riskNow": "NORMAL",
        "riskPlus1Hr": "NORMAL"
      },
      "geometry": {
        "type": "LineString",
        "coordinates": [
          [
            91.80018,
            26.123407
          ],
          [
            91.800174,
            26.123345
          ]
        ]
      }
    },
    {
      "type": "Feature",
      "id": "RE-OSM-0270",
      "properties": {
        "id": "RE-OSM-0270",
        "name": "Pir Azan Fakir Road",
        "osmId": 565346101,
        "highway": "secondary",
        "distanceToHotspotM": 1228.1,
        "nearestHotspot": "Rukminigaon",
        "riskNow": "NORMAL",
        "riskPlus1Hr": "MODERATE"
      },
      "geometry": {
        "type": "LineString",
        "coordinates": [
          [
            91.795651,
            26.129169
          ],
          [
            91.795887,
            26.128741
          ],
          [
            91.796388,
            26.127856
          ],
          [
            91.796706,
            26.127277
          ],
          [
            91.796977,
            26.126778
          ],
          [
            91.797408,
            26.126
          ],
          [
            91.797761,
            26.125361
          ],
          [
            91.798312,
            26.124365
          ],
          [
            91.798324,
            26.124344
          ],
          [
            91.798701,
            26.123663
          ],
          [
            91.798739,
            26.123594
          ],
          [
            91.798765,
            26.123548
          ],
          [
            91.798789,
            26.123504
          ],
          [
            91.798795,
            26.123493
          ],
          [
            91.798862,
            26.123378
          ]
        ]
      }
    },
    {
      "type": "Feature",
      "id": "RE-OSM-0271",
      "properties": {
        "id": "RE-OSM-0271",
        "name": "Pir Azan Fakir Road",
        "osmId": 565346108,
        "highway": "secondary",
        "distanceToHotspotM": 906.4,
        "nearestHotspot": "Rukminigaon",
        "riskNow": "NORMAL",
        "riskPlus1Hr": "MODERATE"
      },
      "geometry": {
        "type": "LineString",
        "coordinates": [
          [
            91.792151,
            26.135367
          ],
          [
            91.79205,
            26.135549
          ],
          [
            91.791781,
            26.136036
          ]
        ]
      }
    },
    {
      "type": "Feature",
      "id": "RE-OSM-0272",
      "properties": {
        "id": "RE-OSM-0272",
        "name": "Pir Azan Fakir Road",
        "osmId": 565346110,
        "highway": "secondary",
        "distanceToHotspotM": 906.4,
        "nearestHotspot": "Rukminigaon",
        "riskNow": "NORMAL",
        "riskPlus1Hr": "MODERATE"
      },
      "geometry": {
        "type": "LineString",
        "coordinates": [
          [
            91.791781,
            26.136036
          ],
          [
            91.791465,
            26.136606
          ]
        ]
      }
    },
    {
      "type": "Feature",
      "id": "RE-OSM-0273",
      "properties": {
        "id": "RE-OSM-0273",
        "name": "Beltola Road",
        "osmId": 565346112,
        "highway": "secondary",
        "distanceToHotspotM": 933.3,
        "nearestHotspot": "Rukminigaon",
        "riskNow": "NORMAL",
        "riskPlus1Hr": "MODERATE"
      },
      "geometry": {
        "type": "LineString",
        "coordinates": [
          [
            91.790875,
            26.137672
          ],
          [
            91.790487,
            26.138373
          ],
          [
            91.790033,
            26.139194
          ]
        ]
      }
    },
    {
      "type": "Feature",
      "id": "RE-OSM-0274",
      "properties": {
        "id": "RE-OSM-0274",
        "name": "Pir Azan Fakir Road",
        "osmId": 565346114,
        "highway": "secondary",
        "distanceToHotspotM": 899.9,
        "nearestHotspot": "Rukminigaon",
        "riskNow": "NORMAL",
        "riskPlus1Hr": "MODERATE"
      },
      "geometry": {
        "type": "LineString",
        "coordinates": [
          [
            91.79095,
            26.137666
          ],
          [
            91.791533,
            26.136613
          ],
          [
            91.791853,
            26.136035
          ],
          [
            91.792113,
            26.135566
          ],
          [
            91.792215,
            26.135381
          ],
          [
            91.792344,
            26.13515
          ],
          [
            91.792737,
            26.134438
          ],
          [
            91.792981,
            26.133997
          ],
          [
            91.793899,
            26.132338
          ],
          [
            91.794247,
            26.131711
          ],
          [
            91.794411,
            26.131414
          ],
          [
            91.794798,
            26.130714
          ],
          [
            91.795162,
            26.130061
          ],
          [
            91.795483,
            26.129474
          ],
          [
            91.795651,
            26.129169
          ]
        ]
      }
    },
    {
      "type": "Feature",
      "id": "RE-OSM-0275",
      "properties": {
        "id": "RE-OSM-0275",
        "name": "Radha Gobinda Baruah Road",
        "osmId": 565369280,
        "highway": "secondary",
        "distanceToHotspotM": 568.2,
        "nearestHotspot": "Zoo Road",
        "riskNow": "MODERATE",
        "riskPlus1Hr": "HIGH RISK"
      },
      "geometry": {
        "type": "LineString",
        "coordinates": [
          [
            91.781678,
            26.160029
          ],
          [
            91.781736,
            26.159896
          ],
          [
            91.781826,
            26.159669
          ],
          [
            91.782039,
            26.159081
          ],
          [
            91.782163,
            26.158736
          ],
          [
            91.782188,
            26.158642
          ],
          [
            91.78241,
            26.157993
          ],
          [
            91.782461,
            26.157844
          ],
          [
            91.782551,
            26.157581
          ],
          [
            91.783025,
            26.156202
          ],
          [
            91.783236,
            26.155594
          ],
          [
            91.783373,
            26.155195
          ],
          [
            91.783699,
            26.154235
          ],
          [
            91.78376,
            26.15406
          ],
          [
            91.783931,
            26.153607
          ],
          [
            91.783956,
            26.15354
          ]
        ]
      }
    },
    {
      "type": "Feature",
      "id": "RE-OSM-0276",
      "properties": {
        "id": "RE-OSM-0276",
        "name": "Tertiary Road",
        "osmId": 572978613,
        "highway": "tertiary",
        "distanceToHotspotM": 708.3,
        "nearestHotspot": "Ulubari",
        "riskNow": "MODERATE",
        "riskPlus1Hr": "HIGH RISK"
      },
      "geometry": {
        "type": "LineString",
        "coordinates": [
          [
            91.755278,
            26.176554
          ],
          [
            91.755434,
            26.176526
          ],
          [
            91.755761,
            26.176302
          ],
          [
            91.756141,
            26.176035
          ],
          [
            91.756366,
            26.175879
          ],
          [
            91.756603,
            26.175715
          ],
          [
            91.757028,
            26.175427
          ],
          [
            91.757415,
            26.175149
          ],
          [
            91.75754,
            26.175061
          ]
        ]
      }
    },
    {
      "type": "Feature",
      "id": "RE-OSM-0277",
      "properties": {
        "id": "RE-OSM-0277",
        "name": "Tertiary Road",
        "osmId": 573024145,
        "highway": "tertiary",
        "distanceToHotspotM": 698.5,
        "nearestHotspot": "Ulubari",
        "riskNow": "MODERATE",
        "riskPlus1Hr": "HIGH RISK"
      },
      "geometry": {
        "type": "LineString",
        "coordinates": [
          [
            91.757409,
            26.174892
          ],
          [
            91.757352,
            26.174939
          ],
          [
            91.757182,
            26.17506
          ],
          [
            91.756977,
            26.175202
          ],
          [
            91.756813,
            26.175311
          ],
          [
            91.756596,
            26.175456
          ],
          [
            91.756237,
            26.175702
          ],
          [
            91.755941,
            26.175905
          ],
          [
            91.755574,
            26.176158
          ],
          [
            91.755451,
            26.176246
          ],
          [
            91.755322,
            26.176329
          ],
          [
            91.755199,
            26.176498
          ]
        ]
      }
    },
    {
      "type": "Feature",
      "id": "RE-OSM-0278",
      "properties": {
        "id": "RE-OSM-0278",
        "name": "Tertiary Road",
        "osmId": 585167216,
        "highway": "tertiary",
        "distanceToHotspotM": 2087.8,
        "nearestHotspot": "Hatigaon - Bhetapara",
        "riskNow": "NORMAL",
        "riskPlus1Hr": "NORMAL"
      },
      "geometry": {
        "type": "LineString",
        "coordinates": [
          [
            91.759763,
            26.126632
          ],
          [
            91.759572,
            26.126668
          ],
          [
            91.759502,
            26.126669
          ],
          [
            91.759348,
            26.126673
          ],
          [
            91.759227,
            26.126651
          ],
          [
            91.759159,
            26.12663
          ],
          [
            91.758993,
            26.126574
          ],
          [
            91.758914,
            26.126519
          ],
          [
            91.758788,
            26.126459
          ],
          [
            91.758681,
            26.126394
          ],
          [
            91.758542,
            26.126317
          ],
          [
            91.758351,
            26.126285
          ],
          [
            91.757979,
            26.126299
          ],
          [
            91.757582,
            26.126311
          ],
          [
            91.75716,
            26.126227
          ],
          [
            91.75691,
            26.126197
          ],
          [
            91.756707,
            26.12621
          ],
          [
            91.756525,
            26.126225
          ],
          [
            91.756312,
            26.126213
          ],
          [
            91.755991,
            26.126189
          ],
          [
            91.755641,
            26.126144
          ],
          [
            91.755306,
            26.126105
          ],
          [
            91.755137,
            26.126039
          ],
          [
            91.75496,
            26.125946
          ],
          [
            91.754761,
            26.125816
          ],
          [
            91.754575,
            26.125725
          ],
          [
            91.754361,
            26.125607
          ],
          [
            91.754208,
            26.125521
          ],
          [
            91.754051,
            26.125298
          ],
          [
            91.753957,
            26.125055
          ],
          [
            91.753876,
            26.124915
          ],
          [
            91.753764,
            26.124794
          ],
          [
            91.75365,
            26.124754
          ],
          [
            91.753398,
            26.124674
          ],
          [
            91.7531,
            26.12456
          ],
          [
            91.752887,
            26.124436
          ],
          [
            91.752854,
            26.124414
          ],
          [
            91.752692,
            26.124307
          ],
          [
            91.752263,
            26.124063
          ],
          [
            91.752013,
            26.123926
          ],
          [
            91.751846,
            26.123828
          ],
          [
            91.751724,
            26.123738
          ],
          [
            91.751621,
            26.123646
          ],
          [
            91.751557,
            26.12355
          ],
          [
            91.751462,
            26.123368
          ],
          [
            91.751264,
            26.123271
          ],
          [
            91.750942,
            26.123156
          ],
          [
            91.750577,
            26.12304
          ],
          [
            91.750315,
            26.122955
          ],
          [
            91.749998,
            26.12285
          ],
          [
            91.749769,
            26.122756
          ],
          [
            91.749574,
            26.122723
          ],
          [
            91.749514,
            26.122723
          ]
        ]
      }
    },
    {
      "type": "Feature",
      "id": "RE-OSM-0279",
      "properties": {
        "id": "RE-OSM-0279",
        "name": "Secondary Road",
        "osmId": 588785832,
        "highway": "secondary",
        "distanceToHotspotM": 848.3,
        "nearestHotspot": "GS Road (Bhangagarh)",
        "riskNow": "NORMAL",
        "riskPlus1Hr": "MODERATE"
      },
      "geometry": {
        "type": "LineString",
        "coordinates": [
          [
            91.768643,
            26.164829
          ],
          [
            91.768521,
            26.16495
          ],
          [
            91.768283,
            26.16516
          ]
        ]
      }
    },
    {
      "type": "Feature",
      "id": "RE-OSM-0280",
      "properties": {
        "id": "RE-OSM-0280",
        "name": "Secondary Road",
        "osmId": 588785838,
        "highway": "secondary",
        "distanceToHotspotM": 2590.8,
        "nearestHotspot": "Zoo Road",
        "riskNow": "NORMAL",
        "riskPlus1Hr": "NORMAL"
      },
      "geometry": {
        "type": "LineString",
        "coordinates": [
          [
            91.818022,
            26.178941
          ],
          [
            91.817627,
            26.17895
          ],
          [
            91.816982,
            26.178907
          ],
          [
            91.816569,
            26.178832
          ],
          [
            91.816011,
            26.178717
          ],
          [
            91.815727,
            26.178688
          ],
          [
            91.815453,
            26.178686
          ],
          [
            91.81505,
            26.17871
          ],
          [
            91.814788,
            26.178723
          ],
          [
            91.814361,
            26.178756
          ],
          [
            91.813948,
            26.178791
          ],
          [
            91.81322,
            26.178849
          ],
          [
            91.812621,
            26.178886
          ],
          [
            91.81227,
            26.178908
          ],
          [
            91.811544,
            26.17897
          ],
          [
            91.810086,
            26.179108
          ],
          [
            91.808919,
            26.179228
          ],
          [
            91.80738,
            26.179386
          ],
          [
            91.807109,
            26.179388
          ],
          [
            91.806862,
            26.179369
          ],
          [
            91.806639,
            26.179335
          ],
          [
            91.806369,
            26.179273
          ],
          [
            91.806185,
            26.179204
          ],
          [
            91.804708,
            26.178664
          ],
          [
            91.804558,
            26.178591
          ],
          [
            91.804401,
            26.17849
          ],
          [
            91.804307,
            26.178311
          ]
        ]
      }
    },
    {
      "type": "Feature",
      "id": "RE-OSM-0281",
      "properties": {
        "id": "RE-OSM-0281",
        "name": "Secondary Road",
        "osmId": 588785839,
        "highway": "secondary",
        "distanceToHotspotM": 2588.9,
        "nearestHotspot": "Zoo Road",
        "riskNow": "NORMAL",
        "riskPlus1Hr": "NORMAL"
      },
      "geometry": {
        "type": "LineString",
        "coordinates": [
          [
            91.804252,
            26.178353
          ],
          [
            91.804325,
            26.178509
          ],
          [
            91.804531,
            26.178647
          ],
          [
            91.804665,
            26.178722
          ],
          [
            91.806133,
            26.17927
          ],
          [
            91.806385,
            26.179369
          ],
          [
            91.806637,
            26.179426
          ],
          [
            91.806893,
            26.179456
          ],
          [
            91.807115,
            26.179465
          ],
          [
            91.807366,
            26.179459
          ],
          [
            91.807781,
            26.179422
          ],
          [
            91.810575,
            26.179173
          ],
          [
            91.812082,
            26.179035
          ],
          [
            91.813222,
            26.178947
          ],
          [
            91.813393,
            26.178933
          ],
          [
            91.814743,
            26.178824
          ],
          [
            91.814992,
            26.178796
          ],
          [
            91.815536,
            26.178758
          ],
          [
            91.815906,
            26.178779
          ],
          [
            91.816547,
            26.178912
          ],
          [
            91.816998,
            26.178981
          ],
          [
            91.81766,
            26.179023
          ],
          [
            91.817997,
            26.179033
          ],
          [
            91.818441,
            26.179033
          ]
        ]
      }
    },
    {
      "type": "Feature",
      "id": "RE-OSM-0282",
      "properties": {
        "id": "RE-OSM-0282",
        "name": "Secondary Road",
        "osmId": 588785840,
        "highway": "secondary",
        "distanceToHotspotM": 3823.4,
        "nearestHotspot": "Zoo Road",
        "riskNow": "NORMAL",
        "riskPlus1Hr": "NORMAL"
      },
      "geometry": {
        "type": "LineString",
        "coordinates": [
          [
            91.829161,
            26.178392
          ],
          [
            91.827681,
            26.178362
          ],
          [
            91.827217,
            26.178349
          ],
          [
            91.825817,
            26.178315
          ],
          [
            91.825514,
            26.178318
          ],
          [
            91.824851,
            26.178321
          ],
          [
            91.824269,
            26.178323
          ],
          [
            91.824041,
            26.178347
          ],
          [
            91.823808,
            26.178443
          ],
          [
            91.823549,
            26.178604
          ],
          [
            91.823269,
            26.178731
          ],
          [
            91.82295,
            26.178765
          ],
          [
            91.822085,
            26.178818
          ],
          [
            91.821207,
            26.178841
          ],
          [
            91.820108,
            26.178899
          ],
          [
            91.819878,
            26.178911
          ],
          [
            91.819455,
            26.178933
          ],
          [
            91.819122,
            26.178929
          ],
          [
            91.818457,
            26.178919
          ],
          [
            91.818235,
            26.178924
          ],
          [
            91.818022,
            26.178941
          ]
        ]
      }
    },
    {
      "type": "Feature",
      "id": "RE-OSM-0283",
      "properties": {
        "id": "RE-OSM-0283",
        "name": "Secondary Road",
        "osmId": 588785841,
        "highway": "secondary",
        "distanceToHotspotM": 3865.7,
        "nearestHotspot": "Zoo Road",
        "riskNow": "NORMAL",
        "riskPlus1Hr": "NORMAL"
      },
      "geometry": {
        "type": "LineString",
        "coordinates": [
          [
            91.818441,
            26.179033
          ],
          [
            91.819449,
            26.179012
          ],
          [
            91.823049,
            26.17888
          ],
          [
            91.823312,
            26.178823
          ],
          [
            91.823458,
            26.178746
          ],
          [
            91.823827,
            26.178513
          ],
          [
            91.824023,
            26.178423
          ],
          [
            91.824253,
            26.178394
          ],
          [
            91.824428,
            26.178375
          ],
          [
            91.825225,
            26.178401
          ],
          [
            91.825763,
            26.178387
          ],
          [
            91.826519,
            26.178419
          ],
          [
            91.827341,
            26.178445
          ],
          [
            91.827811,
            26.178463
          ],
          [
            91.82807,
            26.178472
          ],
          [
            91.829084,
            26.178508
          ]
        ]
      }
    },
    {
      "type": "Feature",
      "id": "RE-OSM-0284",
      "properties": {
        "id": "RE-OSM-0284",
        "name": "Secondary Road",
        "osmId": 611496536,
        "highway": "secondary",
        "distanceToHotspotM": 1447.7,
        "nearestHotspot": "Hatigaon - Bhetapara",
        "riskNow": "NORMAL",
        "riskPlus1Hr": "NORMAL"
      },
      "geometry": {
        "type": "LineString",
        "coordinates": [
          [
            91.787076,
            26.123186
          ],
          [
            91.787098,
            26.122906
          ]
        ]
      }
    },
    {
      "type": "Feature",
      "id": "RE-OSM-0285",
      "properties": {
        "id": "RE-OSM-0285",
        "name": "Secondary Road",
        "osmId": 611496537,
        "highway": "secondary",
        "distanceToHotspotM": 1474.9,
        "nearestHotspot": "Hatigaon - Bhetapara",
        "riskNow": "NORMAL",
        "riskPlus1Hr": "NORMAL"
      },
      "geometry": {
        "type": "LineString",
        "coordinates": [
          [
            91.787098,
            26.122906
          ],
          [
            91.787132,
            26.122376
          ],
          [
            91.78717,
            26.121803
          ],
          [
            91.787201,
            26.12129
          ],
          [
            91.787263,
            26.120332
          ],
          [
            91.787268,
            26.120249
          ],
          [
            91.78729,
            26.119906
          ],
          [
            91.78736,
            26.119155
          ],
          [
            91.78736,
            26.11902
          ],
          [
            91.787314,
            26.118907
          ],
          [
            91.787253,
            26.118755
          ],
          [
            91.787129,
            26.118485
          ],
          [
            91.786813,
            26.117715
          ],
          [
            91.786784,
            26.117561
          ],
          [
            91.786679,
            26.117007
          ],
          [
            91.78675,
            26.116845
          ],
          [
            91.787134,
            26.115968
          ],
          [
            91.787205,
            26.115807
          ],
          [
            91.787765,
            26.114448
          ],
          [
            91.787885,
            26.114156
          ],
          [
            91.788084,
            26.113674
          ],
          [
            91.788112,
            26.113602
          ],
          [
            91.788224,
            26.113322
          ],
          [
            91.788326,
            26.113067
          ],
          [
            91.788326,
            26.112898
          ],
          [
            91.788299,
            26.1127
          ],
          [
            91.788261,
            26.112421
          ],
          [
            91.788264,
            26.111889
          ],
          [
            91.788311,
            26.111667
          ],
          [
            91.788329,
            26.111398
          ]
        ]
      }
    },
    {
      "type": "Feature",
      "id": "RE-OSM-0286",
      "properties": {
        "id": "RE-OSM-0286",
        "name": "Primary Road",
        "osmId": 611570677,
        "highway": "primary",
        "distanceToHotspotM": 2103.3,
        "nearestHotspot": "Ulubari",
        "riskNow": "NORMAL",
        "riskPlus1Hr": "NORMAL"
      },
      "geometry": {
        "type": "LineString",
        "coordinates": [
          [
            91.750423,
            26.185861
          ],
          [
            91.749392,
            26.185927
          ],
          [
            91.749158,
            26.185925
          ],
          [
            91.749083,
            26.185924
          ],
          [
            91.748899,
            26.185788
          ],
          [
            91.746859,
            26.18434
          ],
          [
            91.745918,
            26.183618
          ]
        ]
      }
    },
    {
      "type": "Feature",
      "id": "RE-OSM-0287",
      "properties": {
        "id": "RE-OSM-0287",
        "name": "Primary Road",
        "osmId": 611570678,
        "highway": "primary",
        "distanceToHotspotM": 2095.3,
        "nearestHotspot": "Ulubari",
        "riskNow": "NORMAL",
        "riskPlus1Hr": "NORMAL"
      },
      "geometry": {
        "type": "LineString",
        "coordinates": [
          [
            91.745611,
            26.18232
          ],
          [
            91.745555,
            26.18252
          ],
          [
            91.745503,
            26.182671
          ],
          [
            91.745426,
            26.182937
          ],
          [
            91.745388,
            26.183068
          ]
        ]
      }
    },
    {
      "type": "Feature",
      "id": "RE-OSM-0288",
      "properties": {
        "id": "RE-OSM-0288",
        "name": "Tertiary Road",
        "osmId": 657773831,
        "highway": "tertiary",
        "distanceToHotspotM": 2840.5,
        "nearestHotspot": "Hatigaon - Bhetapara",
        "riskNow": "NORMAL",
        "riskPlus1Hr": "NORMAL"
      },
      "geometry": {
        "type": "LineString",
        "coordinates": [
          [
            91.750992,
            26.111853
          ],
          [
            91.752325,
            26.111807
          ],
          [
            91.752365,
            26.111806
          ],
          [
            91.752872,
            26.111795
          ],
          [
            91.754674,
            26.111766
          ],
          [
            91.755097,
            26.111762
          ],
          [
            91.756833,
            26.111741
          ],
          [
            91.756906,
            26.11174
          ],
          [
            91.758268,
            26.111725
          ],
          [
            91.758411,
            26.111724
          ],
          [
            91.758525,
            26.111721
          ],
          [
            91.758877,
            26.111714
          ],
          [
            91.759176,
            26.111709
          ],
          [
            91.759237,
            26.111708
          ],
          [
            91.759399,
            26.111706
          ],
          [
            91.760371,
            26.111677
          ],
          [
            91.761569,
            26.111647
          ],
          [
            91.762353,
            26.111628
          ],
          [
            91.765531,
            26.111499
          ]
        ]
      }
    },
    {
      "type": "Feature",
      "id": "RE-OSM-0289",
      "properties": {
        "id": "RE-OSM-0289",
        "name": "NH27",
        "osmId": 657782632,
        "highway": "trunk",
        "distanceToHotspotM": 2850.3,
        "nearestHotspot": "Hatigaon - Bhetapara",
        "riskNow": "NORMAL",
        "riskPlus1Hr": "NORMAL"
      },
      "geometry": {
        "type": "LineString",
        "coordinates": [
          [
            91.758566,
            26.111501
          ],
          [
            91.765535,
            26.111397
          ]
        ]
      }
    },
    {
      "type": "Feature",
      "id": "RE-OSM-0290",
      "properties": {
        "id": "RE-OSM-0290",
        "name": "Lokhra Road",
        "osmId": 657782633,
        "highway": "secondary",
        "distanceToHotspotM": 3282.8,
        "nearestHotspot": "Hatigaon - Bhetapara",
        "riskNow": "NORMAL",
        "riskPlus1Hr": "NORMAL"
      },
      "geometry": {
        "type": "LineString",
        "coordinates": [
          [
            91.748877,
            26.113496
          ],
          [
            91.748862,
            26.113556
          ],
          [
            91.748809,
            26.11371
          ],
          [
            91.74873,
            26.114064
          ],
          [
            91.748653,
            26.114567
          ],
          [
            91.748604,
            26.115215
          ],
          [
            91.748609,
            26.115437
          ],
          [
            91.748616,
            26.115831
          ],
          [
            91.748623,
            26.116256
          ],
          [
            91.748631,
            26.116689
          ],
          [
            91.748632,
            26.116947
          ],
          [
            91.748638,
            26.117915
          ],
          [
            91.748639,
            26.118052
          ],
          [
            91.748639,
            26.118078
          ],
          [
            91.748642,
            26.118278
          ],
          [
            91.748666,
            26.119598
          ],
          [
            91.748642,
            26.120417
          ],
          [
            91.748636,
            26.120628
          ],
          [
            91.74862,
            26.121199
          ],
          [
            91.748613,
            26.121284
          ],
          [
            91.74848,
            26.122928
          ],
          [
            91.748472,
            26.123029
          ]
        ]
      }
    },
    {
      "type": "Feature",
      "id": "RE-OSM-0291",
      "properties": {
        "id": "RE-OSM-0291",
        "name": "NH27",
        "osmId": 657782634,
        "highway": "trunk",
        "distanceToHotspotM": 2453.6,
        "nearestHotspot": "Boragaon Bypass",
        "riskNow": "NORMAL",
        "riskPlus1Hr": "NORMAL"
      },
      "geometry": {
        "type": "LineString",
        "coordinates": [
          [
            91.74198,
            26.111702
          ],
          [
            91.741633,
            26.111716
          ],
          [
            91.741145,
            26.111733
          ],
          [
            91.740695,
            26.111764
          ],
          [
            91.739568,
            26.111836
          ],
          [
            91.738514,
            26.11191
          ],
          [
            91.737948,
            26.111961
          ],
          [
            91.737484,
            26.112017
          ],
          [
            91.736918,
            26.112106
          ],
          [
            91.736417,
            26.112193
          ],
          [
            91.73592,
            26.112287
          ],
          [
            91.73544,
            26.112381
          ],
          [
            91.733922,
            26.112682
          ],
          [
            91.731972,
            26.113069
          ],
          [
            91.730067,
            26.113442
          ],
          [
            91.729378,
            26.113587
          ],
          [
            91.72833,
            26.113787
          ],
          [
            91.727548,
            26.11394
          ],
          [
            91.727482,
            26.113952
          ],
          [
            91.726581,
            26.114128
          ],
          [
            91.724919,
            26.11447
          ],
          [
            91.723078,
            26.11483
          ],
          [
            91.722932,
            26.114859
          ],
          [
            91.722781,
            26.114888
          ],
          [
            91.722418,
            26.11496
          ],
          [
            91.721735,
            26.115094
          ],
          [
            91.719552,
            26.115524
          ]
        ]
      }
    },
    {
      "type": "Feature",
      "id": "RE-OSM-0292",
      "properties": {
        "id": "RE-OSM-0292",
        "name": "Secondary Road",
        "osmId": 659471832,
        "highway": "secondary",
        "distanceToHotspotM": 4837.1,
        "nearestHotspot": "Zoo Road",
        "riskNow": "NORMAL",
        "riskPlus1Hr": "NORMAL"
      },
      "geometry": {
        "type": "LineString",
        "coordinates": [
          [
            91.829336,
            26.178547
          ],
          [
            91.829351,
            26.178486
          ],
          [
            91.829323,
            26.178416
          ],
          [
            91.829255,
            26.178374
          ],
          [
            91.829161,
            26.178392
          ],
          [
            91.829101,
            26.178437
          ],
          [
            91.829084,
            26.178508
          ],
          [
            91.82911,
            26.178563
          ],
          [
            91.829162,
            26.1786
          ],
          [
            91.829228,
            26.17861
          ],
          [
            91.829291,
            26.178591
          ],
          [
            91.829336,
            26.178547
          ]
        ]
      }
    },
    {
      "type": "Feature",
      "id": "RE-OSM-0293",
      "properties": {
        "id": "RE-OSM-0293",
        "name": "SH3",
        "osmId": 659471833,
        "highway": "primary",
        "distanceToHotspotM": 4863.2,
        "nearestHotspot": "Zoo Road",
        "riskNow": "NORMAL",
        "riskPlus1Hr": "NORMAL"
      },
      "geometry": {
        "type": "LineString",
        "coordinates": [
          [
            91.836915,
            26.1822
          ],
          [
            91.836591,
            26.182048
          ],
          [
            91.836485,
            26.182
          ],
          [
            91.836339,
            26.181957
          ],
          [
            91.836175,
            26.181911
          ],
          [
            91.835312,
            26.181714
          ],
          [
            91.835017,
            26.181614
          ],
          [
            91.834779,
            26.181534
          ],
          [
            91.83452,
            26.181457
          ],
          [
            91.833964,
            26.181259
          ],
          [
            91.833553,
            26.181083
          ],
          [
            91.8329,
            26.180797
          ],
          [
            91.832059,
            26.180335
          ],
          [
            91.831817,
            26.180175
          ],
          [
            91.831757,
            26.180135
          ],
          [
            91.831661,
            26.180071
          ],
          [
            91.830897,
            26.179566
          ],
          [
            91.830744,
            26.179466
          ],
          [
            91.83047,
            26.179283
          ],
          [
            91.829336,
            26.178547
          ]
        ]
      }
    },
    {
      "type": "Feature",
      "id": "RE-OSM-0294",
      "properties": {
        "id": "RE-OSM-0294",
        "name": "Primary Road",
        "osmId": 662909140,
        "highway": "primary",
        "distanceToHotspotM": 195.4,
        "nearestHotspot": "Bharalumukh",
        "riskNow": "HIGH RISK",
        "riskPlus1Hr": "BLOCKED"
      },
      "geometry": {
        "type": "LineString",
        "coordinates": [
          [
            91.730324,
            26.172949
          ],
          [
            91.730229,
            26.172913
          ],
          [
            91.729743,
            26.172728
          ],
          [
            91.728929,
            26.17245
          ],
          [
            91.727916,
            26.172105
          ],
          [
            91.727194,
            26.171857
          ],
          [
            91.725525,
            26.171283
          ],
          [
            91.725048,
            26.17106
          ],
          [
            91.724795,
            26.170924
          ],
          [
            91.724563,
            26.170786
          ],
          [
            91.724287,
            26.170578
          ],
          [
            91.723355,
            26.169747
          ],
          [
            91.722687,
            26.169226
          ],
          [
            91.721693,
            26.168449
          ],
          [
            91.721156,
            26.168053
          ],
          [
            91.719991,
            26.167172
          ],
          [
            91.719222,
            26.166579
          ],
          [
            91.718877,
            26.166322
          ],
          [
            91.717719,
            26.165572
          ],
          [
            91.71736,
            26.165328
          ],
          [
            91.716866,
            26.164986
          ],
          [
            91.716221,
            26.164555
          ],
          [
            91.716094,
            26.164455
          ]
        ]
      }
    },
    {
      "type": "Feature",
      "id": "RE-OSM-0295",
      "properties": {
        "id": "RE-OSM-0295",
        "name": "Primary Road",
        "osmId": 662909141,
        "highway": "primary",
        "distanceToHotspotM": 386.5,
        "nearestHotspot": "Bharalumukh",
        "riskNow": "MODERATE",
        "riskPlus1Hr": "HIGH RISK"
      },
      "geometry": {
        "type": "LineString",
        "coordinates": [
          [
            91.730614,
            26.173057
          ],
          [
            91.730324,
            26.172949
          ]
        ]
      }
    },
    {
      "type": "Feature",
      "id": "RE-OSM-0296",
      "properties": {
        "id": "RE-OSM-0296",
        "name": "M.G. Road",
        "osmId": 662909143,
        "highway": "primary",
        "distanceToHotspotM": 413.5,
        "nearestHotspot": "Bharalumukh",
        "riskNow": "MODERATE",
        "riskPlus1Hr": "HIGH RISK"
      },
      "geometry": {
        "type": "LineString",
        "coordinates": [
          [
            91.730769,
            26.173368
          ],
          [
            91.730774,
            26.173258
          ],
          [
            91.730739,
            26.173149
          ],
          [
            91.730687,
            26.173111
          ],
          [
            91.730614,
            26.173057
          ]
        ]
      }
    },
    {
      "type": "Feature",
      "id": "RE-OSM-0297",
      "properties": {
        "id": "RE-OSM-0297",
        "name": "Tertiary Road",
        "osmId": 662909144,
        "highway": "tertiary",
        "distanceToHotspotM": 424.9,
        "nearestHotspot": "Bharalumukh",
        "riskNow": "MODERATE",
        "riskPlus1Hr": "HIGH RISK"
      },
      "geometry": {
        "type": "LineString",
        "coordinates": [
          [
            91.731074,
            26.17323
          ],
          [
            91.730881,
            26.173179
          ],
          [
            91.730739,
            26.173149
          ]
        ]
      }
    },
    {
      "type": "Feature",
      "id": "RE-OSM-0298",
      "properties": {
        "id": "RE-OSM-0298",
        "name": "Tertiary Road",
        "osmId": 662911956,
        "highway": "tertiary",
        "distanceToHotspotM": 656.8,
        "nearestHotspot": "Bharalumukh",
        "riskNow": "MODERATE",
        "riskPlus1Hr": "HIGH RISK"
      },
      "geometry": {
        "type": "LineString",
        "coordinates": [
          [
            91.732354,
            26.176201
          ],
          [
            91.732731,
            26.175785
          ],
          [
            91.733294,
            26.175069
          ],
          [
            91.73381,
            26.174423
          ],
          [
            91.734015,
            26.174176
          ],
          [
            91.73453,
            26.173545
          ],
          [
            91.734562,
            26.173507
          ],
          [
            91.734719,
            26.173318
          ],
          [
            91.734756,
            26.173275
          ],
          [
            91.735028,
            26.172925
          ],
          [
            91.735325,
            26.172543
          ],
          [
            91.736028,
            26.171738
          ],
          [
            91.736293,
            26.171435
          ]
        ]
      }
    },
    {
      "type": "Feature",
      "id": "RE-OSM-0299",
      "properties": {
        "id": "RE-OSM-0299",
        "name": "Tertiary Road",
        "osmId": 713328876,
        "highway": "tertiary",
        "distanceToHotspotM": 2794.0,
        "nearestHotspot": "Boragaon Bypass",
        "riskNow": "NORMAL",
        "riskPlus1Hr": "NORMAL"
      },
      "geometry": {
        "type": "LineString",
        "coordinates": [
          [
            91.700601,
            26.159311
          ],
          [
            91.700605,
            26.159283
          ],
          [
            91.700611,
            26.159236
          ]
        ]
      }
    },
    {
      "type": "Feature",
      "id": "RE-OSM-0300",
      "properties": {
        "id": "RE-OSM-0300",
        "name": "Tertiary_link Road",
        "osmId": 713345325,
        "highway": "tertiary_link",
        "distanceToHotspotM": 1006.9,
        "nearestHotspot": "Khanapara Basin",
        "riskNow": "NORMAL",
        "riskPlus1Hr": "MODERATE"
      },
      "geometry": {
        "type": "LineString",
        "coordinates": [
          [
            91.805842,
            26.122207
          ],
          [
            91.805779,
            26.122209
          ]
        ]
      }
    },
    {
      "type": "Feature",
      "id": "RE-OSM-0301",
      "properties": {
        "id": "RE-OSM-0301",
        "name": "Secondary_link Road",
        "osmId": 713375123,
        "highway": "secondary_link",
        "distanceToHotspotM": 1546.6,
        "nearestHotspot": "Rukminigaon",
        "riskNow": "NORMAL",
        "riskPlus1Hr": "NORMAL"
      },
      "geometry": {
        "type": "LineString",
        "coordinates": [
          [
            91.811574,
            26.148747
          ],
          [
            91.81172,
            26.148752
          ]
        ]
      }
    },
    {
      "type": "Feature",
      "id": "RE-OSM-0302",
      "properties": {
        "id": "RE-OSM-0302",
        "name": "Secondary_link Road",
        "osmId": 713375124,
        "highway": "secondary_link",
        "distanceToHotspotM": 1439.2,
        "nearestHotspot": "Rukminigaon",
        "riskNow": "NORMAL",
        "riskPlus1Hr": "NORMAL"
      },
      "geometry": {
        "type": "LineString",
        "coordinates": [
          [
            91.811651,
            26.147124
          ],
          [
            91.811746,
            26.147129
          ]
        ]
      }
    },
    {
      "type": "Feature",
      "id": "RE-OSM-0303",
      "properties": {
        "id": "RE-OSM-0303",
        "name": "Trunk_link Road",
        "osmId": 713385005,
        "highway": "trunk_link",
        "distanceToHotspotM": 4014.8,
        "nearestHotspot": "Hatigaon - Bhetapara",
        "riskNow": "NORMAL",
        "riskPlus1Hr": "NORMAL"
      },
      "geometry": {
        "type": "LineString",
        "coordinates": [
          [
            91.747379,
            26.111506
          ],
          [
            91.747377,
            26.111591
          ],
          [
            91.747368,
            26.111706
          ]
        ]
      }
    },
    {
      "type": "Feature",
      "id": "RE-OSM-0304",
      "properties": {
        "id": "RE-OSM-0304",
        "name": "Primary_link Road",
        "osmId": 713543964,
        "highway": "primary_link",
        "distanceToHotspotM": 1056.7,
        "nearestHotspot": "Bharalumukh",
        "riskNow": "NORMAL",
        "riskPlus1Hr": "MODERATE"
      },
      "geometry": {
        "type": "LineString",
        "coordinates": [
          [
            91.719222,
            26.166579
          ],
          [
            91.719141,
            26.166667
          ]
        ]
      }
    },
    {
      "type": "Feature",
      "id": "RE-OSM-0305",
      "properties": {
        "id": "RE-OSM-0305",
        "name": "Secondary_link Road",
        "osmId": 713578264,
        "highway": "secondary_link",
        "distanceToHotspotM": 1321.1,
        "nearestHotspot": "Rukminigaon",
        "riskNow": "NORMAL",
        "riskPlus1Hr": "NORMAL"
      },
      "geometry": {
        "type": "LineString",
        "coordinates": [
          [
            91.811725,
            26.145012
          ],
          [
            91.811807,
            26.145031
          ]
        ]
      }
    },
    {
      "type": "Feature",
      "id": "RE-OSM-0306",
      "properties": {
        "id": "RE-OSM-0306",
        "name": "CK Agarwala Road",
        "osmId": 713580778,
        "highway": "tertiary",
        "distanceToHotspotM": 1973.2,
        "nearestHotspot": "Anil Nagar",
        "riskNow": "NORMAL",
        "riskPlus1Hr": "NORMAL"
      },
      "geometry": {
        "type": "LineString",
        "coordinates": [
          [
            91.757748,
            26.187317
          ],
          [
            91.756744,
            26.187191
          ],
          [
            91.756685,
            26.187184
          ],
          [
            91.756649,
            26.187182
          ]
        ]
      }
    },
    {
      "type": "Feature",
      "id": "RE-OSM-0307",
      "properties": {
        "id": "RE-OSM-0307",
        "name": "Secondary_link Road",
        "osmId": 713582019,
        "highway": "secondary_link",
        "distanceToHotspotM": 2265.1,
        "nearestHotspot": "Rukminigaon",
        "riskNow": "NORMAL",
        "riskPlus1Hr": "NORMAL"
      },
      "geometry": {
        "type": "LineString",
        "coordinates": [
          [
            91.811452,
            26.157087
          ],
          [
            91.811521,
            26.157067
          ]
        ]
      }
    },
    {
      "type": "Feature",
      "id": "RE-OSM-0308",
      "properties": {
        "id": "RE-OSM-0308",
        "name": "Secondary_link Road",
        "osmId": 713582020,
        "highway": "secondary_link",
        "distanceToHotspotM": 3266.5,
        "nearestHotspot": "Rukminigaon",
        "riskNow": "NORMAL",
        "riskPlus1Hr": "NORMAL"
      },
      "geometry": {
        "type": "LineString",
        "coordinates": [
          [
            91.821478,
            26.161664
          ],
          [
            91.821562,
            26.161603
          ]
        ]
      }
    },
    {
      "type": "Feature",
      "id": "RE-OSM-0309",
      "properties": {
        "id": "RE-OSM-0309",
        "name": "Tertiary Road",
        "osmId": 713587279,
        "highway": "tertiary",
        "distanceToHotspotM": 2321.8,
        "nearestHotspot": "Khanapara Basin",
        "riskNow": "NORMAL",
        "riskPlus1Hr": "NORMAL"
      },
      "geometry": {
        "type": "LineString",
        "coordinates": [
          [
            91.791609,
            26.11173
          ],
          [
            91.792382,
            26.111752
          ],
          [
            91.792653,
            26.111758
          ],
          [
            91.795133,
            26.112077
          ],
          [
            91.79737,
            26.112383
          ]
        ]
      }
    },
    {
      "type": "Feature",
      "id": "RE-OSM-0310",
      "properties": {
        "id": "RE-OSM-0310",
        "name": "Tertiary Road",
        "osmId": 713587280,
        "highway": "tertiary",
        "distanceToHotspotM": 2123.5,
        "nearestHotspot": "Khanapara Basin",
        "riskNow": "NORMAL",
        "riskPlus1Hr": "NORMAL"
      },
      "geometry": {
        "type": "LineString",
        "coordinates": [
          [
            91.79737,
            26.112383
          ],
          [
            91.797767,
            26.112438
          ],
          [
            91.797833,
            26.112446
          ],
          [
            91.797968,
            26.112461
          ],
          [
            91.798909,
            26.112581
          ],
          [
            91.799753,
            26.112685
          ]
        ]
      }
    },
    {
      "type": "Feature",
      "id": "RE-OSM-0311",
      "properties": {
        "id": "RE-OSM-0311",
        "name": "Tertiary Road",
        "osmId": 714344976,
        "highway": "tertiary",
        "distanceToHotspotM": 2697.4,
        "nearestHotspot": "Hatigaon - Bhetapara",
        "riskNow": "NORMAL",
        "riskPlus1Hr": "NORMAL"
      },
      "geometry": {
        "type": "LineString",
        "coordinates": [
          [
            91.789615,
            26.111692
          ],
          [
            91.791191,
            26.111722
          ],
          [
            91.791289,
            26.111724
          ]
        ]
      }
    },
    {
      "type": "Feature",
      "id": "RE-OSM-0312",
      "properties": {
        "id": "RE-OSM-0312",
        "name": "Tertiary Road",
        "osmId": 714355207,
        "highway": "tertiary",
        "distanceToHotspotM": 2765.6,
        "nearestHotspot": "Zoo Road",
        "riskNow": "NORMAL",
        "riskPlus1Hr": "NORMAL"
      },
      "geometry": {
        "type": "LineString",
        "coordinates": [
          [
            91.803176,
            26.182051
          ],
          [
            91.803187,
            26.182182
          ],
          [
            91.803241,
            26.182833
          ],
          [
            91.803251,
            26.182896
          ]
        ]
      }
    },
    {
      "type": "Feature",
      "id": "RE-OSM-0313",
      "properties": {
        "id": "RE-OSM-0313",
        "name": "Secondary_link Road",
        "osmId": 714398978,
        "highway": "secondary_link",
        "distanceToHotspotM": 626.5,
        "nearestHotspot": "Anil Nagar",
        "riskNow": "MODERATE",
        "riskPlus1Hr": "HIGH RISK"
      },
      "geometry": {
        "type": "LineString",
        "coordinates": [
          [
            91.775523,
            26.180484
          ],
          [
            91.775431,
            26.180482
          ]
        ]
      }
    },
    {
      "type": "Feature",
      "id": "RE-OSM-0314",
      "properties": {
        "id": "RE-OSM-0314",
        "name": "Tertiary Road",
        "osmId": 714406004,
        "highway": "tertiary",
        "distanceToHotspotM": 1595.0,
        "nearestHotspot": "Hatigaon - Bhetapara",
        "riskNow": "NORMAL",
        "riskPlus1Hr": "NORMAL"
      },
      "geometry": {
        "type": "LineString",
        "coordinates": [
          [
            91.762128,
            26.128769
          ],
          [
            91.762186,
            26.128812
          ],
          [
            91.762311,
            26.12885
          ],
          [
            91.762467,
            26.128843
          ],
          [
            91.762887,
            26.128714
          ],
          [
            91.763098,
            26.128683
          ],
          [
            91.763261,
            26.128671
          ],
          [
            91.763394,
            26.128748
          ],
          [
            91.763732,
            26.12907
          ],
          [
            91.763913,
            26.129278
          ]
        ]
      }
    },
    {
      "type": "Feature",
      "id": "RE-OSM-0315",
      "properties": {
        "id": "RE-OSM-0315",
        "name": "Tertiary Road",
        "osmId": 714406005,
        "highway": "tertiary",
        "distanceToHotspotM": 1781.9,
        "nearestHotspot": "Hatigaon - Bhetapara",
        "riskNow": "NORMAL",
        "riskPlus1Hr": "NORMAL"
      },
      "geometry": {
        "type": "LineString",
        "coordinates": [
          [
            91.759763,
            26.126632
          ],
          [
            91.759934,
            26.126594
          ],
          [
            91.760256,
            26.126551
          ],
          [
            91.760562,
            26.12658
          ],
          [
            91.76068,
            26.126667
          ],
          [
            91.760827,
            26.1269
          ],
          [
            91.761047,
            26.127464
          ],
          [
            91.761128,
            26.127635
          ],
          [
            91.761211,
            26.127709
          ],
          [
            91.76138,
            26.127769
          ],
          [
            91.761686,
            26.127897
          ],
          [
            91.761887,
            26.128232
          ],
          [
            91.762081,
            26.128695
          ],
          [
            91.762128,
            26.128769
          ]
        ]
      }
    },
    {
      "type": "Feature",
      "id": "RE-OSM-0316",
      "properties": {
        "id": "RE-OSM-0316",
        "name": "Tertiary Road",
        "osmId": 714408680,
        "highway": "tertiary",
        "distanceToHotspotM": 2080.1,
        "nearestHotspot": "Hatigaon - Bhetapara",
        "riskNow": "NORMAL",
        "riskPlus1Hr": "NORMAL"
      },
      "geometry": {
        "type": "LineString",
        "coordinates": [
          [
            91.759716,
            26.126916
          ],
          [
            91.759763,
            26.126632
          ]
        ]
      }
    },
    {
      "type": "Feature",
      "id": "RE-OSM-0317",
      "properties": {
        "id": "RE-OSM-0317",
        "name": "Tertiary_link Road",
        "osmId": 715193914,
        "highway": "tertiary_link",
        "distanceToHotspotM": 1074.2,
        "nearestHotspot": "Khanapara Basin",
        "riskNow": "NORMAL",
        "riskPlus1Hr": "MODERATE"
      },
      "geometry": {
        "type": "LineString",
        "coordinates": [
          [
            91.805801,
            26.120897
          ],
          [
            91.805863,
            26.120899
          ]
        ]
      }
    },
    {
      "type": "Feature",
      "id": "RE-OSM-0318",
      "properties": {
        "id": "RE-OSM-0318",
        "name": "Tertiary Road",
        "osmId": 733194334,
        "highway": "tertiary",
        "distanceToHotspotM": 72.8,
        "nearestHotspot": "GS Road (Bhangagarh)",
        "riskNow": "HIGH RISK",
        "riskPlus1Hr": "BLOCKED"
      },
      "geometry": {
        "type": "LineString",
        "coordinates": [
          [
            91.769137,
            26.155611
          ],
          [
            91.769102,
            26.15565
          ],
          [
            91.769088,
            26.155688
          ],
          [
            91.769086,
            26.155718
          ],
          [
            91.769101,
            26.155753
          ],
          [
            91.769129,
            26.155775
          ],
          [
            91.769177,
            26.155794
          ],
          [
            91.76929,
            26.155792
          ],
          [
            91.769426,
            26.155746
          ],
          [
            91.769475,
            26.155746
          ],
          [
            91.769531,
            26.155753
          ],
          [
            91.769573,
            26.155769
          ],
          [
            91.769601,
            26.155791
          ],
          [
            91.769629,
            26.155834
          ],
          [
            91.769641,
            26.155866
          ],
          [
            91.769655,
            26.155929
          ],
          [
            91.769676,
            26.156016
          ],
          [
            91.769684,
            26.156076
          ],
          [
            91.7697,
            26.156158
          ],
          [
            91.769722,
            26.156206
          ],
          [
            91.769751,
            26.156237
          ],
          [
            91.769791,
            26.156257
          ],
          [
            91.769861,
            26.156266
          ],
          [
            91.769949,
            26.156261
          ],
          [
            91.770065,
            26.156264
          ],
          [
            91.77018,
            26.156298
          ],
          [
            91.770298,
            26.15637
          ],
          [
            91.770403,
            26.156427
          ],
          [
            91.770529,
            26.156476
          ],
          [
            91.770623,
            26.156521
          ],
          [
            91.770701,
            26.156572
          ],
          [
            91.77077,
            26.15662
          ],
          [
            91.770813,
            26.156685
          ],
          [
            91.770819,
            26.156738
          ],
          [
            91.770807,
            26.156787
          ],
          [
            91.770766,
            26.156835
          ],
          [
            91.77069,
            26.15689
          ],
          [
            91.770615,
            26.156944
          ],
          [
            91.77047,
            26.157026
          ]
        ]
      }
    },
    {
      "type": "Feature",
      "id": "RE-OSM-0319",
      "properties": {
        "id": "RE-OSM-0319",
        "name": "Tertiary Road",
        "osmId": 733443659,
        "highway": "tertiary",
        "distanceToHotspotM": 74.7,
        "nearestHotspot": "GS Road (Bhangagarh)",
        "riskNow": "HIGH RISK",
        "riskPlus1Hr": "BLOCKED"
      },
      "geometry": {
        "type": "LineString",
        "coordinates": [
          [
            91.765939,
            26.158816
          ],
          [
            91.765961,
            26.158712
          ],
          [
            91.765943,
            26.158602
          ],
          [
            91.765904,
            26.158496
          ],
          [
            91.765857,
            26.158402
          ],
          [
            91.765827,
            26.158303
          ],
          [
            91.765822,
            26.158168
          ],
          [
            91.765828,
            26.158124
          ],
          [
            91.765854,
            26.158081
          ],
          [
            91.765935,
            26.158055
          ],
          [
            91.766015,
            26.158009
          ],
          [
            91.76609,
            26.157903
          ],
          [
            91.766141,
            26.157826
          ],
          [
            91.76616,
            26.157779
          ],
          [
            91.766165,
            26.157727
          ],
          [
            91.766111,
            26.157475
          ],
          [
            91.766105,
            26.157383
          ],
          [
            91.766127,
            26.157268
          ],
          [
            91.766235,
            26.157157
          ],
          [
            91.76636,
            26.157025
          ],
          [
            91.76654,
            26.156796
          ],
          [
            91.766642,
            26.156675
          ],
          [
            91.766706,
            26.156645
          ],
          [
            91.766798,
            26.156637
          ],
          [
            91.76697,
            26.156642
          ],
          [
            91.767211,
            26.156675
          ],
          [
            91.767304,
            26.156673
          ],
          [
            91.767399,
            26.156647
          ],
          [
            91.767586,
            26.156608
          ],
          [
            91.767785,
            26.156541
          ],
          [
            91.768268,
            26.156449
          ],
          [
            91.768439,
            26.15644
          ],
          [
            91.768622,
            26.156449
          ],
          [
            91.76875,
            26.15647
          ],
          [
            91.768874,
            26.156526
          ],
          [
            91.769056,
            26.156637
          ],
          [
            91.769233,
            26.156757
          ],
          [
            91.769415,
            26.15682
          ],
          [
            91.769614,
            26.156858
          ],
          [
            91.769886,
            26.156902
          ],
          [
            91.770293,
            26.156988
          ],
          [
            91.77047,
            26.157026
          ]
        ]
      }
    },
    {
      "type": "Feature",
      "id": "RE-OSM-0320",
      "properties": {
        "id": "RE-OSM-0320",
        "name": "B. Baruah Road",
        "osmId": 734350780,
        "highway": "secondary",
        "distanceToHotspotM": 1732.2,
        "nearestHotspot": "Ulubari",
        "riskNow": "NORMAL",
        "riskPlus1Hr": "NORMAL"
      },
      "geometry": {
        "type": "LineString",
        "coordinates": [
          [
            91.756822,
            26.18462
          ],
          [
            91.756805,
            26.184689
          ],
          [
            91.756775,
            26.184788
          ],
          [
            91.756735,
            26.184891
          ]
        ]
      }
    },
    {
      "type": "Feature",
      "id": "RE-OSM-0321",
      "properties": {
        "id": "RE-OSM-0321",
        "name": "B. Baruah Road",
        "osmId": 734350781,
        "highway": "secondary",
        "distanceToHotspotM": 1732.2,
        "nearestHotspot": "Ulubari",
        "riskNow": "NORMAL",
        "riskPlus1Hr": "NORMAL"
      },
      "geometry": {
        "type": "LineString",
        "coordinates": [
          [
            91.756907,
            26.18491
          ],
          [
            91.756889,
            26.184815
          ],
          [
            91.756855,
            26.184677
          ],
          [
            91.756822,
            26.18462
          ]
        ]
      }
    },
    {
      "type": "Feature",
      "id": "RE-OSM-0322",
      "properties": {
        "id": "RE-OSM-0322",
        "name": "Ariz Path",
        "osmId": 734350783,
        "highway": "tertiary",
        "distanceToHotspotM": 1791.2,
        "nearestHotspot": "Ulubari",
        "riskNow": "NORMAL",
        "riskPlus1Hr": "NORMAL"
      },
      "geometry": {
        "type": "LineString",
        "coordinates": [
          [
            91.756744,
            26.187191
          ],
          [
            91.756737,
            26.18676
          ],
          [
            91.756745,
            26.186712
          ],
          [
            91.756765,
            26.186662
          ],
          [
            91.756788,
            26.186614
          ],
          [
            91.756826,
            26.186553
          ],
          [
            91.756985,
            26.186366
          ],
          [
            91.757019,
            26.18633
          ],
          [
            91.757058,
            26.186254
          ],
          [
            91.757069,
            26.186197
          ],
          [
            91.75707,
            26.186125
          ],
          [
            91.75707,
            26.186052
          ],
          [
            91.757062,
            26.185959
          ],
          [
            91.757046,
            26.18587
          ],
          [
            91.756937,
            26.185567
          ],
          [
            91.756916,
            26.185501
          ],
          [
            91.756906,
            26.185446
          ],
          [
            91.756905,
            26.185376
          ],
          [
            91.75696,
            26.185196
          ]
        ]
      }
    },
    {
      "type": "Feature",
      "id": "RE-OSM-0323",
      "properties": {
        "id": "RE-OSM-0323",
        "name": "Primary Road",
        "osmId": 734350784,
        "highway": "primary",
        "distanceToHotspotM": 2004.0,
        "nearestHotspot": "Ulubari",
        "riskNow": "NORMAL",
        "riskPlus1Hr": "NORMAL"
      },
      "geometry": {
        "type": "LineString",
        "coordinates": [
          [
            91.752003,
            26.185613
          ],
          [
            91.751696,
            26.185663
          ],
          [
            91.750515,
            26.185825
          ],
          [
            91.750423,
            26.185861
          ]
        ]
      }
    },
    {
      "type": "Feature",
      "id": "RE-OSM-0324",
      "properties": {
        "id": "RE-OSM-0324",
        "name": "G.N.B Road",
        "osmId": 734350785,
        "highway": "secondary",
        "distanceToHotspotM": 1786.8,
        "nearestHotspot": "Ulubari",
        "riskNow": "NORMAL",
        "riskPlus1Hr": "NORMAL"
      },
      "geometry": {
        "type": "LineString",
        "coordinates": [
          [
            91.756315,
            26.185009
          ],
          [
            91.755757,
            26.185032
          ],
          [
            91.755092,
            26.185088
          ],
          [
            91.754556,
            26.185143
          ],
          [
            91.754508,
            26.185146
          ],
          [
            91.754423,
            26.185152
          ],
          [
            91.753806,
            26.185204
          ],
          [
            91.753035,
            26.185359
          ],
          [
            91.75273,
            26.185433
          ],
          [
            91.752003,
            26.185613
          ]
        ]
      }
    },
    {
      "type": "Feature",
      "id": "RE-OSM-0325",
      "properties": {
        "id": "RE-OSM-0325",
        "name": "Bhangagarh Flyover Ramp",
        "osmId": 734642748,
        "highway": "secondary",
        "distanceToHotspotM": 723.2,
        "nearestHotspot": "GS Road (Bhangagarh)",
        "riskNow": "MODERATE",
        "riskPlus1Hr": "HIGH RISK"
      },
      "geometry": {
        "type": "LineString",
        "coordinates": [
          [
            91.767772,
            26.163407
          ],
          [
            91.767717,
            26.163298
          ]
        ]
      }
    },
    {
      "type": "Feature",
      "id": "RE-OSM-0326",
      "properties": {
        "id": "RE-OSM-0326",
        "name": "Bhangagarh Flyover Ramp",
        "osmId": 734642749,
        "highway": "secondary",
        "distanceToHotspotM": 713.1,
        "nearestHotspot": "GS Road (Bhangagarh)",
        "riskNow": "MODERATE",
        "riskPlus1Hr": "HIGH RISK"
      },
      "geometry": {
        "type": "LineString",
        "coordinates": [
          [
            91.767717,
            26.163298
          ],
          [
            91.767733,
            26.163204
          ]
        ]
      }
    },
    {
      "type": "Feature",
      "id": "RE-OSM-0327",
      "properties": {
        "id": "RE-OSM-0327",
        "name": "Guwahati Medical College Road",
        "osmId": 734642750,
        "highway": "secondary",
        "distanceToHotspotM": 518.0,
        "nearestHotspot": "GS Road (Bhangagarh)",
        "riskNow": "MODERATE",
        "riskPlus1Hr": "HIGH RISK"
      },
      "geometry": {
        "type": "LineString",
        "coordinates": [
          [
            91.767733,
            26.163204
          ],
          [
            91.767565,
            26.16281
          ],
          [
            91.767298,
            26.16226
          ],
          [
            91.766951,
            26.161455
          ],
          [
            91.766751,
            26.160894
          ],
          [
            91.766212,
            26.159298
          ]
        ]
      }
    },
    {
      "type": "Feature",
      "id": "RE-OSM-0328",
      "properties": {
        "id": "RE-OSM-0328",
        "name": "Secondary Road",
        "osmId": 734642751,
        "highway": "secondary",
        "distanceToHotspotM": 509.8,
        "nearestHotspot": "GS Road (Bhangagarh)",
        "riskNow": "MODERATE",
        "riskPlus1Hr": "HIGH RISK"
      },
      "geometry": {
        "type": "LineString",
        "coordinates": [
          [
            91.766244,
            26.159248
          ],
          [
            91.76625,
            26.15922
          ],
          [
            91.766248,
            26.159191
          ],
          [
            91.766239,
            26.159161
          ],
          [
            91.766222,
            26.159133
          ],
          [
            91.766199,
            26.159109
          ],
          [
            91.76617,
            26.159092
          ],
          [
            91.766137,
            26.159081
          ],
          [
            91.766102,
            26.159077
          ],
          [
            91.766064,
            26.159081
          ],
          [
            91.766028,
            26.159093
          ],
          [
            91.765998,
            26.159113
          ],
          [
            91.765974,
            26.15914
          ],
          [
            91.765958,
            26.159171
          ],
          [
            91.765951,
            26.159205
          ],
          [
            91.765955,
            26.159239
          ],
          [
            91.765967,
            26.159271
          ],
          [
            91.765988,
            26.159299
          ],
          [
            91.766017,
            26.159322
          ],
          [
            91.766051,
            26.159337
          ],
          [
            91.766086,
            26.159344
          ],
          [
            91.766121,
            26.159343
          ],
          [
            91.766156,
            26.159335
          ],
          [
            91.766187,
            26.15932
          ],
          [
            91.766212,
            26.159298
          ],
          [
            91.766232,
            26.159275
          ],
          [
            91.766244,
            26.159248
          ]
        ]
      }
    },
    {
      "type": "Feature",
      "id": "RE-OSM-0329",
      "properties": {
        "id": "RE-OSM-0329",
        "name": "Guwahati Medical College Road",
        "osmId": 734642752,
        "highway": "secondary",
        "distanceToHotspotM": 539.5,
        "nearestHotspot": "GS Road (Bhangagarh)",
        "riskNow": "MODERATE",
        "riskPlus1Hr": "HIGH RISK"
      },
      "geometry": {
        "type": "LineString",
        "coordinates": [
          [
            91.765967,
            26.159271
          ],
          [
            91.766165,
            26.159957
          ],
          [
            91.766578,
            26.160886
          ],
          [
            91.766624,
            26.160985
          ],
          [
            91.766852,
            26.161551
          ],
          [
            91.767037,
            26.161952
          ],
          [
            91.76724,
            26.162394
          ],
          [
            91.767316,
            26.162572
          ]
        ]
      }
    },
    {
      "type": "Feature",
      "id": "RE-OSM-0330",
      "properties": {
        "id": "RE-OSM-0330",
        "name": "Tertiary Road",
        "osmId": 734738134,
        "highway": "tertiary",
        "distanceToHotspotM": 1546.1,
        "nearestHotspot": "Ulubari",
        "riskNow": "NORMAL",
        "riskPlus1Hr": "NORMAL"
      },
      "geometry": {
        "type": "LineString",
        "coordinates": [
          [
            91.747487,
            26.176301
          ],
          [
            91.747676,
            26.176813
          ],
          [
            91.747752,
            26.176974
          ],
          [
            91.747854,
            26.177111
          ],
          [
            91.748111,
            26.177472
          ],
          [
            91.748249,
            26.177633
          ],
          [
            91.748419,
            26.177829
          ],
          [
            91.748967,
            26.178508
          ]
        ]
      }
    },
    {
      "type": "Feature",
      "id": "RE-OSM-0331",
      "properties": {
        "id": "RE-OSM-0331",
        "name": "Primary Road",
        "osmId": 739795308,
        "highway": "primary",
        "distanceToHotspotM": 1812.5,
        "nearestHotspot": "Ulubari",
        "riskNow": "NORMAL",
        "riskPlus1Hr": "NORMAL"
      },
      "geometry": {
        "type": "LineString",
        "coordinates": [
          [
            91.747645,
            26.180548
          ],
          [
            91.746878,
            26.180464
          ],
          [
            91.745949,
            26.18035
          ],
          [
            91.745782,
            26.180327
          ]
        ]
      }
    },
    {
      "type": "Feature",
      "id": "RE-OSM-0332",
      "properties": {
        "id": "RE-OSM-0332",
        "name": "Primary Road",
        "osmId": 739795310,
        "highway": "primary",
        "distanceToHotspotM": 1414.7,
        "nearestHotspot": "Ulubari",
        "riskNow": "NORMAL",
        "riskPlus1Hr": "NORMAL"
      },
      "geometry": {
        "type": "LineString",
        "coordinates": [
          [
            91.75146,
            26.179089
          ],
          [
            91.751524,
            26.178963
          ]
        ]
      }
    },
    {
      "type": "Feature",
      "id": "RE-OSM-0333",
      "properties": {
        "id": "RE-OSM-0333",
        "name": "G.S. Road",
        "osmId": 739795311,
        "highway": "primary",
        "distanceToHotspotM": 1429.4,
        "nearestHotspot": "Ulubari",
        "riskNow": "NORMAL",
        "riskPlus1Hr": "NORMAL"
      },
      "geometry": {
        "type": "LineString",
        "coordinates": [
          [
            91.750856,
            26.180912
          ],
          [
            91.751117,
            26.180077
          ],
          [
            91.751208,
            26.179797
          ],
          [
            91.751337,
            26.179434
          ],
          [
            91.75146,
            26.179089
          ]
        ]
      }
    },
    {
      "type": "Feature",
      "id": "RE-OSM-0334",
      "properties": {
        "id": "RE-OSM-0334",
        "name": "Primary Road",
        "osmId": 739795312,
        "highway": "primary",
        "distanceToHotspotM": 1414.7,
        "nearestHotspot": "Ulubari",
        "riskNow": "NORMAL",
        "riskPlus1Hr": "NORMAL"
      },
      "geometry": {
        "type": "LineString",
        "coordinates": [
          [
            91.751524,
            26.178963
          ],
          [
            91.750826,
            26.178723
          ],
          [
            91.750593,
            26.178639
          ]
        ]
      }
    },
    {
      "type": "Feature",
      "id": "RE-OSM-0335",
      "properties": {
        "id": "RE-OSM-0335",
        "name": "Tertiary Road",
        "osmId": 740044933,
        "highway": "tertiary",
        "distanceToHotspotM": 438.7,
        "nearestHotspot": "Ulubari",
        "riskNow": "MODERATE",
        "riskPlus1Hr": "HIGH RISK"
      },
      "geometry": {
        "type": "LineString",
        "coordinates": [
          [
            91.759493,
            26.173206
          ],
          [
            91.759304,
            26.173283
          ],
          [
            91.759191,
            26.173381
          ],
          [
            91.758905,
            26.173638
          ],
          [
            91.758515,
            26.173995
          ],
          [
            91.758252,
            26.174221
          ],
          [
            91.758186,
            26.174277
          ],
          [
            91.758133,
            26.174322
          ],
          [
            91.757846,
            26.174562
          ],
          [
            91.757546,
            26.174786
          ],
          [
            91.757409,
            26.174892
          ]
        ]
      }
    },
    {
      "type": "Feature",
      "id": "RE-OSM-0336",
      "properties": {
        "id": "RE-OSM-0336",
        "name": "G.S. Road",
        "osmId": 740044934,
        "highway": "primary",
        "distanceToHotspotM": 969.8,
        "nearestHotspot": "Ulubari",
        "riskNow": "NORMAL",
        "riskPlus1Hr": "MODERATE"
      },
      "geometry": {
        "type": "LineString",
        "coordinates": [
          [
            91.755199,
            26.176498
          ],
          [
            91.754728,
            26.176801
          ],
          [
            91.754263,
            26.177098
          ],
          [
            91.754059,
            26.177236
          ],
          [
            91.753538,
            26.177568
          ],
          [
            91.753258,
            26.177746
          ],
          [
            91.75307,
            26.177866
          ],
          [
            91.752875,
            26.177982
          ],
          [
            91.752841,
            26.178004
          ],
          [
            91.752418,
            26.178268
          ],
          [
            91.752211,
            26.178403
          ],
          [
            91.751524,
            26.178963
          ]
        ]
      }
    },
    {
      "type": "Feature",
      "id": "RE-OSM-0337",
      "properties": {
        "id": "RE-OSM-0337",
        "name": "Bishnu Ram Mehdi Flyover",
        "osmId": 740044935,
        "highway": "primary",
        "distanceToHotspotM": 458.5,
        "nearestHotspot": "Ulubari",
        "riskNow": "MODERATE",
        "riskPlus1Hr": "HIGH RISK"
      },
      "geometry": {
        "type": "LineString",
        "coordinates": [
          [
            91.759339,
            26.173345
          ],
          [
            91.758976,
            26.173678
          ],
          [
            91.757825,
            26.174674
          ],
          [
            91.757578,
            26.174868
          ],
          [
            91.757411,
            26.174991
          ]
        ]
      }
    },
    {
      "type": "Feature",
      "id": "RE-OSM-0338",
      "properties": {
        "id": "RE-OSM-0338",
        "name": "G.S. Road",
        "osmId": 740044936,
        "highway": "primary",
        "distanceToHotspotM": 370.7,
        "nearestHotspot": "Ulubari",
        "riskNow": "MODERATE",
        "riskPlus1Hr": "HIGH RISK"
      },
      "geometry": {
        "type": "LineString",
        "coordinates": [
          [
            91.759508,
            26.17329
          ],
          [
            91.759564,
            26.173239
          ],
          [
            91.759888,
            26.172953
          ],
          [
            91.760148,
            26.172745
          ]
        ]
      }
    },
    {
      "type": "Feature",
      "id": "RE-OSM-0339",
      "properties": {
        "id": "RE-OSM-0339",
        "name": "F.C. Road",
        "osmId": 740099635,
        "highway": "tertiary",
        "distanceToHotspotM": 2458.3,
        "nearestHotspot": "Ulubari",
        "riskNow": "NORMAL",
        "riskPlus1Hr": "NORMAL"
      },
      "geometry": {
        "type": "LineString",
        "coordinates": [
          [
            91.751515,
            26.189904
          ],
          [
            91.751556,
            26.18992
          ]
        ]
      }
    },
    {
      "type": "Feature",
      "id": "RE-OSM-0340",
      "properties": {
        "id": "RE-OSM-0340",
        "name": "SH3",
        "osmId": 760743313,
        "highway": "primary",
        "distanceToHotspotM": 4860.5,
        "nearestHotspot": "Zoo Road",
        "riskNow": "NORMAL",
        "riskPlus1Hr": "NORMAL"
      },
      "geometry": {
        "type": "LineString",
        "coordinates": [
          [
            91.829291,
            26.178591
          ],
          [
            91.829534,
            26.178769
          ],
          [
            91.830646,
            26.179544
          ],
          [
            91.831614,
            26.180132
          ],
          [
            91.831708,
            26.180186
          ],
          [
            91.831767,
            26.180221
          ],
          [
            91.832002,
            26.180358
          ],
          [
            91.832868,
            26.180834
          ],
          [
            91.833533,
            26.181141
          ],
          [
            91.833963,
            26.181323
          ],
          [
            91.834487,
            26.181519
          ],
          [
            91.834776,
            26.181622
          ],
          [
            91.835007,
            26.181697
          ],
          [
            91.835285,
            26.181783
          ],
          [
            91.836157,
            26.18199
          ],
          [
            91.836327,
            26.18203
          ],
          [
            91.836436,
            26.182059
          ],
          [
            91.836499,
            26.182082
          ],
          [
            91.836575,
            26.182118
          ],
          [
            91.836879,
            26.182298
          ]
        ]
      }
    },
    {
      "type": "Feature",
      "id": "RE-OSM-0341",
      "properties": {
        "id": "RE-OSM-0341",
        "name": "Primary Road",
        "osmId": 761342326,
        "highway": "primary",
        "distanceToHotspotM": 2459.3,
        "nearestHotspot": "Zoo Road",
        "riskNow": "NORMAL",
        "riskPlus1Hr": "NORMAL"
      },
      "geometry": {
        "type": "LineString",
        "coordinates": [
          [
            91.797997,
            26.182612
          ],
          [
            91.797981,
            26.182561
          ]
        ]
      }
    },
    {
      "type": "Feature",
      "id": "RE-OSM-0342",
      "properties": {
        "id": "RE-OSM-0342",
        "name": "Primary_link Road",
        "osmId": 761342338,
        "highway": "primary_link",
        "distanceToHotspotM": 1482.7,
        "nearestHotspot": "Anil Nagar",
        "riskNow": "NORMAL",
        "riskPlus1Hr": "NORMAL"
      },
      "geometry": {
        "type": "LineString",
        "coordinates": [
          [
            91.784442,
            26.183522
          ],
          [
            91.784458,
            26.183416
          ]
        ]
      }
    },
    {
      "type": "Feature",
      "id": "RE-OSM-0343",
      "properties": {
        "id": "RE-OSM-0343",
        "name": "Maniram Dewan Road",
        "osmId": 761342348,
        "highway": "secondary",
        "distanceToHotspotM": 901.4,
        "nearestHotspot": "Anil Nagar",
        "riskNow": "NORMAL",
        "riskPlus1Hr": "MODERATE"
      },
      "geometry": {
        "type": "LineString",
        "coordinates": [
          [
            91.792621,
            26.183297
          ],
          [
            91.792045,
            26.18358
          ],
          [
            91.791493,
            26.183812
          ],
          [
            91.79112,
            26.183972
          ],
          [
            91.790901,
            26.184034
          ],
          [
            91.79052,
            26.184103
          ],
          [
            91.790074,
            26.184154
          ],
          [
            91.789544,
            26.184201
          ],
          [
            91.789193,
            26.184186
          ],
          [
            91.78886,
            26.184122
          ],
          [
            91.788089,
            26.183935
          ],
          [
            91.787035,
            26.183679
          ],
          [
            91.786739,
            26.18364
          ],
          [
            91.786426,
            26.183625
          ],
          [
            91.78594,
            26.183593
          ],
          [
            91.785469,
            26.183555
          ],
          [
            91.785265,
            26.183527
          ],
          [
            91.784785,
            26.183455
          ],
          [
            91.784458,
            26.183416
          ],
          [
            91.784253,
            26.183389
          ],
          [
            91.783566,
            26.18333
          ],
          [
            91.783028,
            26.183304
          ],
          [
            91.782576,
            26.183339
          ],
          [
            91.782124,
            26.183374
          ],
          [
            91.781874,
            26.183406
          ],
          [
            91.781496,
            26.183463
          ],
          [
            91.780557,
            26.183623
          ],
          [
            91.780003,
            26.183724
          ],
          [
            91.779733,
            26.183763
          ],
          [
            91.779617,
            26.183774
          ],
          [
            91.779302,
            26.183788
          ],
          [
            91.778847,
            26.183791
          ],
          [
            91.778271,
            26.183748
          ],
          [
            91.777429,
            26.183651
          ],
          [
            91.776916,
            26.183611
          ],
          [
            91.77631,
            26.183553
          ],
          [
            91.775644,
            26.183476
          ],
          [
            91.775194,
            26.183436
          ],
          [
            91.774928,
            26.183421
          ],
          [
            91.774726,
            26.183431
          ],
          [
            91.774541,
            26.183433
          ],
          [
            91.7742,
            26.183466
          ],
          [
            91.773758,
            26.183527
          ],
          [
            91.773086,
            26.183639
          ],
          [
            91.772662,
            26.183708
          ],
          [
            91.772077,
            26.183795
          ],
          [
            91.771573,
            26.183871
          ],
          [
            91.770868,
            26.183962
          ],
          [
            91.770747,
            26.183981
          ],
          [
            91.769885,
            26.184111
          ],
          [
            91.769048,
            26.184219
          ],
          [
            91.768671,
            26.184273
          ],
          [
            91.767738,
            26.184392
          ],
          [
            91.767659,
            26.1844
          ],
          [
            91.767337,
            26.18443
          ],
          [
            91.766786,
            26.184529
          ],
          [
            91.766228,
            26.184608
          ]
        ]
      }
    },
    {
      "type": "Feature",
      "id": "RE-OSM-0344",
      "properties": {
        "id": "RE-OSM-0344",
        "name": "G.N.B Road",
        "osmId": 761342359,
        "highway": "secondary",
        "distanceToHotspotM": 1753.6,
        "nearestHotspot": "Ulubari",
        "riskNow": "NORMAL",
        "riskPlus1Hr": "NORMAL"
      },
      "geometry": {
        "type": "LineString",
        "coordinates": [
          [
            91.757913,
            26.185026
          ],
          [
            91.757001,
            26.185014
          ]
        ]
      }
    },
    {
      "type": "Feature",
      "id": "RE-OSM-0345",
      "properties": {
        "id": "RE-OSM-0345",
        "name": "G.N.B Road",
        "osmId": 761342360,
        "highway": "secondary",
        "distanceToHotspotM": 1201.8,
        "nearestHotspot": "Anil Nagar",
        "riskNow": "NORMAL",
        "riskPlus1Hr": "MODERATE"
      },
      "geometry": {
        "type": "LineString",
        "coordinates": [
          [
            91.766058,
            26.184631
          ],
          [
            91.765947,
            26.184647
          ],
          [
            91.765462,
            26.184706
          ],
          [
            91.765053,
            26.184761
          ],
          [
            91.764824,
            26.184787
          ],
          [
            91.764123,
            26.184878
          ],
          [
            91.763779,
            26.184913
          ],
          [
            91.763225,
            26.184956
          ],
          [
            91.761925,
            26.185044
          ]
        ]
      }
    },
    {
      "type": "Feature",
      "id": "RE-OSM-0346",
      "properties": {
        "id": "RE-OSM-0346",
        "name": "Primary Road",
        "osmId": 761342362,
        "highway": "primary",
        "distanceToHotspotM": 2706.5,
        "nearestHotspot": "Zoo Road",
        "riskNow": "NORMAL",
        "riskPlus1Hr": "NORMAL"
      },
      "geometry": {
        "type": "LineString",
        "coordinates": [
          [
            91.803176,
            26.182051
          ],
          [
            91.803168,
            26.181963
          ],
          [
            91.80314,
            26.181659
          ],
          [
            91.803125,
            26.181496
          ],
          [
            91.803126,
            26.181351
          ],
          [
            91.803126,
            26.181323
          ],
          [
            91.803205,
            26.181236
          ],
          [
            91.803385,
            26.181175
          ],
          [
            91.804202,
            26.181151
          ],
          [
            91.804528,
            26.181091
          ],
          [
            91.804635,
            26.181066
          ],
          [
            91.805061,
            26.180966
          ],
          [
            91.806974,
            26.180821
          ],
          [
            91.807173,
            26.180826
          ],
          [
            91.807905,
            26.180877
          ],
          [
            91.811616,
            26.180598
          ],
          [
            91.813763,
            26.180386
          ],
          [
            91.814513,
            26.180366
          ],
          [
            91.814971,
            26.180354
          ],
          [
            91.815101,
            26.180347
          ]
        ]
      }
    },
    {
      "type": "Feature",
      "id": "RE-OSM-0347",
      "properties": {
        "id": "RE-OSM-0347",
        "name": "Tertiary Road",
        "osmId": 771296820,
        "highway": "tertiary",
        "distanceToHotspotM": 2034.8,
        "nearestHotspot": "Boragaon Bypass",
        "riskNow": "NORMAL",
        "riskPlus1Hr": "NORMAL"
      },
      "geometry": {
        "type": "LineString",
        "coordinates": [
          [
            91.714931,
            26.11564
          ],
          [
            91.714726,
            26.115631
          ],
          [
            91.714377,
            26.115625
          ],
          [
            91.712207,
            26.115585
          ],
          [
            91.712119,
            26.115583
          ],
          [
            91.711554,
            26.115581
          ],
          [
            91.71014,
            26.115574
          ],
          [
            91.709687,
            26.115572
          ],
          [
            91.70911,
            26.115569
          ],
          [
            91.708644,
            26.115614
          ],
          [
            91.708461,
            26.115631
          ],
          [
            91.707838,
            26.115757
          ],
          [
            91.707355,
            26.115879
          ],
          [
            91.707237,
            26.11592
          ],
          [
            91.706807,
            26.116048
          ],
          [
            91.706038,
            26.116276
          ],
          [
            91.705911,
            26.116312
          ],
          [
            91.70579,
            26.116359
          ],
          [
            91.705706,
            26.116393
          ],
          [
            91.704608,
            26.116715
          ],
          [
            91.703634,
            26.116987
          ],
          [
            91.703074,
            26.117243
          ]
        ]
      }
    },
    {
      "type": "Feature",
      "id": "RE-OSM-0348",
      "properties": {
        "id": "RE-OSM-0348",
        "name": "Kalaguru Bishnuprasad Rabha Flyover Ramp",
        "osmId": 867774688,
        "highway": "primary_link",
        "distanceToHotspotM": 1594.6,
        "nearestHotspot": "GS Road (Bhangagarh)",
        "riskNow": "NORMAL",
        "riskPlus1Hr": "NORMAL"
      },
      "geometry": {
        "type": "LineString",
        "coordinates": [
          [
            91.784781,
            26.150245
          ],
          [
            91.784867,
            26.150233
          ],
          [
            91.784907,
            26.150234
          ],
          [
            91.784925,
            26.150236
          ],
          [
            91.784959,
            26.150245
          ],
          [
            91.784992,
            26.15026
          ],
          [
            91.785025,
            26.15029
          ],
          [
            91.785035,
            26.150306
          ],
          [
            91.785043,
            26.150328
          ],
          [
            91.785048,
            26.150356
          ],
          [
            91.785048,
            26.150421
          ]
        ]
      }
    },
    {
      "type": "Feature",
      "id": "RE-OSM-0349",
      "properties": {
        "id": "RE-OSM-0349",
        "name": "Ganeshguri Flyover",
        "osmId": 867774689,
        "highway": "secondary",
        "distanceToHotspotM": 1306.9,
        "nearestHotspot": "Zoo Road",
        "riskNow": "NORMAL",
        "riskPlus1Hr": "NORMAL"
      },
      "geometry": {
        "type": "LineString",
        "coordinates": [
          [
            91.78398,
            26.15328
          ],
          [
            91.784201,
            26.152661
          ],
          [
            91.785048,
            26.150421
          ],
          [
            91.785198,
            26.149981
          ],
          [
            91.785258,
            26.149815
          ]
        ]
      }
    },
    {
      "type": "Feature",
      "id": "RE-OSM-0350",
      "properties": {
        "id": "RE-OSM-0350",
        "name": "Primary_link Road",
        "osmId": 867774690,
        "highway": "primary_link",
        "distanceToHotspotM": 1338.9,
        "nearestHotspot": "GS Road (Bhangagarh)",
        "riskNow": "NORMAL",
        "riskPlus1Hr": "NORMAL"
      },
      "geometry": {
        "type": "LineString",
        "coordinates": [
          [
            91.782915,
            26.151967
          ],
          [
            91.783092,
            26.15191
          ],
          [
            91.784706,
            26.150404
          ],
          [
            91.784787,
            26.150328
          ],
          [
            91.784879,
            26.15024
          ],
          [
            91.785146,
            26.14999
          ],
          [
            91.78519,
            26.149953
          ],
          [
            91.785304,
            26.149854
          ]
        ]
      }
    },
    {
      "type": "Feature",
      "id": "RE-OSM-0351",
      "properties": {
        "id": "RE-OSM-0351",
        "name": "Secondary Road",
        "osmId": 867774691,
        "highway": "secondary",
        "distanceToHotspotM": 550.9,
        "nearestHotspot": "Rukminigaon",
        "riskNow": "MODERATE",
        "riskPlus1Hr": "HIGH RISK"
      },
      "geometry": {
        "type": "LineString",
        "coordinates": [
          [
            91.791867,
            26.140216
          ],
          [
            91.792232,
            26.140353
          ],
          [
            91.794756,
            26.141287
          ],
          [
            91.794831,
            26.141327
          ],
          [
            91.794854,
            26.141349
          ],
          [
            91.794886,
            26.141381
          ],
          [
            91.794922,
            26.141439
          ],
          [
            91.794935,
            26.141504
          ],
          [
            91.794934,
            26.141575
          ],
          [
            91.794894,
            26.141675
          ],
          [
            91.794851,
            26.141745
          ],
          [
            91.794726,
            26.141851
          ],
          [
            91.794488,
            26.142028
          ]
        ]
      }
    },
    {
      "type": "Feature",
      "id": "RE-OSM-0352",
      "properties": {
        "id": "RE-OSM-0352",
        "name": "Mahapurush Srimanta Sankardeva Path",
        "osmId": 867774693,
        "highway": "primary",
        "distanceToHotspotM": 685.1,
        "nearestHotspot": "Rukminigaon",
        "riskNow": "MODERATE",
        "riskPlus1Hr": "HIGH RISK"
      },
      "geometry": {
        "type": "LineString",
        "coordinates": [
          [
            91.794015,
            26.142514
          ],
          [
            91.792975,
            26.14332
          ],
          [
            91.792254,
            26.143934
          ],
          [
            91.792081,
            26.144078
          ],
          [
            91.791795,
            26.144328
          ],
          [
            91.790442,
            26.145482
          ]
        ]
      }
    },
    {
      "type": "Feature",
      "id": "RE-OSM-0353",
      "properties": {
        "id": "RE-OSM-0353",
        "name": "Supermarket Flyover",
        "osmId": 867774694,
        "highway": "secondary",
        "distanceToHotspotM": 538.7,
        "nearestHotspot": "Rukminigaon",
        "riskNow": "MODERATE",
        "riskPlus1Hr": "HIGH RISK"
      },
      "geometry": {
        "type": "LineString",
        "coordinates": [
          [
            91.795016,
            26.141841
          ],
          [
            91.795069,
            26.141679
          ],
          [
            91.795079,
            26.141574
          ],
          [
            91.795076,
            26.141484
          ],
          [
            91.79504,
            26.141411
          ],
          [
            91.794989,
            26.141309
          ],
          [
            91.794929,
            26.14125
          ],
          [
            91.794849,
            26.141211
          ],
          [
            91.791953,
            26.140165
          ],
          [
            91.791509,
            26.13999
          ]
        ]
      }
    },
    {
      "type": "Feature",
      "id": "RE-OSM-0354",
      "properties": {
        "id": "RE-OSM-0354",
        "name": "Mahapurush Srimanta Sankardeva Path",
        "osmId": 867774695,
        "highway": "primary",
        "distanceToHotspotM": 976.0,
        "nearestHotspot": "Rukminigaon",
        "riskNow": "NORMAL",
        "riskPlus1Hr": "MODERATE"
      },
      "geometry": {
        "type": "LineString",
        "coordinates": [
          [
            91.790488,
            26.145547
          ],
          [
            91.790921,
            26.145186
          ],
          [
            91.791865,
            26.144369
          ]
        ]
      }
    },
    {
      "type": "Feature",
      "id": "RE-OSM-0355",
      "properties": {
        "id": "RE-OSM-0355",
        "name": "Secondary Road",
        "osmId": 867774700,
        "highway": "secondary",
        "distanceToHotspotM": 815.8,
        "nearestHotspot": "Rukminigaon",
        "riskNow": "NORMAL",
        "riskPlus1Hr": "MODERATE"
      },
      "geometry": {
        "type": "LineString",
        "coordinates": [
          [
            91.790139,
            26.139488
          ],
          [
            91.790358,
            26.13958
          ],
          [
            91.791111,
            26.139892
          ],
          [
            91.791277,
            26.139965
          ],
          [
            91.791701,
            26.140154
          ],
          [
            91.791867,
            26.140216
          ]
        ]
      }
    },
    {
      "type": "Feature",
      "id": "RE-OSM-0356",
      "properties": {
        "id": "RE-OSM-0356",
        "name": "Mahapurush Srimanta Sankardeva Path",
        "osmId": 867774702,
        "highway": "primary",
        "distanceToHotspotM": 446.7,
        "nearestHotspot": "Rukminigaon",
        "riskNow": "MODERATE",
        "riskPlus1Hr": "HIGH RISK"
      },
      "geometry": {
        "type": "LineString",
        "coordinates": [
          [
            91.79588,
            26.141068
          ],
          [
            91.795565,
            26.141307
          ],
          [
            91.795446,
            26.141398
          ],
          [
            91.79542,
            26.141417
          ],
          [
            91.795323,
            26.141488
          ],
          [
            91.794853,
            26.141852
          ],
          [
            91.794397,
            26.142201
          ],
          [
            91.794261,
            26.142312
          ],
          [
            91.794015,
            26.142514
          ]
        ]
      }
    },
    {
      "type": "Feature",
      "id": "RE-OSM-0357",
      "properties": {
        "id": "RE-OSM-0357",
        "name": "Mahapurush Srimanta Sankardeva Path",
        "osmId": 867776438,
        "highway": "primary",
        "distanceToHotspotM": 332.8,
        "nearestHotspot": "Rukminigaon",
        "riskNow": "HIGH RISK",
        "riskPlus1Hr": "BLOCKED"
      },
      "geometry": {
        "type": "LineString",
        "coordinates": [
          [
            91.796795,
            26.140324
          ],
          [
            91.796764,
            26.140349
          ],
          [
            91.796193,
            26.140806
          ]
        ]
      }
    },
    {
      "type": "Feature",
      "id": "RE-OSM-0358",
      "properties": {
        "id": "RE-OSM-0358",
        "name": "Secondary Road",
        "osmId": 868672421,
        "highway": "secondary",
        "distanceToHotspotM": 1110.8,
        "nearestHotspot": "Hatigaon - Bhetapara",
        "riskNow": "NORMAL",
        "riskPlus1Hr": "MODERATE"
      },
      "geometry": {
        "type": "LineString",
        "coordinates": [
          [
            91.78745,
            26.140499
          ],
          [
            91.787338,
            26.140695
          ],
          [
            91.787192,
            26.141069
          ],
          [
            91.786995,
            26.141599
          ],
          [
            91.786853,
            26.141772
          ]
        ]
      }
    },
    {
      "type": "Feature",
      "id": "RE-OSM-0359",
      "properties": {
        "id": "RE-OSM-0359",
        "name": "Secondary Road",
        "osmId": 906724383,
        "highway": "secondary",
        "distanceToHotspotM": 2522.7,
        "nearestHotspot": "Boragaon Bypass",
        "riskNow": "NORMAL",
        "riskPlus1Hr": "NORMAL"
      },
      "geometry": {
        "type": "LineString",
        "coordinates": [
          [
            91.708463,
            26.112316
          ],
          [
            91.708451,
            26.111611
          ],
          [
            91.708292,
            26.109793
          ],
          [
            91.708074,
            26.107291
          ],
          [
            91.708063,
            26.106534
          ],
          [
            91.708057,
            26.106243
          ],
          [
            91.708022,
            26.106066
          ],
          [
            91.707876,
            26.105804
          ],
          [
            91.707798,
            26.105687
          ],
          [
            91.707151,
            26.104727
          ],
          [
            91.707076,
            26.104636
          ]
        ]
      }
    },
    {
      "type": "Feature",
      "id": "RE-OSM-0360",
      "properties": {
        "id": "RE-OSM-0360",
        "name": "Tertiary Road",
        "osmId": 991928708,
        "highway": "tertiary",
        "distanceToHotspotM": 1512.6,
        "nearestHotspot": "Ulubari",
        "riskNow": "NORMAL",
        "riskPlus1Hr": "NORMAL"
      },
      "geometry": {
        "type": "LineString",
        "coordinates": [
          [
            91.747487,
            26.176301
          ],
          [
            91.747284,
            26.175782
          ],
          [
            91.747289,
            26.175726
          ],
          [
            91.747365,
            26.175638
          ],
          [
            91.747385,
            26.175572
          ],
          [
            91.747331,
            26.17538
          ],
          [
            91.74726,
            26.175243
          ],
          [
            91.747108,
            26.175044
          ]
        ]
      }
    },
    {
      "type": "Feature",
      "id": "RE-OSM-0361",
      "properties": {
        "id": "RE-OSM-0361",
        "name": "Mahapurush Srimanta Sankardeva Path",
        "osmId": 1000095930,
        "highway": "primary",
        "distanceToHotspotM": 406.8,
        "nearestHotspot": "Rukminigaon",
        "riskNow": "MODERATE",
        "riskPlus1Hr": "HIGH RISK"
      },
      "geometry": {
        "type": "LineString",
        "coordinates": [
          [
            91.796193,
            26.140806
          ],
          [
            91.795973,
            26.140991
          ],
          [
            91.79588,
            26.141068
          ]
        ]
      }
    },
    {
      "type": "Feature",
      "id": "RE-OSM-0362",
      "properties": {
        "id": "RE-OSM-0362",
        "name": "Mahapurush Srimanta Sankardeva Path",
        "osmId": 1000095932,
        "highway": "primary",
        "distanceToHotspotM": 485.7,
        "nearestHotspot": "Rukminigaon",
        "riskNow": "MODERATE",
        "riskPlus1Hr": "HIGH RISK"
      },
      "geometry": {
        "type": "LineString",
        "coordinates": [
          [
            91.794848,
            26.14209
          ],
          [
            91.794979,
            26.141991
          ],
          [
            91.795458,
            26.141607
          ],
          [
            91.795548,
            26.141534
          ],
          [
            91.795648,
            26.141453
          ]
        ]
      }
    },
    {
      "type": "Feature",
      "id": "RE-OSM-0363",
      "properties": {
        "id": "RE-OSM-0363",
        "name": "Dispur Flyover",
        "osmId": 1000095933,
        "highway": "primary",
        "distanceToHotspotM": 561.5,
        "nearestHotspot": "Rukminigaon",
        "riskNow": "MODERATE",
        "riskPlus1Hr": "HIGH RISK"
      },
      "geometry": {
        "type": "LineString",
        "coordinates": [
          [
            91.794061,
            26.142592
          ],
          [
            91.795016,
            26.141841
          ]
        ]
      }
    },
    {
      "type": "Feature",
      "id": "RE-OSM-0364",
      "properties": {
        "id": "RE-OSM-0364",
        "name": "Dispur Flyover",
        "osmId": 1000095935,
        "highway": "primary",
        "distanceToHotspotM": 141.4,
        "nearestHotspot": "Rukminigaon",
        "riskNow": "HIGH RISK",
        "riskPlus1Hr": "BLOCKED"
      },
      "geometry": {
        "type": "LineString",
        "coordinates": [
          [
            91.795016,
            26.141841
          ],
          [
            91.797936,
            26.139512
          ],
          [
            91.798811,
            26.138809
          ]
        ]
      }
    },
    {
      "type": "Feature",
      "id": "RE-OSM-0365",
      "properties": {
        "id": "RE-OSM-0365",
        "name": "Secondary Road",
        "osmId": 1000095937,
        "highway": "secondary",
        "distanceToHotspotM": 643.1,
        "nearestHotspot": "Rukminigaon",
        "riskNow": "MODERATE",
        "riskPlus1Hr": "HIGH RISK"
      },
      "geometry": {
        "type": "LineString",
        "coordinates": [
          [
            91.794294,
            26.142184
          ],
          [
            91.794016,
            26.142403
          ],
          [
            91.793651,
            26.142678
          ],
          [
            91.793051,
            26.143148
          ],
          [
            91.792975,
            26.14332
          ]
        ]
      }
    },
    {
      "type": "Feature",
      "id": "RE-OSM-0366",
      "properties": {
        "id": "RE-OSM-0366",
        "name": "Secondary Road",
        "osmId": 1000095938,
        "highway": "secondary",
        "distanceToHotspotM": 617.9,
        "nearestHotspot": "Rukminigaon",
        "riskNow": "MODERATE",
        "riskPlus1Hr": "HIGH RISK"
      },
      "geometry": {
        "type": "LineString",
        "coordinates": [
          [
            91.794488,
            26.142028
          ],
          [
            91.794294,
            26.142184
          ]
        ]
      }
    },
    {
      "type": "Feature",
      "id": "RE-OSM-0367",
      "properties": {
        "id": "RE-OSM-0367",
        "name": "Secondary Road",
        "osmId": 1013969997,
        "highway": "secondary",
        "distanceToHotspotM": 565.4,
        "nearestHotspot": "Ulubari",
        "riskNow": "MODERATE",
        "riskPlus1Hr": "HIGH RISK"
      },
      "geometry": {
        "type": "LineString",
        "coordinates": [
          [
            91.75754,
            26.175061
          ],
          [
            91.75756,
            26.174898
          ],
          [
            91.757546,
            26.174786
          ],
          [
            91.757429,
            26.174261
          ],
          [
            91.757331,
            26.17393
          ],
          [
            91.757293,
            26.173802
          ],
          [
            91.757173,
            26.173462
          ],
          [
            91.757063,
            26.173156
          ],
          [
            91.756974,
            26.173088
          ]
        ]
      }
    },
    {
      "type": "Feature",
      "id": "RE-OSM-0368",
      "properties": {
        "id": "RE-OSM-0368",
        "name": "B K Kakati Road",
        "osmId": 1013969998,
        "highway": "secondary",
        "distanceToHotspotM": 566.2,
        "nearestHotspot": "Ulubari",
        "riskNow": "MODERATE",
        "riskPlus1Hr": "HIGH RISK"
      },
      "geometry": {
        "type": "LineString",
        "coordinates": [
          [
            91.756974,
            26.173088
          ],
          [
            91.756969,
            26.173182
          ],
          [
            91.757199,
            26.173833
          ],
          [
            91.757333,
            26.174441
          ],
          [
            91.757409,
            26.174892
          ],
          [
            91.757414,
            26.17496
          ],
          [
            91.757415,
            26.175149
          ],
          [
            91.757459,
            26.175217
          ]
        ]
      }
    },
    {
      "type": "Feature",
      "id": "RE-OSM-0369",
      "properties": {
        "id": "RE-OSM-0369",
        "name": "G.N.B Road",
        "osmId": 1014551111,
        "highway": "primary",
        "distanceToHotspotM": 1942.1,
        "nearestHotspot": "Ulubari",
        "riskNow": "NORMAL",
        "riskPlus1Hr": "NORMAL"
      },
      "geometry": {
        "type": "LineString",
        "coordinates": [
          [
            91.75206,
            26.185686
          ],
          [
            91.752777,
            26.185506
          ],
          [
            91.752928,
            26.185472
          ],
          [
            91.753055,
            26.185444
          ]
        ]
      }
    },
    {
      "type": "Feature",
      "id": "RE-OSM-0370",
      "properties": {
        "id": "RE-OSM-0370",
        "name": "Primary Road",
        "osmId": 1038595629,
        "highway": "primary",
        "distanceToHotspotM": 1413.0,
        "nearestHotspot": "Ulubari",
        "riskNow": "NORMAL",
        "riskPlus1Hr": "NORMAL"
      },
      "geometry": {
        "type": "LineString",
        "coordinates": [
          [
            91.751524,
            26.178963
          ],
          [
            91.75158,
            26.178987
          ]
        ]
      }
    },
    {
      "type": "Feature",
      "id": "RE-OSM-0371",
      "properties": {
        "id": "RE-OSM-0371",
        "name": "NH37",
        "osmId": 1038928900,
        "highway": "tertiary",
        "distanceToHotspotM": 1626.2,
        "nearestHotspot": "Khanapara Basin",
        "riskNow": "NORMAL",
        "riskPlus1Hr": "NORMAL"
      },
      "geometry": {
        "type": "LineString",
        "coordinates": [
          [
            91.806004,
            26.113808
          ],
          [
            91.804439,
            26.113349
          ],
          [
            91.803865,
            26.11318
          ],
          [
            91.802745,
            26.112849
          ],
          [
            91.802537,
            26.112788
          ],
          [
            91.802207,
            26.112688
          ],
          [
            91.802076,
            26.112648
          ],
          [
            91.801668,
            26.112547
          ],
          [
            91.80155,
            26.112525
          ],
          [
            91.801069,
            26.112469
          ],
          [
            91.800618,
            26.112383
          ],
          [
            91.800133,
            26.112326
          ],
          [
            91.799527,
            26.112256
          ],
          [
            91.799174,
            26.112215
          ],
          [
            91.799014,
            26.112193
          ],
          [
            91.79878,
            26.112161
          ],
          [
            91.797812,
            26.112046
          ]
        ]
      }
    },
    {
      "type": "Feature",
      "id": "RE-OSM-0372",
      "properties": {
        "id": "RE-OSM-0372",
        "name": "NH37",
        "osmId": 1038928901,
        "highway": "tertiary",
        "distanceToHotspotM": 2721.9,
        "nearestHotspot": "Hatigaon - Bhetapara",
        "riskNow": "NORMAL",
        "riskPlus1Hr": "NORMAL"
      },
      "geometry": {
        "type": "LineString",
        "coordinates": [
          [
            91.789352,
            26.111241
          ],
          [
            91.789029,
            26.111238
          ]
        ]
      }
    },
    {
      "type": "Feature",
      "id": "RE-OSM-0373",
      "properties": {
        "id": "RE-OSM-0373",
        "name": "Radha Gobinda Baruah Road",
        "osmId": 1039076875,
        "highway": "secondary",
        "distanceToHotspotM": 604.3,
        "nearestHotspot": "Zoo Road",
        "riskNow": "MODERATE",
        "riskPlus1Hr": "HIGH RISK"
      },
      "geometry": {
        "type": "LineString",
        "coordinates": [
          [
            91.781757,
            26.15965
          ],
          [
            91.781826,
            26.159669
          ]
        ]
      }
    },
    {
      "type": "Feature",
      "id": "RE-OSM-0374",
      "properties": {
        "id": "RE-OSM-0374",
        "name": "Radha Gobinda Baruah Road",
        "osmId": 1041338049,
        "highway": "secondary",
        "distanceToHotspotM": 573.8,
        "nearestHotspot": "Zoo Road",
        "riskNow": "MODERATE",
        "riskPlus1Hr": "HIGH RISK"
      },
      "geometry": {
        "type": "LineString",
        "coordinates": [
          [
            91.783842,
            26.153517
          ],
          [
            91.783827,
            26.153567
          ],
          [
            91.783674,
            26.154031
          ],
          [
            91.78365,
            26.154101
          ],
          [
            91.783421,
            26.154785
          ],
          [
            91.783255,
            26.155292
          ],
          [
            91.783212,
            26.155417
          ],
          [
            91.783169,
            26.155542
          ],
          [
            91.782786,
            26.15664
          ],
          [
            91.782596,
            26.157168
          ],
          [
            91.782026,
            26.158869
          ],
          [
            91.782006,
            26.158926
          ],
          [
            91.781888,
            26.159268
          ],
          [
            91.781757,
            26.15965
          ],
          [
            91.781706,
            26.159798
          ],
          [
            91.781702,
            26.159813
          ],
          [
            91.781633,
            26.159987
          ]
        ]
      }
    },
    {
      "type": "Feature",
      "id": "RE-OSM-0375",
      "properties": {
        "id": "RE-OSM-0375",
        "name": "Dighalipukhuri Road",
        "osmId": 1054721874,
        "highway": "primary",
        "distanceToHotspotM": 2100.7,
        "nearestHotspot": "Ulubari",
        "riskNow": "NORMAL",
        "riskPlus1Hr": "NORMAL"
      },
      "geometry": {
        "type": "LineString",
        "coordinates": [
          [
            91.750515,
            26.185882
          ],
          [
            91.750515,
            26.185977
          ],
          [
            91.750398,
            26.186974
          ],
          [
            91.750233,
            26.188385
          ]
        ]
      }
    },
    {
      "type": "Feature",
      "id": "RE-OSM-0376",
      "properties": {
        "id": "RE-OSM-0376",
        "name": "Primary Road",
        "osmId": 1054721875,
        "highway": "primary",
        "distanceToHotspotM": 2438.2,
        "nearestHotspot": "Ulubari",
        "riskNow": "NORMAL",
        "riskPlus1Hr": "NORMAL"
      },
      "geometry": {
        "type": "LineString",
        "coordinates": [
          [
            91.750017,
            26.189607
          ],
          [
            91.750196,
            26.189522
          ],
          [
            91.750279,
            26.1895
          ],
          [
            91.751515,
            26.189904
          ],
          [
            91.751543,
            26.189824
          ],
          [
            91.751577,
            26.189731
          ]
        ]
      }
    },
    {
      "type": "Feature",
      "id": "RE-OSM-0377",
      "properties": {
        "id": "RE-OSM-0377",
        "name": "Secondary_link Road",
        "osmId": 1088731462,
        "highway": "secondary_link",
        "distanceToHotspotM": 817.5,
        "nearestHotspot": "GS Road (Bhangagarh)",
        "riskNow": "NORMAL",
        "riskPlus1Hr": "MODERATE"
      },
      "geometry": {
        "type": "LineString",
        "coordinates": [
          [
            91.768896,
            26.164606
          ],
          [
            91.768979,
            26.164696
          ],
          [
            91.769053,
            26.16477
          ]
        ]
      }
    },
    {
      "type": "Feature",
      "id": "RE-OSM-0378",
      "properties": {
        "id": "RE-OSM-0378",
        "name": "Mahapurush Srimanta Sankardeva Path",
        "osmId": 1101700465,
        "highway": "primary",
        "distanceToHotspotM": 1180.3,
        "nearestHotspot": "Rukminigaon",
        "riskNow": "NORMAL",
        "riskPlus1Hr": "MODERATE"
      },
      "geometry": {
        "type": "LineString",
        "coordinates": [
          [
            91.789374,
            26.146434
          ],
          [
            91.789552,
            26.146293
          ],
          [
            91.790362,
            26.14565
          ]
        ]
      }
    },
    {
      "type": "Feature",
      "id": "RE-OSM-0379",
      "properties": {
        "id": "RE-OSM-0379",
        "name": "Mahapurush Srimanta Sankardeva Path",
        "osmId": 1105224532,
        "highway": "primary",
        "distanceToHotspotM": 137.0,
        "nearestHotspot": "Rukminigaon",
        "riskNow": "HIGH RISK",
        "riskPlus1Hr": "BLOCKED"
      },
      "geometry": {
        "type": "LineString",
        "coordinates": [
          [
            91.795648,
            26.141453
          ],
          [
            91.795734,
            26.141392
          ],
          [
            91.795779,
            26.141359
          ],
          [
            91.796089,
            26.141113
          ],
          [
            91.797758,
            26.13979
          ],
          [
            91.798769,
            26.138955
          ],
          [
            91.798864,
            26.13877
          ]
        ]
      }
    },
    {
      "type": "Feature",
      "id": "RE-OSM-0380",
      "properties": {
        "id": "RE-OSM-0380",
        "name": "Secondary Road",
        "osmId": 1117743812,
        "highway": "secondary",
        "distanceToHotspotM": 498.6,
        "nearestHotspot": "Rukminigaon",
        "riskNow": "MODERATE",
        "riskPlus1Hr": "HIGH RISK"
      },
      "geometry": {
        "type": "LineString",
        "coordinates": [
          [
            91.795548,
            26.141534
          ],
          [
            91.79542,
            26.141417
          ]
        ]
      }
    },
    {
      "type": "Feature",
      "id": "RE-OSM-0381",
      "properties": {
        "id": "RE-OSM-0381",
        "name": "Guwahati Medical College Road",
        "osmId": 1124976974,
        "highway": "secondary",
        "distanceToHotspotM": 524.1,
        "nearestHotspot": "GS Road (Bhangagarh)",
        "riskNow": "MODERATE",
        "riskPlus1Hr": "HIGH RISK"
      },
      "geometry": {
        "type": "LineString",
        "coordinates": [
          [
            91.765998,
            26.159113
          ],
          [
            91.765997,
            26.158994
          ],
          [
            91.765981,
            26.158886
          ],
          [
            91.765962,
            26.158843
          ],
          [
            91.765939,
            26.158816
          ],
          [
            91.765894,
            26.158799
          ],
          [
            91.765839,
            26.15879
          ],
          [
            91.765559,
            26.158807
          ],
          [
            91.764751,
            26.158854
          ],
          [
            91.764583,
            26.158852
          ],
          [
            91.764423,
            26.15885
          ],
          [
            91.764151,
            26.158851
          ],
          [
            91.764018,
            26.158851
          ],
          [
            91.763958,
            26.158851
          ],
          [
            91.763222,
            26.158848
          ],
          [
            91.763096,
            26.158833
          ],
          [
            91.762983,
            26.158813
          ],
          [
            91.762973,
            26.158811
          ],
          [
            91.762834,
            26.158763
          ],
          [
            91.762354,
            26.158553
          ],
          [
            91.762275,
            26.158517
          ],
          [
            91.76219,
            26.158479
          ],
          [
            91.762042,
            26.158433
          ],
          [
            91.761872,
            26.15841
          ],
          [
            91.761407,
            26.158402
          ],
          [
            91.761297,
            26.158407
          ],
          [
            91.761026,
            26.158412
          ],
          [
            91.760918,
            26.15842
          ],
          [
            91.76041,
            26.158424
          ],
          [
            91.760023,
            26.158395
          ],
          [
            91.759948,
            26.158389
          ],
          [
            91.759844,
            26.158375
          ],
          [
            91.759709,
            26.158347
          ],
          [
            91.759602,
            26.158292
          ],
          [
            91.759476,
            26.158204
          ],
          [
            91.759266,
            26.158057
          ],
          [
            91.759095,
            26.157947
          ],
          [
            91.759011,
            26.157928
          ],
          [
            91.758928,
            26.15791
          ],
          [
            91.758725,
            26.15792
          ],
          [
            91.758559,
            26.157964
          ],
          [
            91.758368,
            26.158033
          ]
        ]
      }
    },
    {
      "type": "Feature",
      "id": "RE-OSM-0382",
      "properties": {
        "id": "RE-OSM-0382",
        "name": "Hem Baruah Road",
        "osmId": 1125145370,
        "highway": "tertiary",
        "distanceToHotspotM": 1684.0,
        "nearestHotspot": "Bharalumukh",
        "riskNow": "NORMAL",
        "riskPlus1Hr": "NORMAL"
      },
      "geometry": {
        "type": "LineString",
        "coordinates": [
          [
            91.740601,
            26.183242
          ],
          [
            91.740579,
            26.182265
          ],
          [
            91.740551,
            26.181889
          ]
        ]
      }
    },
    {
      "type": "Feature",
      "id": "RE-OSM-0383",
      "properties": {
        "id": "RE-OSM-0383",
        "name": "Hem Baruah Road",
        "osmId": 1125145372,
        "highway": "tertiary",
        "distanceToHotspotM": 2176.9,
        "nearestHotspot": "Bharalumukh",
        "riskNow": "NORMAL",
        "riskPlus1Hr": "NORMAL"
      },
      "geometry": {
        "type": "LineString",
        "coordinates": [
          [
            91.743867,
            26.186818
          ],
          [
            91.742892,
            26.186418
          ]
        ]
      }
    },
    {
      "type": "Feature",
      "id": "RE-OSM-0384",
      "properties": {
        "id": "RE-OSM-0384",
        "name": "NH37",
        "osmId": 1134409399,
        "highway": "tertiary",
        "distanceToHotspotM": 2699.2,
        "nearestHotspot": "Hatigaon - Bhetapara",
        "riskNow": "NORMAL",
        "riskPlus1Hr": "NORMAL"
      },
      "geometry": {
        "type": "LineString",
        "coordinates": [
          [
            91.789029,
            26.111238
          ],
          [
            91.788642,
            26.111233
          ],
          [
            91.788454,
            26.111231
          ],
          [
            91.788371,
            26.111231
          ]
        ]
      }
    },
    {
      "type": "Feature",
      "id": "RE-OSM-0385",
      "properties": {
        "id": "RE-OSM-0385",
        "name": "B N Sakia Road",
        "osmId": 1134775131,
        "highway": "secondary",
        "distanceToHotspotM": 2246.7,
        "nearestHotspot": "Khanapara Basin",
        "riskNow": "NORMAL",
        "riskPlus1Hr": "NORMAL"
      },
      "geometry": {
        "type": "LineString",
        "coordinates": [
          [
            91.797767,
            26.112438
          ],
          [
            91.797829,
            26.112941
          ]
        ]
      }
    },
    {
      "type": "Feature",
      "id": "RE-OSM-0386",
      "properties": {
        "id": "RE-OSM-0386",
        "name": "Assam Trunk Rd",
        "osmId": 1135608706,
        "highway": "primary",
        "distanceToHotspotM": 225.5,
        "nearestHotspot": "Bharalumukh",
        "riskNow": "HIGH RISK",
        "riskPlus1Hr": "BLOCKED"
      },
      "geometry": {
        "type": "LineString",
        "coordinates": [
          [
            91.728724,
            26.173861
          ],
          [
            91.730508,
            26.175404
          ],
          [
            91.731158,
            26.175978
          ],
          [
            91.732235,
            26.176987
          ],
          [
            91.732925,
            26.177621
          ],
          [
            91.733113,
            26.177876
          ],
          [
            91.733231,
            26.178113
          ],
          [
            91.733298,
            26.1783
          ],
          [
            91.733371,
            26.178389
          ],
          [
            91.733459,
            26.178442
          ],
          [
            91.73354,
            26.178463
          ],
          [
            91.733959,
            26.17854
          ]
        ]
      }
    },
    {
      "type": "Feature",
      "id": "RE-OSM-0387",
      "properties": {
        "id": "RE-OSM-0387",
        "name": "Rajgarh Road",
        "osmId": 1135617344,
        "highway": "secondary",
        "distanceToHotspotM": 216.4,
        "nearestHotspot": "Anil Nagar",
        "riskNow": "HIGH RISK",
        "riskPlus1Hr": "BLOCKED"
      },
      "geometry": {
        "type": "LineString",
        "coordinates": [
          [
            91.772163,
            26.173577
          ],
          [
            91.77203,
            26.173352
          ],
          [
            91.771933,
            26.173198
          ],
          [
            91.771862,
            26.173055
          ],
          [
            91.771599,
            26.172523
          ],
          [
            91.771375,
            26.171982
          ],
          [
            91.771255,
            26.171762
          ],
          [
            91.770932,
            26.170984
          ],
          [
            91.770868,
            26.170835
          ],
          [
            91.770601,
            26.170248
          ],
          [
            91.770445,
            26.169904
          ],
          [
            91.77042,
            26.169848
          ],
          [
            91.770252,
            26.16945
          ],
          [
            91.770015,
            26.168887
          ],
          [
            91.769642,
            26.168102
          ],
          [
            91.769495,
            26.167784
          ],
          [
            91.769256,
            26.167267
          ],
          [
            91.769222,
            26.167185
          ],
          [
            91.769093,
            26.166894
          ]
        ]
      }
    },
    {
      "type": "Feature",
      "id": "RE-OSM-0388",
      "properties": {
        "id": "RE-OSM-0388",
        "name": "Rajgarh Road",
        "osmId": 1135617345,
        "highway": "secondary",
        "distanceToHotspotM": 62.6,
        "nearestHotspot": "Anil Nagar",
        "riskNow": "HIGH RISK",
        "riskPlus1Hr": "BLOCKED"
      },
      "geometry": {
        "type": "LineString",
        "coordinates": [
          [
            91.77424,
            26.180129
          ],
          [
            91.774142,
            26.179456
          ],
          [
            91.774045,
            26.178815
          ],
          [
            91.774008,
            26.178584
          ],
          [
            91.773954,
            26.178346
          ],
          [
            91.77389,
            26.17811
          ],
          [
            91.773826,
            26.177902
          ],
          [
            91.773678,
            26.177405
          ],
          [
            91.773525,
            26.176887
          ],
          [
            91.773301,
            26.176245
          ],
          [
            91.773132,
            26.175835
          ],
          [
            91.772802,
            26.175007
          ],
          [
            91.772639,
            26.174632
          ],
          [
            91.772572,
            26.174441
          ],
          [
            91.772415,
            26.174065
          ],
          [
            91.77227,
            26.173707
          ],
          [
            91.772163,
            26.173577
          ]
        ]
      }
    },
    {
      "type": "Feature",
      "id": "RE-OSM-0389",
      "properties": {
        "id": "RE-OSM-0389",
        "name": "Rajgarh Road",
        "osmId": 1135624341,
        "highway": "secondary",
        "distanceToHotspotM": 864.5,
        "nearestHotspot": "Ulubari",
        "riskNow": "NORMAL",
        "riskPlus1Hr": "MODERATE"
      },
      "geometry": {
        "type": "LineString",
        "coordinates": [
          [
            91.768225,
            26.165211
          ],
          [
            91.768372,
            26.165393
          ]
        ]
      }
    },
    {
      "type": "Feature",
      "id": "RE-OSM-0390",
      "properties": {
        "id": "RE-OSM-0390",
        "name": "Rajgarh Road",
        "osmId": 1135624342,
        "highway": "secondary",
        "distanceToHotspotM": 860.4,
        "nearestHotspot": "Ulubari",
        "riskNow": "NORMAL",
        "riskPlus1Hr": "MODERATE"
      },
      "geometry": {
        "type": "LineString",
        "coordinates": [
          [
            91.768903,
            26.166409
          ],
          [
            91.768895,
            26.166348
          ],
          [
            91.768726,
            26.165934
          ],
          [
            91.768659,
            26.165788
          ],
          [
            91.768582,
            26.165637
          ],
          [
            91.768482,
            26.165465
          ]
        ]
      }
    },
    {
      "type": "Feature",
      "id": "RE-OSM-0391",
      "properties": {
        "id": "RE-OSM-0391",
        "name": "Secondary Road",
        "osmId": 1135627820,
        "highway": "secondary",
        "distanceToHotspotM": 749.0,
        "nearestHotspot": "Anil Nagar",
        "riskNow": "MODERATE",
        "riskPlus1Hr": "HIGH RISK"
      },
      "geometry": {
        "type": "LineString",
        "coordinates": [
          [
            91.779687,
            26.17356
          ],
          [
            91.779912,
            26.173393
          ],
          [
            91.780328,
            26.173041
          ],
          [
            91.780874,
            26.172633
          ],
          [
            91.780988,
            26.172564
          ],
          [
            91.781082,
            26.172527
          ],
          [
            91.781191,
            26.172507
          ],
          [
            91.781349,
            26.172509
          ],
          [
            91.78156,
            26.172521
          ],
          [
            91.781995,
            26.17256
          ],
          [
            91.782395,
            26.172608
          ],
          [
            91.78299,
            26.172672
          ],
          [
            91.783414,
            26.172716
          ],
          [
            91.784074,
            26.172784
          ],
          [
            91.784553,
            26.172828
          ],
          [
            91.785044,
            26.17287
          ],
          [
            91.785718,
            26.172893
          ],
          [
            91.786499,
            26.172923
          ],
          [
            91.786796,
            26.172909
          ],
          [
            91.786994,
            26.172891
          ],
          [
            91.787236,
            26.17286
          ],
          [
            91.787562,
            26.172817
          ],
          [
            91.787735,
            26.172808
          ],
          [
            91.787897,
            26.172807
          ],
          [
            91.788047,
            26.172825
          ],
          [
            91.788214,
            26.172831
          ],
          [
            91.78891,
            26.172905
          ],
          [
            91.789396,
            26.172939
          ],
          [
            91.789873,
            26.172976
          ],
          [
            91.7904,
            26.173017
          ],
          [
            91.791027,
            26.173056
          ],
          [
            91.791788,
            26.173098
          ],
          [
            91.792073,
            26.173107
          ],
          [
            91.792483,
            26.173082
          ],
          [
            91.792866,
            26.173038
          ],
          [
            91.793336,
            26.172976
          ],
          [
            91.7936,
            26.172913
          ],
          [
            91.793843,
            26.172842
          ],
          [
            91.794432,
            26.172628
          ],
          [
            91.794527,
            26.172589
          ],
          [
            91.794636,
            26.172564
          ],
          [
            91.79482,
            26.17254
          ],
          [
            91.794907,
            26.172536
          ],
          [
            91.79551,
            26.172502
          ],
          [
            91.795699,
            26.172525
          ],
          [
            91.795872,
            26.172582
          ],
          [
            91.796033,
            26.17264
          ],
          [
            91.796224,
            26.172683
          ],
          [
            91.796389,
            26.1727
          ],
          [
            91.79645,
            26.172703
          ],
          [
            91.796762,
            26.172717
          ],
          [
            91.797196,
            26.172741
          ],
          [
            91.797736,
            26.172789
          ],
          [
            91.798185,
            26.172884
          ],
          [
            91.798574,
            26.172959
          ],
          [
            91.79886,
            26.172977
          ],
          [
            91.799173,
            26.172978
          ],
          [
            91.799699,
            26.172981
          ],
          [
            91.80072,
            26.173051
          ],
          [
            91.801334,
            26.173046
          ],
          [
            91.801476,
            26.173065
          ],
          [
            91.801698,
            26.173114
          ],
          [
            91.801862,
            26.173195
          ],
          [
            91.802013,
            26.173325
          ],
          [
            91.802106,
            26.173476
          ],
          [
            91.80223,
            26.173787
          ],
          [
            91.802614,
            26.174823
          ],
          [
            91.802902,
            26.175504
          ],
          [
            91.803468,
            26.176714
          ],
          [
            91.804252,
            26.178353
          ]
        ]
      }
    },
    {
      "type": "Feature",
      "id": "RE-OSM-0392",
      "properties": {
        "id": "RE-OSM-0392",
        "name": "Satgaon Main Road",
        "osmId": 1135638795,
        "highway": "secondary",
        "distanceToHotspotM": 4400.2,
        "nearestHotspot": "Rukminigaon",
        "riskNow": "NORMAL",
        "riskPlus1Hr": "NORMAL"
      },
      "geometry": {
        "type": "LineString",
        "coordinates": [
          [
            91.829414,
            26.168977
          ],
          [
            91.828742,
            26.170078
          ],
          [
            91.828688,
            26.170157
          ]
        ]
      }
    },
    {
      "type": "Feature",
      "id": "RE-OSM-0393",
      "properties": {
        "id": "RE-OSM-0393",
        "name": "Satgaon Main Road",
        "osmId": 1135638796,
        "highway": "secondary",
        "distanceToHotspotM": 4389.8,
        "nearestHotspot": "Rukminigaon",
        "riskNow": "NORMAL",
        "riskPlus1Hr": "NORMAL"
      },
      "geometry": {
        "type": "LineString",
        "coordinates": [
          [
            91.829608,
            26.168692
          ],
          [
            91.829414,
            26.168977
          ]
        ]
      }
    },
    {
      "type": "Feature",
      "id": "RE-OSM-0394",
      "properties": {
        "id": "RE-OSM-0394",
        "name": "Bhangagarh Flyover Ramp",
        "osmId": 1135670522,
        "highway": "secondary",
        "distanceToHotspotM": 721.7,
        "nearestHotspot": "GS Road (Bhangagarh)",
        "riskNow": "MODERATE",
        "riskPlus1Hr": "HIGH RISK"
      },
      "geometry": {
        "type": "LineString",
        "coordinates": [
          [
            91.76763,
            26.163243
          ],
          [
            91.767717,
            26.163298
          ]
        ]
      }
    },
    {
      "type": "Feature",
      "id": "RE-OSM-0395",
      "properties": {
        "id": "RE-OSM-0395",
        "name": "B. Baruah Road",
        "osmId": 1135670523,
        "highway": "secondary",
        "distanceToHotspotM": 708.3,
        "nearestHotspot": "Ulubari",
        "riskNow": "MODERATE",
        "riskPlus1Hr": "HIGH RISK"
      },
      "geometry": {
        "type": "LineString",
        "coordinates": [
          [
            91.757459,
            26.175217
          ],
          [
            91.75754,
            26.175061
          ]
        ]
      }
    },
    {
      "type": "Feature",
      "id": "RE-OSM-0396",
      "properties": {
        "id": "RE-OSM-0396",
        "name": "Ganeshguri Flyover",
        "osmId": 1135672923,
        "highway": "secondary",
        "distanceToHotspotM": 1301.4,
        "nearestHotspot": "Zoo Road",
        "riskNow": "NORMAL",
        "riskPlus1Hr": "NORMAL"
      },
      "geometry": {
        "type": "LineString",
        "coordinates": [
          [
            91.783963,
            26.153328
          ],
          [
            91.78398,
            26.15328
          ]
        ]
      }
    },
    {
      "type": "Feature",
      "id": "RE-OSM-0397",
      "properties": {
        "id": "RE-OSM-0397",
        "name": "Ganeshguri Flyover",
        "osmId": 1135672924,
        "highway": "secondary",
        "distanceToHotspotM": 1277.9,
        "nearestHotspot": "Zoo Road",
        "riskNow": "NORMAL",
        "riskPlus1Hr": "MODERATE"
      },
      "geometry": {
        "type": "LineString",
        "coordinates": [
          [
            91.783956,
            26.15354
          ],
          [
            91.783963,
            26.153328
          ]
        ]
      }
    },
    {
      "type": "Feature",
      "id": "RE-OSM-0398",
      "properties": {
        "id": "RE-OSM-0398",
        "name": "Ganeshguri Flyover",
        "osmId": 1135672925,
        "highway": "secondary",
        "distanceToHotspotM": 1279.6,
        "nearestHotspot": "Zoo Road",
        "riskNow": "NORMAL",
        "riskPlus1Hr": "MODERATE"
      },
      "geometry": {
        "type": "LineString",
        "coordinates": [
          [
            91.783963,
            26.153328
          ],
          [
            91.783842,
            26.153517
          ]
        ]
      }
    },
    {
      "type": "Feature",
      "id": "RE-OSM-0399",
      "properties": {
        "id": "RE-OSM-0399",
        "name": "Tertiary Road",
        "osmId": 1135684882,
        "highway": "tertiary",
        "distanceToHotspotM": 2320.6,
        "nearestHotspot": "Khanapara Basin",
        "riskNow": "NORMAL",
        "riskPlus1Hr": "NORMAL"
      },
      "geometry": {
        "type": "LineString",
        "coordinates": [
          [
            91.797488,
            26.109651
          ],
          [
            91.797491,
            26.109804
          ],
          [
            91.797502,
            26.109891
          ],
          [
            91.797519,
            26.110021
          ],
          [
            91.797538,
            26.110176
          ],
          [
            91.797591,
            26.110619
          ],
          [
            91.797674,
            26.111316
          ],
          [
            91.79772,
            26.1119
          ],
          [
            91.797724,
            26.111939
          ],
          [
            91.797731,
            26.112032
          ]
        ]
      }
    },
    {
      "type": "Feature",
      "id": "RE-OSM-0400",
      "properties": {
        "id": "RE-OSM-0400",
        "name": "Tertiary Road",
        "osmId": 1135684883,
        "highway": "tertiary",
        "distanceToHotspotM": 2313.5,
        "nearestHotspot": "Khanapara Basin",
        "riskNow": "NORMAL",
        "riskPlus1Hr": "NORMAL"
      },
      "geometry": {
        "type": "LineString",
        "coordinates": [
          [
            91.797812,
            26.112046
          ],
          [
            91.797751,
            26.111489
          ],
          [
            91.797729,
            26.111316
          ],
          [
            91.797649,
            26.110642
          ],
          [
            91.797592,
            26.110174
          ],
          [
            91.797539,
            26.1098
          ],
          [
            91.797488,
            26.109651
          ]
        ]
      }
    },
    {
      "type": "Feature",
      "id": "RE-OSM-0401",
      "properties": {
        "id": "RE-OSM-0401",
        "name": "NH37",
        "osmId": 1135684884,
        "highway": "tertiary",
        "distanceToHotspotM": 2320.6,
        "nearestHotspot": "Khanapara Basin",
        "riskNow": "NORMAL",
        "riskPlus1Hr": "NORMAL"
      },
      "geometry": {
        "type": "LineString",
        "coordinates": [
          [
            91.797731,
            26.112032
          ],
          [
            91.796059,
            26.111794
          ],
          [
            91.795243,
            26.111692
          ],
          [
            91.792606,
            26.111356
          ],
          [
            91.792066,
            26.111319
          ],
          [
            91.791624,
            26.111301
          ]
        ]
      }
    },
    {
      "type": "Feature",
      "id": "RE-OSM-0402",
      "properties": {
        "id": "RE-OSM-0402",
        "name": "NH27",
        "osmId": 1135727015,
        "highway": "trunk",
        "distanceToHotspotM": 2490.7,
        "nearestHotspot": "Boragaon Bypass",
        "riskNow": "NORMAL",
        "riskPlus1Hr": "NORMAL"
      },
      "geometry": {
        "type": "LineString",
        "coordinates": [
          [
            91.72027,
            26.115497
          ],
          [
            91.72295,
            26.11493
          ],
          [
            91.725717,
            26.114401
          ]
        ]
      }
    },
    {
      "type": "Feature",
      "id": "RE-OSM-0403",
      "properties": {
        "id": "RE-OSM-0403",
        "name": "NH27",
        "osmId": 1135727016,
        "highway": "trunk",
        "distanceToHotspotM": 2440.9,
        "nearestHotspot": "Boragaon Bypass",
        "riskNow": "NORMAL",
        "riskPlus1Hr": "NORMAL"
      },
      "geometry": {
        "type": "LineString",
        "coordinates": [
          [
            91.719563,
            26.115659
          ],
          [
            91.719754,
            26.115618
          ],
          [
            91.72027,
            26.115497
          ]
        ]
      }
    },
    {
      "type": "Feature",
      "id": "RE-OSM-0404",
      "properties": {
        "id": "RE-OSM-0404",
        "name": "Trunk_link Road",
        "osmId": 1135727017,
        "highway": "trunk_link",
        "distanceToHotspotM": 3231.3,
        "nearestHotspot": "Boragaon Bypass",
        "riskNow": "NORMAL",
        "riskPlus1Hr": "NORMAL"
      },
      "geometry": {
        "type": "LineString",
        "coordinates": [
          [
            91.730103,
            26.113561
          ],
          [
            91.730085,
            26.113756
          ]
        ]
      }
    },
    {
      "type": "Feature",
      "id": "RE-OSM-0405",
      "properties": {
        "id": "RE-OSM-0405",
        "name": "Secondary Road",
        "osmId": 1142424180,
        "highway": "secondary",
        "distanceToHotspotM": 2169.9,
        "nearestHotspot": "Bharalumukh",
        "riskNow": "NORMAL",
        "riskPlus1Hr": "NORMAL"
      },
      "geometry": {
        "type": "LineString",
        "coordinates": [
          [
            91.701932,
            26.185334
          ],
          [
            91.702441,
            26.185523
          ],
          [
            91.703248,
            26.185822
          ],
          [
            91.703876,
            26.186063
          ],
          [
            91.704461,
            26.186279
          ],
          [
            91.705706,
            26.186652
          ],
          [
            91.70607,
            26.18672
          ],
          [
            91.706367,
            26.186743
          ],
          [
            91.706713,
            26.186751
          ],
          [
            91.708738,
            26.186823
          ],
          [
            91.709216,
            26.186847
          ],
          [
            91.709862,
            26.186922
          ],
          [
            91.710619,
            26.187007
          ],
          [
            91.710777,
            26.187028
          ],
          [
            91.710851,
            26.187049
          ]
        ]
      }
    },
    {
      "type": "Feature",
      "id": "RE-OSM-0406",
      "properties": {
        "id": "RE-OSM-0406",
        "name": "Secondary Road",
        "osmId": 1142424181,
        "highway": "secondary",
        "distanceToHotspotM": 2782.4,
        "nearestHotspot": "Bharalumukh",
        "riskNow": "NORMAL",
        "riskPlus1Hr": "NORMAL"
      },
      "geometry": {
        "type": "LineString",
        "coordinates": [
          [
            91.701651,
            26.185241
          ],
          [
            91.701932,
            26.185334
          ]
        ]
      }
    },
    {
      "type": "Feature",
      "id": "RE-OSM-0407",
      "properties": {
        "id": "RE-OSM-0407",
        "name": "Primary Road",
        "osmId": 1144942346,
        "highway": "primary",
        "distanceToHotspotM": 1290.9,
        "nearestHotspot": "Ulubari",
        "riskNow": "NORMAL",
        "riskPlus1Hr": "MODERATE"
      },
      "geometry": {
        "type": "LineString",
        "coordinates": [
          [
            91.748303,
            26.17172
          ],
          [
            91.748233,
            26.17154
          ],
          [
            91.747869,
            26.170862
          ],
          [
            91.747649,
            26.170435
          ],
          [
            91.747041,
            26.169343
          ],
          [
            91.746694,
            26.168774
          ]
        ]
      }
    },
    {
      "type": "Feature",
      "id": "RE-OSM-0408",
      "properties": {
        "id": "RE-OSM-0408",
        "name": "Primary Road",
        "osmId": 1144942347,
        "highway": "primary",
        "distanceToHotspotM": 1290.9,
        "nearestHotspot": "Ulubari",
        "riskNow": "NORMAL",
        "riskPlus1Hr": "MODERATE"
      },
      "geometry": {
        "type": "LineString",
        "coordinates": [
          [
            91.748288,
            26.171787
          ],
          [
            91.748303,
            26.17172
          ]
        ]
      }
    },
    {
      "type": "Feature",
      "id": "RE-OSM-0409",
      "properties": {
        "id": "RE-OSM-0409",
        "name": "Primary Road",
        "osmId": 1144942348,
        "highway": "primary",
        "distanceToHotspotM": 1293.9,
        "nearestHotspot": "Ulubari",
        "riskNow": "NORMAL",
        "riskPlus1Hr": "MODERATE"
      },
      "geometry": {
        "type": "LineString",
        "coordinates": [
          [
            91.746578,
            26.168791
          ],
          [
            91.746872,
            26.169378
          ],
          [
            91.747186,
            26.169933
          ],
          [
            91.74749,
            26.17048
          ],
          [
            91.748095,
            26.171565
          ],
          [
            91.748186,
            26.171739
          ],
          [
            91.748288,
            26.171787
          ]
        ]
      }
    },
    {
      "type": "Feature",
      "id": "RE-OSM-0410",
      "properties": {
        "id": "RE-OSM-0410",
        "name": "NH37",
        "osmId": 1154031784,
        "highway": "tertiary",
        "distanceToHotspotM": 3270.6,
        "nearestHotspot": "Hatigaon - Bhetapara",
        "riskNow": "NORMAL",
        "riskPlus1Hr": "NORMAL"
      },
      "geometry": {
        "type": "LineString",
        "coordinates": [
          [
            91.758124,
            26.111333
          ],
          [
            91.757389,
            26.111349
          ],
          [
            91.754323,
            26.111349
          ],
          [
            91.752124,
            26.111407
          ],
          [
            91.751764,
            26.111406
          ],
          [
            91.751488,
            26.111419
          ],
          [
            91.749819,
            26.111459
          ],
          [
            91.74966,
            26.111472
          ]
        ]
      }
    },
    {
      "type": "Feature",
      "id": "RE-OSM-0411",
      "properties": {
        "id": "RE-OSM-0411",
        "name": "Secondary Road",
        "osmId": 1180151100,
        "highway": "secondary",
        "distanceToHotspotM": 2117.3,
        "nearestHotspot": "Boragaon Bypass",
        "riskNow": "NORMAL",
        "riskPlus1Hr": "NORMAL"
      },
      "geometry": {
        "type": "LineString",
        "coordinates": [
          [
            91.708567,
            26.115965
          ],
          [
            91.708616,
            26.115774
          ],
          [
            91.708636,
            26.115679
          ],
          [
            91.708644,
            26.115614
          ],
          [
            91.708734,
            26.114849
          ],
          [
            91.708712,
            26.114642
          ],
          [
            91.708497,
            26.11266
          ]
        ]
      }
    },
    {
      "type": "Feature",
      "id": "RE-OSM-0412",
      "properties": {
        "id": "RE-OSM-0412",
        "name": "Tertiary Road",
        "osmId": 1180151217,
        "highway": "tertiary",
        "distanceToHotspotM": 2384.8,
        "nearestHotspot": "Boragaon Bypass",
        "riskNow": "NORMAL",
        "riskPlus1Hr": "NORMAL"
      },
      "geometry": {
        "type": "LineString",
        "coordinates": [
          [
            91.718972,
            26.115949
          ],
          [
            91.719166,
            26.115925
          ],
          [
            91.719218,
            26.115913
          ]
        ]
      }
    },
    {
      "type": "Feature",
      "id": "RE-OSM-0413",
      "properties": {
        "id": "RE-OSM-0413",
        "name": "Tertiary Road",
        "osmId": 1180151218,
        "highway": "tertiary",
        "distanceToHotspotM": 2346.5,
        "nearestHotspot": "Boragaon Bypass",
        "riskNow": "NORMAL",
        "riskPlus1Hr": "NORMAL"
      },
      "geometry": {
        "type": "LineString",
        "coordinates": [
          [
            91.717593,
            26.115735
          ],
          [
            91.717629,
            26.115676
          ],
          [
            91.717741,
            26.115682
          ],
          [
            91.718395,
            26.115656
          ],
          [
            91.71857,
            26.115642
          ],
          [
            91.718633,
            26.115637
          ],
          [
            91.71883,
            26.115592
          ]
        ]
      }
    },
    {
      "type": "Feature",
      "id": "RE-OSM-0414",
      "properties": {
        "id": "RE-OSM-0414",
        "name": "Secondary Road",
        "osmId": 1180151506,
        "highway": "secondary",
        "distanceToHotspotM": 1950.9,
        "nearestHotspot": "Bharalumukh",
        "riskNow": "NORMAL",
        "riskPlus1Hr": "NORMAL"
      },
      "geometry": {
        "type": "LineString",
        "coordinates": [
          [
            91.738649,
            26.159755
          ],
          [
            91.738675,
            26.159759
          ],
          [
            91.738852,
            26.159761
          ],
          [
            91.738944,
            26.159761
          ],
          [
            91.739009,
            26.159761
          ],
          [
            91.739202,
            26.159714
          ],
          [
            91.7395,
            26.159603
          ],
          [
            91.739763,
            26.15948
          ],
          [
            91.740185,
            26.159283
          ],
          [
            91.740552,
            26.159121
          ],
          [
            91.741269,
            26.158804
          ]
        ]
      }
    },
    {
      "type": "Feature",
      "id": "RE-OSM-0415",
      "properties": {
        "id": "RE-OSM-0415",
        "name": "Barsapara Road",
        "osmId": 1180151507,
        "highway": "tertiary",
        "distanceToHotspotM": 2991.2,
        "nearestHotspot": "Bharalumukh",
        "riskNow": "NORMAL",
        "riskPlus1Hr": "NORMAL"
      },
      "geometry": {
        "type": "LineString",
        "coordinates": [
          [
            91.736257,
            26.148065
          ],
          [
            91.736505,
            26.148007
          ],
          [
            91.736974,
            26.147898
          ],
          [
            91.737099,
            26.147869
          ],
          [
            91.737465,
            26.147784
          ],
          [
            91.737822,
            26.147697
          ],
          [
            91.738091,
            26.147659
          ],
          [
            91.738245,
            26.147635
          ],
          [
            91.738455,
            26.147606
          ],
          [
            91.73856,
            26.147592
          ],
          [
            91.738782,
            26.147551
          ],
          [
            91.739222,
            26.147471
          ],
          [
            91.739509,
            26.147387
          ],
          [
            91.739788,
            26.147305
          ],
          [
            91.739847,
            26.147288
          ],
          [
            91.740373,
            26.147165
          ],
          [
            91.740756,
            26.147136
          ]
        ]
      }
    },
    {
      "type": "Feature",
      "id": "RE-OSM-0416",
      "properties": {
        "id": "RE-OSM-0416",
        "name": "Tertiary Road",
        "osmId": 1190808120,
        "highway": "tertiary",
        "distanceToHotspotM": 2413.8,
        "nearestHotspot": "Boragaon Bypass",
        "riskNow": "NORMAL",
        "riskPlus1Hr": "NORMAL"
      },
      "geometry": {
        "type": "LineString",
        "coordinates": [
          [
            91.71883,
            26.115592
          ],
          [
            91.718901,
            26.115549
          ],
          [
            91.718948,
            26.115419
          ]
        ]
      }
    },
    {
      "type": "Feature",
      "id": "RE-OSM-0417",
      "properties": {
        "id": "RE-OSM-0417",
        "name": "G.S. Road",
        "osmId": 1193729434,
        "highway": "primary",
        "distanceToHotspotM": 470.8,
        "nearestHotspot": "Ulubari",
        "riskNow": "MODERATE",
        "riskPlus1Hr": "HIGH RISK"
      },
      "geometry": {
        "type": "LineString",
        "coordinates": [
          [
            91.766526,
            26.166819
          ],
          [
            91.766276,
            26.167041
          ],
          [
            91.765351,
            26.167863
          ]
        ]
      }
    },
    {
      "type": "Feature",
      "id": "RE-OSM-0418",
      "properties": {
        "id": "RE-OSM-0418",
        "name": "Primary Road",
        "osmId": 1199467421,
        "highway": "primary",
        "distanceToHotspotM": 2168.7,
        "nearestHotspot": "Bharalumukh",
        "riskNow": "NORMAL",
        "riskPlus1Hr": "NORMAL"
      },
      "geometry": {
        "type": "LineString",
        "coordinates": [
          [
            91.745918,
            26.183618
          ],
          [
            91.745846,
            26.183596
          ],
          [
            91.745712,
            26.183505
          ],
          [
            91.745527,
            26.183371
          ],
          [
            91.74543,
            26.183284
          ],
          [
            91.745363,
            26.183187
          ]
        ]
      }
    },
    {
      "type": "Feature",
      "id": "RE-OSM-0419",
      "properties": {
        "id": "RE-OSM-0419",
        "name": "Tertiary Road",
        "osmId": 1200772287,
        "highway": "tertiary",
        "distanceToHotspotM": 1451.4,
        "nearestHotspot": "Bharalumukh",
        "riskNow": "NORMAL",
        "riskPlus1Hr": "NORMAL"
      },
      "geometry": {
        "type": "LineString",
        "coordinates": [
          [
            91.740551,
            26.181889
          ],
          [
            91.739968,
            26.18082
          ],
          [
            91.739789,
            26.180593
          ],
          [
            91.739613,
            26.180458
          ],
          [
            91.739412,
            26.180403
          ],
          [
            91.739147,
            26.180369
          ],
          [
            91.738889,
            26.180338
          ]
        ]
      }
    },
    {
      "type": "Feature",
      "id": "RE-OSM-0420",
      "properties": {
        "id": "RE-OSM-0420",
        "name": "NH27",
        "osmId": 1204084579,
        "highway": "trunk",
        "distanceToHotspotM": 3973.5,
        "nearestHotspot": "Boragaon Bypass",
        "riskNow": "NORMAL",
        "riskPlus1Hr": "NORMAL"
      },
      "geometry": {
        "type": "LineString",
        "coordinates": [
          [
            91.738489,
            26.11203
          ],
          [
            91.739128,
            26.111978
          ],
          [
            91.739563,
            26.111949
          ],
          [
            91.741073,
            26.111851
          ],
          [
            91.741977,
            26.111825
          ]
        ]
      }
    },
    {
      "type": "Feature",
      "id": "RE-OSM-0421",
      "properties": {
        "id": "RE-OSM-0421",
        "name": "NH27",
        "osmId": 1204084580,
        "highway": "trunk",
        "distanceToHotspotM": 3899.3,
        "nearestHotspot": "Hatigaon - Bhetapara",
        "riskNow": "NORMAL",
        "riskPlus1Hr": "NORMAL"
      },
      "geometry": {
        "type": "LineString",
        "coordinates": [
          [
            91.748961,
            26.111588
          ],
          [
            91.747664,
            26.111583
          ],
          [
            91.747377,
            26.111591
          ],
          [
            91.746166,
            26.111612
          ],
          [
            91.744294,
            26.111656
          ],
          [
            91.743653,
            26.111663
          ],
          [
            91.742682,
            26.111677
          ],
          [
            91.742328,
            26.111689
          ],
          [
            91.742245,
            26.111692
          ],
          [
            91.74198,
            26.111702
          ]
        ]
      }
    },
    {
      "type": "Feature",
      "id": "RE-OSM-0422",
      "properties": {
        "id": "RE-OSM-0422",
        "name": "NH27",
        "osmId": 1204084581,
        "highway": "trunk",
        "distanceToHotspotM": 3515.7,
        "nearestHotspot": "Hatigaon - Bhetapara",
        "riskNow": "NORMAL",
        "riskPlus1Hr": "NORMAL"
      },
      "geometry": {
        "type": "LineString",
        "coordinates": [
          [
            91.754329,
            26.111439
          ],
          [
            91.753998,
            26.111441
          ],
          [
            91.752341,
            26.111487
          ],
          [
            91.751775,
            26.111501
          ],
          [
            91.75101,
            26.111523
          ],
          [
            91.749962,
            26.111569
          ]
        ]
      }
    },
    {
      "type": "Feature",
      "id": "RE-OSM-0423",
      "properties": {
        "id": "RE-OSM-0423",
        "name": "NH27",
        "osmId": 1204084582,
        "highway": "trunk",
        "distanceToHotspotM": 3228.1,
        "nearestHotspot": "Hatigaon - Bhetapara",
        "riskNow": "NORMAL",
        "riskPlus1Hr": "NORMAL"
      },
      "geometry": {
        "type": "LineString",
        "coordinates": [
          [
            91.749943,
            26.111687
          ],
          [
            91.750984,
            26.111657
          ],
          [
            91.751769,
            26.111642
          ],
          [
            91.754331,
            26.11159
          ],
          [
            91.754532,
            26.111586
          ],
          [
            91.758261,
            26.111511
          ],
          [
            91.758405,
            26.111505
          ],
          [
            91.758566,
            26.111501
          ]
        ]
      }
    },
    {
      "type": "Feature",
      "id": "RE-OSM-0424",
      "properties": {
        "id": "RE-OSM-0424",
        "name": "Mahapurush Srimanta Sankardeva Path",
        "osmId": 1209648724,
        "highway": "primary",
        "distanceToHotspotM": 589.4,
        "nearestHotspot": "Rukminigaon",
        "riskNow": "MODERATE",
        "riskPlus1Hr": "HIGH RISK"
      },
      "geometry": {
        "type": "LineString",
        "coordinates": [
          [
            91.791865,
            26.144369
          ],
          [
            91.791966,
            26.144344
          ],
          [
            91.792013,
            26.14432
          ],
          [
            91.79206,
            26.144294
          ],
          [
            91.792666,
            26.143824
          ],
          [
            91.792695,
            26.143801
          ],
          [
            91.7941,
            26.142691
          ],
          [
            91.794119,
            26.142676
          ],
          [
            91.794496,
            26.142378
          ],
          [
            91.794848,
            26.14209
          ]
        ]
      }
    },
    {
      "type": "Feature",
      "id": "RE-OSM-0425",
      "properties": {
        "id": "RE-OSM-0425",
        "name": "Primary Road",
        "osmId": 1210473142,
        "highway": "primary",
        "distanceToHotspotM": 2100.7,
        "nearestHotspot": "Ulubari",
        "riskNow": "NORMAL",
        "riskPlus1Hr": "NORMAL"
      },
      "geometry": {
        "type": "LineString",
        "coordinates": [
          [
            91.750423,
            26.185861
          ],
          [
            91.750515,
            26.185882
          ]
        ]
      }
    },
    {
      "type": "Feature",
      "id": "RE-OSM-0426",
      "properties": {
        "id": "RE-OSM-0426",
        "name": "Dighalipukhuri Road",
        "osmId": 1210473143,
        "highway": "primary",
        "distanceToHotspotM": 2095.2,
        "nearestHotspot": "Ulubari",
        "riskNow": "NORMAL",
        "riskPlus1Hr": "NORMAL"
      },
      "geometry": {
        "type": "LineString",
        "coordinates": [
          [
            91.750515,
            26.185825
          ],
          [
            91.750515,
            26.185882
          ]
        ]
      }
    },
    {
      "type": "Feature",
      "id": "RE-OSM-0427",
      "properties": {
        "id": "RE-OSM-0427",
        "name": "Beltola Road",
        "osmId": 1211521032,
        "highway": "secondary",
        "distanceToHotspotM": 910.7,
        "nearestHotspot": "Rukminigaon",
        "riskNow": "NORMAL",
        "riskPlus1Hr": "MODERATE"
      },
      "geometry": {
        "type": "LineString",
        "coordinates": [
          [
            91.791465,
            26.136606
          ],
          [
            91.790891,
            26.137644
          ],
          [
            91.790875,
            26.137672
          ]
        ]
      }
    },
    {
      "type": "Feature",
      "id": "RE-OSM-0428",
      "properties": {
        "id": "RE-OSM-0428",
        "name": "Lokhra Road",
        "osmId": 1211537585,
        "highway": "secondary",
        "distanceToHotspotM": 3843.0,
        "nearestHotspot": "Hatigaon - Bhetapara",
        "riskNow": "NORMAL",
        "riskPlus1Hr": "NORMAL"
      },
      "geometry": {
        "type": "LineString",
        "coordinates": [
          [
            91.749435,
            26.111868
          ],
          [
            91.749535,
            26.111675
          ]
        ]
      }
    },
    {
      "type": "Feature",
      "id": "RE-OSM-0429",
      "properties": {
        "id": "RE-OSM-0429",
        "name": "Secondary Road",
        "osmId": 1211537586,
        "highway": "secondary",
        "distanceToHotspotM": 3852.1,
        "nearestHotspot": "Hatigaon - Bhetapara",
        "riskNow": "NORMAL",
        "riskPlus1Hr": "NORMAL"
      },
      "geometry": {
        "type": "LineString",
        "coordinates": [
          [
            91.749597,
            26.111568
          ],
          [
            91.74966,
            26.111472
          ]
        ]
      }
    },
    {
      "type": "Feature",
      "id": "RE-OSM-0430",
      "properties": {
        "id": "RE-OSM-0430",
        "name": "Trunk_link Road",
        "osmId": 1214448839,
        "highway": "trunk_link",
        "distanceToHotspotM": 3041.9,
        "nearestHotspot": "Boragaon Bypass",
        "riskNow": "NORMAL",
        "riskPlus1Hr": "NORMAL"
      },
      "geometry": {
        "type": "LineString",
        "coordinates": [
          [
            91.727548,
            26.11394
          ],
          [
            91.727568,
            26.11403
          ]
        ]
      }
    },
    {
      "type": "Feature",
      "id": "RE-OSM-0431",
      "properties": {
        "id": "RE-OSM-0431",
        "name": "NH27",
        "osmId": 1216161241,
        "highway": "trunk",
        "distanceToHotspotM": 2709.4,
        "nearestHotspot": "Hatigaon - Bhetapara",
        "riskNow": "NORMAL",
        "riskPlus1Hr": "NORMAL"
      },
      "geometry": {
        "type": "LineString",
        "coordinates": [
          [
            91.78921,
            26.111424
          ],
          [
            91.789608,
            26.111436
          ],
          [
            91.791267,
            26.111536
          ]
        ]
      }
    },
    {
      "type": "Feature",
      "id": "RE-OSM-0432",
      "properties": {
        "id": "RE-OSM-0432",
        "name": "Guwahati Medical College Road",
        "osmId": 1218448726,
        "highway": "secondary",
        "distanceToHotspotM": 673.3,
        "nearestHotspot": "GS Road (Bhangagarh)",
        "riskNow": "MODERATE",
        "riskPlus1Hr": "HIGH RISK"
      },
      "geometry": {
        "type": "LineString",
        "coordinates": [
          [
            91.767316,
            26.162572
          ],
          [
            91.767433,
            26.162821
          ]
        ]
      }
    },
    {
      "type": "Feature",
      "id": "RE-OSM-0433",
      "properties": {
        "id": "RE-OSM-0433",
        "name": "Tertiary Road",
        "osmId": 1234807535,
        "highway": "tertiary",
        "distanceToHotspotM": 2651.6,
        "nearestHotspot": "Hatigaon - Bhetapara",
        "riskNow": "NORMAL",
        "riskPlus1Hr": "NORMAL"
      },
      "geometry": {
        "type": "LineString",
        "coordinates": [
          [
            91.788311,
            26.111667
          ],
          [
            91.789615,
            26.111692
          ]
        ]
      }
    },
    {
      "type": "Feature",
      "id": "RE-OSM-0434",
      "properties": {
        "id": "RE-OSM-0434",
        "name": "Primary Road",
        "osmId": 1238593177,
        "highway": "primary",
        "distanceToHotspotM": 2197.0,
        "nearestHotspot": "Bharalumukh",
        "riskNow": "NORMAL",
        "riskPlus1Hr": "NORMAL"
      },
      "geometry": {
        "type": "LineString",
        "coordinates": [
          [
            91.741813,
            26.187696
          ],
          [
            91.742278,
            26.187872
          ],
          [
            91.743072,
            26.188189
          ],
          [
            91.743227,
            26.188256
          ],
          [
            91.743304,
            26.188296
          ],
          [
            91.743925,
            26.18856
          ],
          [
            91.744858,
            26.188867
          ],
          [
            91.745664,
            26.189132
          ],
          [
            91.745937,
            26.189215
          ],
          [
            91.746979,
            26.189532
          ],
          [
            91.747304,
            26.189631
          ],
          [
            91.748168,
            26.189877
          ],
          [
            91.749274,
            26.190213
          ],
          [
            91.749597,
            26.190295
          ],
          [
            91.749716,
            26.190308
          ],
          [
            91.749796,
            26.190282
          ],
          [
            91.749835,
            26.190175
          ]
        ]
      }
    },
    {
      "type": "Feature",
      "id": "RE-OSM-0435",
      "properties": {
        "id": "RE-OSM-0435",
        "name": "NH37",
        "osmId": 1244284016,
        "highway": "tertiary",
        "distanceToHotspotM": 2733.6,
        "nearestHotspot": "Hatigaon - Bhetapara",
        "riskNow": "NORMAL",
        "riskPlus1Hr": "NORMAL"
      },
      "geometry": {
        "type": "LineString",
        "coordinates": [
          [
            91.79068,
            26.111262
          ],
          [
            91.790427,
            26.111254
          ],
          [
            91.789352,
            26.111241
          ]
        ]
      }
    },
    {
      "type": "Feature",
      "id": "RE-OSM-0436",
      "properties": {
        "id": "RE-OSM-0436",
        "name": "Tertiary Road",
        "osmId": 1246237801,
        "highway": "tertiary",
        "distanceToHotspotM": 3231.3,
        "nearestHotspot": "Boragaon Bypass",
        "riskNow": "NORMAL",
        "riskPlus1Hr": "NORMAL"
      },
      "geometry": {
        "type": "LineString",
        "coordinates": [
          [
            91.730085,
            26.113756
          ],
          [
            91.730175,
            26.113738
          ],
          [
            91.732011,
            26.113376
          ],
          [
            91.734401,
            26.112904
          ]
        ]
      }
    },
    {
      "type": "Feature",
      "id": "RE-OSM-0437",
      "properties": {
        "id": "RE-OSM-0437",
        "name": "Tertiary Road",
        "osmId": 1257321454,
        "highway": "tertiary",
        "distanceToHotspotM": 2568.1,
        "nearestHotspot": "Boragaon Bypass",
        "riskNow": "NORMAL",
        "riskPlus1Hr": "NORMAL"
      },
      "geometry": {
        "type": "LineString",
        "coordinates": [
          [
            91.703499,
            26.157743
          ],
          [
            91.703549,
            26.15775
          ],
          [
            91.704198,
            26.157842
          ],
          [
            91.704626,
            26.158065
          ],
          [
            91.704764,
            26.158172
          ],
          [
            91.704941,
            26.158573
          ],
          [
            91.704925,
            26.159134
          ],
          [
            91.704865,
            26.159527
          ],
          [
            91.704851,
            26.159624
          ],
          [
            91.704828,
            26.159756
          ],
          [
            91.704824,
            26.159777
          ],
          [
            91.704808,
            26.159887
          ]
        ]
      }
    },
    {
      "type": "Feature",
      "id": "RE-OSM-0438",
      "properties": {
        "id": "RE-OSM-0438",
        "name": "NH27",
        "osmId": 1258150362,
        "highway": "trunk",
        "distanceToHotspotM": 3258.1,
        "nearestHotspot": "Hatigaon - Bhetapara",
        "riskNow": "NORMAL",
        "riskPlus1Hr": "NORMAL"
      },
      "geometry": {
        "type": "LineString",
        "coordinates": [
          [
            91.758235,
            26.111396
          ],
          [
            91.758114,
            26.111399
          ],
          [
            91.75641,
            26.111422
          ],
          [
            91.754329,
            26.111439
          ]
        ]
      }
    },
    {
      "type": "Feature",
      "id": "RE-OSM-0439",
      "properties": {
        "id": "RE-OSM-0439",
        "name": "Tertiary Road",
        "osmId": 1258475234,
        "highway": "tertiary",
        "distanceToHotspotM": 2802.3,
        "nearestHotspot": "Boragaon Bypass",
        "riskNow": "NORMAL",
        "riskPlus1Hr": "NORMAL"
      },
      "geometry": {
        "type": "LineString",
        "coordinates": [
          [
            91.700586,
            26.159435
          ],
          [
            91.700601,
            26.159311
          ]
        ]
      }
    },
    {
      "type": "Feature",
      "id": "RE-OSM-0440",
      "properties": {
        "id": "RE-OSM-0440",
        "name": "Tertiary_link Road",
        "osmId": 1266648458,
        "highway": "tertiary_link",
        "distanceToHotspotM": 1447.0,
        "nearestHotspot": "Bharalumukh",
        "riskNow": "NORMAL",
        "riskPlus1Hr": "NORMAL"
      },
      "geometry": {
        "type": "LineString",
        "coordinates": [
          [
            91.693853,
            26.159143
          ],
          [
            91.693982,
            26.159214
          ],
          [
            91.694171,
            26.159215
          ],
          [
            91.694632,
            26.159214
          ],
          [
            91.695152,
            26.159196
          ],
          [
            91.695439,
            26.159186
          ],
          [
            91.696061,
            26.159161
          ],
          [
            91.696267,
            26.159153
          ],
          [
            91.69642,
            26.159154
          ],
          [
            91.697103,
            26.159159
          ],
          [
            91.697458,
            26.159168
          ],
          [
            91.698382,
            26.159239
          ],
          [
            91.699487,
            26.159337
          ],
          [
            91.700586,
            26.159435
          ],
          [
            91.700831,
            26.159457
          ],
          [
            91.701228,
            26.1595
          ],
          [
            91.704452,
            26.159849
          ],
          [
            91.704808,
            26.159887
          ],
          [
            91.705257,
            26.159936
          ],
          [
            91.706167,
            26.160034
          ],
          [
            91.706931,
            26.160117
          ],
          [
            91.70703,
            26.160134
          ],
          [
            91.707623,
            26.160261
          ],
          [
            91.707857,
            26.160313
          ],
          [
            91.708335,
            26.160468
          ],
          [
            91.709558,
            26.160851
          ],
          [
            91.709752,
            26.160912
          ],
          [
            91.709867,
            26.160948
          ],
          [
            91.70997,
            26.160971
          ],
          [
            91.711627,
            26.161387
          ],
          [
            91.711989,
            26.161549
          ],
          [
            91.712426,
            26.161851
          ],
          [
            91.713011,
            26.162272
          ],
          [
            91.713896,
            26.162912
          ],
          [
            91.714031,
            26.163017
          ],
          [
            91.714685,
            26.163552
          ],
          [
            91.714854,
            26.163686
          ],
          [
            91.714943,
            26.163761
          ],
          [
            91.715379,
            26.164131
          ],
          [
            91.715457,
            26.164189
          ],
          [
            91.715796,
            26.16444
          ],
          [
            91.716007,
            26.16452
          ]
        ]
      }
    },
    {
      "type": "Feature",
      "id": "RE-OSM-0441",
      "properties": {
        "id": "RE-OSM-0441",
        "name": "Tertiary Road",
        "osmId": 1266648607,
        "highway": "tertiary",
        "distanceToHotspotM": 1445.7,
        "nearestHotspot": "Bharalumukh",
        "riskNow": "NORMAL",
        "riskPlus1Hr": "NORMAL"
      },
      "geometry": {
        "type": "LineString",
        "coordinates": [
          [
            91.716094,
            26.164455
          ],
          [
            91.715981,
            26.164283
          ],
          [
            91.715732,
            26.164088
          ],
          [
            91.714971,
            26.163516
          ],
          [
            91.714898,
            26.163462
          ],
          [
            91.714015,
            26.162795
          ],
          [
            91.713107,
            26.162139
          ],
          [
            91.712524,
            26.161716
          ],
          [
            91.712078,
            26.161425
          ],
          [
            91.711883,
            26.161321
          ],
          [
            91.71173,
            26.161257
          ],
          [
            91.711047,
            26.161047
          ],
          [
            91.708251,
            26.160275
          ],
          [
            91.707041,
            26.160006
          ],
          [
            91.706958,
            26.159997
          ],
          [
            91.704828,
            26.159756
          ],
          [
            91.701355,
            26.159363
          ],
          [
            91.700873,
            26.159308
          ],
          [
            91.700605,
            26.159283
          ],
          [
            91.699348,
            26.159173
          ],
          [
            91.697429,
            26.159002
          ],
          [
            91.696896,
            26.158974
          ],
          [
            91.69547,
            26.158994
          ],
          [
            91.694007,
            26.159026
          ],
          [
            91.693973,
            26.159027
          ],
          [
            91.693847,
            26.15907
          ]
        ]
      }
    },
    {
      "type": "Feature",
      "id": "RE-OSM-0442",
      "properties": {
        "id": "RE-OSM-0442",
        "name": "Kalaguru Bishnu Rabha Path / Hockey Stadium Rd",
        "osmId": 1266764608,
        "highway": "tertiary",
        "distanceToHotspotM": 3208.8,
        "nearestHotspot": "Hatigaon - Bhetapara",
        "riskNow": "NORMAL",
        "riskPlus1Hr": "NORMAL"
      },
      "geometry": {
        "type": "LineString",
        "coordinates": [
          [
            91.74862,
            26.121199
          ],
          [
            91.7495,
            26.121183
          ],
          [
            91.750177,
            26.121074
          ],
          [
            91.750272,
            26.121058
          ]
        ]
      }
    },
    {
      "type": "Feature",
      "id": "RE-OSM-0443",
      "properties": {
        "id": "RE-OSM-0443",
        "name": "Kalaguru Bishnu Rabha Path / Hockey Stadium Rd",
        "osmId": 1266764609,
        "highway": "tertiary",
        "distanceToHotspotM": 3201.4,
        "nearestHotspot": "Hatigaon - Bhetapara",
        "riskNow": "NORMAL",
        "riskPlus1Hr": "NORMAL"
      },
      "geometry": {
        "type": "LineString",
        "coordinates": [
          [
            91.750272,
            26.121058
          ],
          [
            91.750363,
            26.121043
          ]
        ]
      }
    },
    {
      "type": "Feature",
      "id": "RE-OSM-0444",
      "properties": {
        "id": "RE-OSM-0444",
        "name": "Mahapurush Srimanta Sankardeva Path",
        "osmId": 1266775599,
        "highway": "primary_link",
        "distanceToHotspotM": 855.7,
        "nearestHotspot": "Rukminigaon",
        "riskNow": "NORMAL",
        "riskPlus1Hr": "MODERATE"
      },
      "geometry": {
        "type": "LineString",
        "coordinates": [
          [
            91.805517,
            26.13361
          ],
          [
            91.805617,
            26.13359
          ],
          [
            91.806808,
            26.132631
          ],
          [
            91.807313,
            26.132216
          ],
          [
            91.807702,
            26.131917
          ],
          [
            91.808039,
            26.13165
          ]
        ]
      }
    },
    {
      "type": "Feature",
      "id": "RE-OSM-0445",
      "properties": {
        "id": "RE-OSM-0445",
        "name": "Secondary Road",
        "osmId": 1266775600,
        "highway": "secondary",
        "distanceToHotspotM": 936.8,
        "nearestHotspot": "Khanapara Basin",
        "riskNow": "NORMAL",
        "riskPlus1Hr": "MODERATE"
      },
      "geometry": {
        "type": "LineString",
        "coordinates": [
          [
            91.807871,
            26.131527
          ],
          [
            91.808039,
            26.13165
          ]
        ]
      }
    },
    {
      "type": "Feature",
      "id": "RE-OSM-0446",
      "properties": {
        "id": "RE-OSM-0446",
        "name": "Panjabari Flyover",
        "osmId": 1266775601,
        "highway": "secondary",
        "distanceToHotspotM": 920.2,
        "nearestHotspot": "Khanapara Basin",
        "riskNow": "NORMAL",
        "riskPlus1Hr": "MODERATE"
      },
      "geometry": {
        "type": "LineString",
        "coordinates": [
          [
            91.80824,
            26.131651
          ],
          [
            91.808369,
            26.131748
          ]
        ]
      }
    },
    {
      "type": "Feature",
      "id": "RE-OSM-0447",
      "properties": {
        "id": "RE-OSM-0447",
        "name": "Panjabari Flyover",
        "osmId": 1266775602,
        "highway": "secondary",
        "distanceToHotspotM": 922.1,
        "nearestHotspot": "Khanapara Basin",
        "riskNow": "NORMAL",
        "riskPlus1Hr": "MODERATE"
      },
      "geometry": {
        "type": "LineString",
        "coordinates": [
          [
            91.80799,
            26.131604
          ],
          [
            91.80808,
            26.131605
          ],
          [
            91.808166,
            26.131622
          ],
          [
            91.80824,
            26.131651
          ]
        ]
      }
    },
    {
      "type": "Feature",
      "id": "RE-OSM-0448",
      "properties": {
        "id": "RE-OSM-0448",
        "name": "Embankment Rd",
        "osmId": 1266997776,
        "highway": "tertiary",
        "distanceToHotspotM": 1030.5,
        "nearestHotspot": "Hatigaon - Bhetapara",
        "riskNow": "NORMAL",
        "riskPlus1Hr": "MODERATE"
      },
      "geometry": {
        "type": "LineString",
        "coordinates": [
          [
            91.78701,
            26.122923
          ],
          [
            91.786061,
            26.123155
          ],
          [
            91.785501,
            26.123292
          ],
          [
            91.78461,
            26.12351
          ],
          [
            91.784155,
            26.123621
          ],
          [
            91.78356,
            26.123766
          ],
          [
            91.782955,
            26.123915
          ],
          [
            91.782419,
            26.123939
          ],
          [
            91.781724,
            26.123971
          ],
          [
            91.78163,
            26.123975
          ],
          [
            91.781509,
            26.123981
          ],
          [
            91.779177,
            26.124734
          ]
        ]
      }
    },
    {
      "type": "Feature",
      "id": "RE-OSM-0449",
      "properties": {
        "id": "RE-OSM-0449",
        "name": "Khanka Rd",
        "osmId": 1266997777,
        "highway": "tertiary",
        "distanceToHotspotM": 1030.5,
        "nearestHotspot": "Hatigaon - Bhetapara",
        "riskNow": "NORMAL",
        "riskPlus1Hr": "MODERATE"
      },
      "geometry": {
        "type": "LineString",
        "coordinates": [
          [
            91.778965,
            26.120567
          ],
          [
            91.779006,
            26.121501
          ],
          [
            91.779027,
            26.121964
          ],
          [
            91.779043,
            26.122315
          ],
          [
            91.779057,
            26.122684
          ],
          [
            91.779066,
            26.1229
          ],
          [
            91.779085,
            26.123274
          ],
          [
            91.779097,
            26.123421
          ],
          [
            91.779102,
            26.123659
          ],
          [
            91.779177,
            26.124734
          ]
        ]
      }
    },
    {
      "type": "Feature",
      "id": "RE-OSM-0450",
      "properties": {
        "id": "RE-OSM-0450",
        "name": "Tertiary Road",
        "osmId": 1266997778,
        "highway": "tertiary",
        "distanceToHotspotM": 3207.9,
        "nearestHotspot": "Hatigaon - Bhetapara",
        "riskNow": "NORMAL",
        "riskPlus1Hr": "NORMAL"
      },
      "geometry": {
        "type": "LineString",
        "coordinates": [
          [
            91.749424,
            26.122722
          ],
          [
            91.749373,
            26.122721
          ],
          [
            91.749025,
            26.122796
          ],
          [
            91.748715,
            26.12289
          ],
          [
            91.748598,
            26.122931
          ],
          [
            91.74848,
            26.122928
          ]
        ]
      }
    },
    {
      "type": "Feature",
      "id": "RE-OSM-0451",
      "properties": {
        "id": "RE-OSM-0451",
        "name": "Tertiary Road",
        "osmId": 1266997779,
        "highway": "tertiary",
        "distanceToHotspotM": 3199.6,
        "nearestHotspot": "Hatigaon - Bhetapara",
        "riskNow": "NORMAL",
        "riskPlus1Hr": "NORMAL"
      },
      "geometry": {
        "type": "LineString",
        "coordinates": [
          [
            91.749514,
            26.122723
          ],
          [
            91.749424,
            26.122722
          ]
        ]
      }
    },
    {
      "type": "Feature",
      "id": "RE-OSM-0452",
      "properties": {
        "id": "RE-OSM-0452",
        "name": "Tertiary Road",
        "osmId": 1266997780,
        "highway": "tertiary",
        "distanceToHotspotM": 1468.5,
        "nearestHotspot": "Hatigaon - Bhetapara",
        "riskNow": "NORMAL",
        "riskPlus1Hr": "NORMAL"
      },
      "geometry": {
        "type": "LineString",
        "coordinates": [
          [
            91.78701,
            26.122923
          ],
          [
            91.787098,
            26.122906
          ]
        ]
      }
    },
    {
      "type": "Feature",
      "id": "RE-OSM-0453",
      "properties": {
        "id": "RE-OSM-0453",
        "name": "Tertiary Road",
        "osmId": 1266997782,
        "highway": "tertiary",
        "distanceToHotspotM": 1792.3,
        "nearestHotspot": "Hatigaon - Bhetapara",
        "riskNow": "NORMAL",
        "riskPlus1Hr": "NORMAL"
      },
      "geometry": {
        "type": "LineString",
        "coordinates": [
          [
            91.788799,
            26.120431
          ],
          [
            91.788679,
            26.120425
          ]
        ]
      }
    },
    {
      "type": "Feature",
      "id": "RE-OSM-0454",
      "properties": {
        "id": "RE-OSM-0454",
        "name": "Khanka Rd",
        "osmId": 1266997783,
        "highway": "tertiary",
        "distanceToHotspotM": 1000.6,
        "nearestHotspot": "Hatigaon - Bhetapara",
        "riskNow": "NORMAL",
        "riskPlus1Hr": "MODERATE"
      },
      "geometry": {
        "type": "LineString",
        "coordinates": [
          [
            91.779183,
            26.124768
          ],
          [
            91.779217,
            26.125004
          ]
        ]
      }
    },
    {
      "type": "Feature",
      "id": "RE-OSM-0455",
      "properties": {
        "id": "RE-OSM-0455",
        "name": "Khanka Rd",
        "osmId": 1266997784,
        "highway": "tertiary",
        "distanceToHotspotM": 1026.7,
        "nearestHotspot": "Hatigaon - Bhetapara",
        "riskNow": "NORMAL",
        "riskPlus1Hr": "MODERATE"
      },
      "geometry": {
        "type": "LineString",
        "coordinates": [
          [
            91.779177,
            26.124734
          ],
          [
            91.779183,
            26.124768
          ]
        ]
      }
    },
    {
      "type": "Feature",
      "id": "RE-OSM-0456",
      "properties": {
        "id": "RE-OSM-0456",
        "name": "Stadium Overbridge",
        "osmId": 1267001373,
        "highway": "secondary",
        "distanceToHotspotM": 1328.8,
        "nearestHotspot": "Ulubari",
        "riskNow": "NORMAL",
        "riskPlus1Hr": "NORMAL"
      },
      "geometry": {
        "type": "LineString",
        "coordinates": [
          [
            91.756333,
            26.18084
          ],
          [
            91.756358,
            26.180701
          ]
        ]
      }
    },
    {
      "type": "Feature",
      "id": "RE-OSM-0457",
      "properties": {
        "id": "RE-OSM-0457",
        "name": "Tertiary_link Road",
        "osmId": 1267009904,
        "highway": "tertiary_link",
        "distanceToHotspotM": 607.8,
        "nearestHotspot": "Ulubari",
        "riskNow": "MODERATE",
        "riskPlus1Hr": "HIGH RISK"
      },
      "geometry": {
        "type": "LineString",
        "coordinates": [
          [
            91.758133,
            26.174322
          ],
          [
            91.758285,
            26.174478
          ]
        ]
      }
    },
    {
      "type": "Feature",
      "id": "RE-OSM-0458",
      "properties": {
        "id": "RE-OSM-0458",
        "name": "Tertiary_link Road",
        "osmId": 1267009905,
        "highway": "tertiary_link",
        "distanceToHotspotM": 592.3,
        "nearestHotspot": "Ulubari",
        "riskNow": "MODERATE",
        "riskPlus1Hr": "HIGH RISK"
      },
      "geometry": {
        "type": "LineString",
        "coordinates": [
          [
            91.758252,
            26.174221
          ],
          [
            91.758404,
            26.174377
          ]
        ]
      }
    },
    {
      "type": "Feature",
      "id": "RE-OSM-0459",
      "properties": {
        "id": "RE-OSM-0459",
        "name": "VIP Road",
        "osmId": 1267016276,
        "highway": "secondary",
        "distanceToHotspotM": 909.0,
        "nearestHotspot": "Khanapara Basin",
        "riskNow": "NORMAL",
        "riskPlus1Hr": "MODERATE"
      },
      "geometry": {
        "type": "LineString",
        "coordinates": [
          [
            91.808561,
            26.131781
          ],
          [
            91.808558,
            26.131947
          ],
          [
            91.808535,
            26.132697
          ],
          [
            91.808552,
            26.132981
          ],
          [
            91.808562,
            26.133202
          ],
          [
            91.808629,
            26.133547
          ],
          [
            91.808869,
            26.13403
          ],
          [
            91.80914,
            26.134459
          ],
          [
            91.809545,
            26.134855
          ],
          [
            91.809896,
            26.135134
          ],
          [
            91.810221,
            26.135406
          ],
          [
            91.81053,
            26.135697
          ],
          [
            91.810614,
            26.135776
          ],
          [
            91.81096,
            26.136388
          ],
          [
            91.811113,
            26.13675
          ],
          [
            91.81119,
            26.137131
          ],
          [
            91.811197,
            26.137308
          ],
          [
            91.811211,
            26.13769
          ],
          [
            91.811211,
            26.137895
          ],
          [
            91.811228,
            26.138166
          ],
          [
            91.811292,
            26.13894
          ],
          [
            91.811311,
            26.139149
          ],
          [
            91.811373,
            26.13982
          ],
          [
            91.811397,
            26.140089
          ],
          [
            91.811424,
            26.140355
          ],
          [
            91.811473,
            26.140851
          ],
          [
            91.811505,
            26.141165
          ],
          [
            91.811541,
            26.141339
          ],
          [
            91.811717,
            26.142177
          ],
          [
            91.811855,
            26.14288
          ],
          [
            91.811891,
            26.143067
          ]
        ]
      }
    },
    {
      "type": "Feature",
      "id": "RE-OSM-0460",
      "properties": {
        "id": "RE-OSM-0460",
        "name": "Tertiary Road",
        "osmId": 1267016629,
        "highway": "tertiary",
        "distanceToHotspotM": 1446.0,
        "nearestHotspot": "Ulubari",
        "riskNow": "NORMAL",
        "riskPlus1Hr": "NORMAL"
      },
      "geometry": {
        "type": "LineString",
        "coordinates": [
          [
            91.746539,
            26.168687
          ],
          [
            91.746428,
            26.168691
          ],
          [
            91.746144,
            26.168717
          ],
          [
            91.746097,
            26.168744
          ]
        ]
      }
    },
    {
      "type": "Feature",
      "id": "RE-OSM-0461",
      "properties": {
        "id": "RE-OSM-0461",
        "name": "Primary Road",
        "osmId": 1267016630,
        "highway": "primary",
        "distanceToHotspotM": 1428.1,
        "nearestHotspot": "Ulubari",
        "riskNow": "NORMAL",
        "riskPlus1Hr": "NORMAL"
      },
      "geometry": {
        "type": "LineString",
        "coordinates": [
          [
            91.746626,
            26.168803
          ],
          [
            91.746656,
            26.168802
          ],
          [
            91.746683,
            26.168785
          ],
          [
            91.746694,
            26.168774
          ],
          [
            91.746703,
            26.168764
          ],
          [
            91.746715,
            26.168739
          ],
          [
            91.746716,
            26.168724
          ],
          [
            91.746717,
            26.168711
          ],
          [
            91.746709,
            26.168685
          ],
          [
            91.746692,
            26.168662
          ],
          [
            91.746668,
            26.168645
          ],
          [
            91.746638,
            26.168637
          ],
          [
            91.746608,
            26.168637
          ],
          [
            91.746579,
            26.168647
          ],
          [
            91.746555,
            26.168664
          ],
          [
            91.746546,
            26.168677
          ],
          [
            91.746539,
            26.168687
          ],
          [
            91.746532,
            26.168713
          ],
          [
            91.746534,
            26.168741
          ],
          [
            91.746547,
            26.168766
          ],
          [
            91.746568,
            26.168786
          ],
          [
            91.746578,
            26.168791
          ],
          [
            91.746595,
            26.168799
          ],
          [
            91.746626,
            26.168803
          ]
        ]
      }
    },
    {
      "type": "Feature",
      "id": "RE-OSM-0462",
      "properties": {
        "id": "RE-OSM-0462",
        "name": "Secondary Road",
        "osmId": 1267016631,
        "highway": "secondary",
        "distanceToHotspotM": 1387.9,
        "nearestHotspot": "Ulubari",
        "riskNow": "NORMAL",
        "riskPlus1Hr": "NORMAL"
      },
      "geometry": {
        "type": "LineString",
        "coordinates": [
          [
            91.747124,
            26.168661
          ],
          [
            91.747033,
            26.168645
          ],
          [
            91.746794,
            26.168675
          ],
          [
            91.746709,
            26.168685
          ]
        ]
      }
    },
    {
      "type": "Feature",
      "id": "RE-OSM-0463",
      "properties": {
        "id": "RE-OSM-0463",
        "name": "Tertiary Road",
        "osmId": 1267016632,
        "highway": "tertiary",
        "distanceToHotspotM": 1446.1,
        "nearestHotspot": "Ulubari",
        "riskNow": "NORMAL",
        "riskPlus1Hr": "NORMAL"
      },
      "geometry": {
        "type": "LineString",
        "coordinates": [
          [
            91.746097,
            26.168744
          ],
          [
            91.746142,
            26.168763
          ],
          [
            91.746534,
            26.168741
          ]
        ]
      }
    },
    {
      "type": "Feature",
      "id": "RE-OSM-0464",
      "properties": {
        "id": "RE-OSM-0464",
        "name": "Secondary Road",
        "osmId": 1267016633,
        "highway": "secondary",
        "distanceToHotspotM": 1387.9,
        "nearestHotspot": "Ulubari",
        "riskNow": "NORMAL",
        "riskPlus1Hr": "NORMAL"
      },
      "geometry": {
        "type": "LineString",
        "coordinates": [
          [
            91.746715,
            26.168739
          ],
          [
            91.74685,
            26.16873
          ],
          [
            91.747079,
            26.168704
          ],
          [
            91.747124,
            26.168661
          ]
        ]
      }
    },
    {
      "type": "Feature",
      "id": "RE-OSM-0465",
      "properties": {
        "id": "RE-OSM-0465",
        "name": "Primary Road",
        "osmId": 1267017648,
        "highway": "primary",
        "distanceToHotspotM": 1457.2,
        "nearestHotspot": "Ulubari",
        "riskNow": "NORMAL",
        "riskPlus1Hr": "NORMAL"
      },
      "geometry": {
        "type": "LineString",
        "coordinates": [
          [
            91.746398,
            26.168338
          ],
          [
            91.746441,
            26.168498
          ]
        ]
      }
    },
    {
      "type": "Feature",
      "id": "RE-OSM-0466",
      "properties": {
        "id": "RE-OSM-0466",
        "name": "Primary Road",
        "osmId": 1267017649,
        "highway": "primary",
        "distanceToHotspotM": 1450.3,
        "nearestHotspot": "Ulubari",
        "riskNow": "NORMAL",
        "riskPlus1Hr": "NORMAL"
      },
      "geometry": {
        "type": "LineString",
        "coordinates": [
          [
            91.746532,
            26.16828
          ],
          [
            91.746546,
            26.167849
          ],
          [
            91.746564,
            26.167
          ],
          [
            91.746588,
            26.166275
          ],
          [
            91.746618,
            26.165397
          ],
          [
            91.746631,
            26.164977
          ],
          [
            91.746641,
            26.164657
          ],
          [
            91.74663,
            26.164493
          ],
          [
            91.746627,
            26.164445
          ],
          [
            91.746618,
            26.164171
          ],
          [
            91.74662,
            26.164061
          ],
          [
            91.746623,
            26.16393
          ],
          [
            91.746605,
            26.163773
          ],
          [
            91.746567,
            26.163695
          ]
        ]
      }
    },
    {
      "type": "Feature",
      "id": "RE-OSM-0467",
      "properties": {
        "id": "RE-OSM-0467",
        "name": "Primary Road",
        "osmId": 1267017650,
        "highway": "primary",
        "distanceToHotspotM": 1436.5,
        "nearestHotspot": "Ulubari",
        "riskNow": "NORMAL",
        "riskPlus1Hr": "NORMAL"
      },
      "geometry": {
        "type": "LineString",
        "coordinates": [
          [
            91.746638,
            26.168637
          ],
          [
            91.746604,
            26.168521
          ]
        ]
      }
    },
    {
      "type": "Feature",
      "id": "RE-OSM-0468",
      "properties": {
        "id": "RE-OSM-0468",
        "name": "Primary Road",
        "osmId": 1267017651,
        "highway": "primary",
        "distanceToHotspotM": 1440.8,
        "nearestHotspot": "Ulubari",
        "riskNow": "NORMAL",
        "riskPlus1Hr": "NORMAL"
      },
      "geometry": {
        "type": "LineString",
        "coordinates": [
          [
            91.746604,
            26.168521
          ],
          [
            91.746532,
            26.16828
          ]
        ]
      }
    },
    {
      "type": "Feature",
      "id": "RE-OSM-0469",
      "properties": {
        "id": "RE-OSM-0469",
        "name": "Primary Road",
        "osmId": 1267017652,
        "highway": "primary",
        "distanceToHotspotM": 1463.0,
        "nearestHotspot": "Ulubari",
        "riskNow": "NORMAL",
        "riskPlus1Hr": "NORMAL"
      },
      "geometry": {
        "type": "LineString",
        "coordinates": [
          [
            91.746504,
            26.163729
          ],
          [
            91.74652,
            26.163841
          ],
          [
            91.746537,
            26.163969
          ],
          [
            91.746544,
            26.164063
          ],
          [
            91.746532,
            26.164352
          ],
          [
            91.746517,
            26.164479
          ],
          [
            91.746455,
            26.165
          ],
          [
            91.746437,
            26.165311
          ],
          [
            91.746415,
            26.166657
          ],
          [
            91.74637,
            26.167344
          ],
          [
            91.746361,
            26.167813
          ],
          [
            91.746368,
            26.168094
          ],
          [
            91.746398,
            26.168338
          ]
        ]
      }
    },
    {
      "type": "Feature",
      "id": "RE-OSM-0470",
      "properties": {
        "id": "RE-OSM-0470",
        "name": "Primary Road",
        "osmId": 1267017653,
        "highway": "primary",
        "distanceToHotspotM": 1578.4,
        "nearestHotspot": "Ulubari",
        "riskNow": "NORMAL",
        "riskPlus1Hr": "NORMAL"
      },
      "geometry": {
        "type": "LineString",
        "coordinates": [
          [
            91.746561,
            26.163706
          ],
          [
            91.746567,
            26.163695
          ],
          [
            91.74657,
            26.163688
          ],
          [
            91.746573,
            26.163669
          ],
          [
            91.746569,
            26.16365
          ],
          [
            91.746557,
            26.163634
          ],
          [
            91.746541,
            26.163621
          ],
          [
            91.74652,
            26.163615
          ],
          [
            91.7465,
            26.163615
          ],
          [
            91.746481,
            26.16362
          ],
          [
            91.746464,
            26.163631
          ],
          [
            91.746452,
            26.163645
          ],
          [
            91.746446,
            26.163663
          ],
          [
            91.746446,
            26.163674
          ],
          [
            91.746446,
            26.163681
          ],
          [
            91.746453,
            26.163698
          ],
          [
            91.746465,
            26.163712
          ],
          [
            91.746483,
            26.163723
          ],
          [
            91.746504,
            26.163729
          ],
          [
            91.746525,
            26.163727
          ],
          [
            91.746545,
            26.163719
          ],
          [
            91.746561,
            26.163706
          ]
        ]
      }
    },
    {
      "type": "Feature",
      "id": "RE-OSM-0471",
      "properties": {
        "id": "RE-OSM-0471",
        "name": "Secondary Road",
        "osmId": 1267017654,
        "highway": "secondary",
        "distanceToHotspotM": 1588.2,
        "nearestHotspot": "Ulubari",
        "riskNow": "NORMAL",
        "riskPlus1Hr": "NORMAL"
      },
      "geometry": {
        "type": "LineString",
        "coordinates": [
          [
            91.7465,
            26.163615
          ],
          [
            91.746407,
            26.163527
          ],
          [
            91.746183,
            26.163383
          ],
          [
            91.746098,
            26.163393
          ]
        ]
      }
    },
    {
      "type": "Feature",
      "id": "RE-OSM-0472",
      "properties": {
        "id": "RE-OSM-0472",
        "name": "Secondary Road",
        "osmId": 1267017655,
        "highway": "secondary",
        "distanceToHotspotM": 1590.4,
        "nearestHotspot": "Ulubari",
        "riskNow": "NORMAL",
        "riskPlus1Hr": "NORMAL"
      },
      "geometry": {
        "type": "LineString",
        "coordinates": [
          [
            91.746098,
            26.163393
          ],
          [
            91.746127,
            26.163453
          ],
          [
            91.746299,
            26.163572
          ],
          [
            91.746446,
            26.163674
          ]
        ]
      }
    },
    {
      "type": "Feature",
      "id": "RE-OSM-0473",
      "properties": {
        "id": "RE-OSM-0473",
        "name": "Primary Road",
        "osmId": 1267018328,
        "highway": "primary",
        "distanceToHotspotM": 1298.9,
        "nearestHotspot": "Ulubari",
        "riskNow": "NORMAL",
        "riskPlus1Hr": "MODERATE"
      },
      "geometry": {
        "type": "LineString",
        "coordinates": [
          [
            91.748204,
            26.171634
          ],
          [
            91.748165,
            26.171557
          ],
          [
            91.747782,
            26.170853
          ],
          [
            91.747397,
            26.170164
          ],
          [
            91.746937,
            26.169344
          ],
          [
            91.746687,
            26.168871
          ],
          [
            91.746538,
            26.168563
          ],
          [
            91.746456,
            26.168297
          ],
          [
            91.746438,
            26.167925
          ],
          [
            91.746442,
            26.167588
          ],
          [
            91.746461,
            26.1672
          ],
          [
            91.746484,
            26.166777
          ],
          [
            91.746498,
            26.166245
          ],
          [
            91.746517,
            26.165547
          ],
          [
            91.746545,
            26.164906
          ],
          [
            91.746568,
            26.164556
          ]
        ]
      }
    },
    {
      "type": "Feature",
      "id": "RE-OSM-0474",
      "properties": {
        "id": "RE-OSM-0474",
        "name": "Primary Road",
        "osmId": 1267018329,
        "highway": "primary",
        "distanceToHotspotM": 1541.6,
        "nearestHotspot": "Ulubari",
        "riskNow": "NORMAL",
        "riskPlus1Hr": "NORMAL"
      },
      "geometry": {
        "type": "LineString",
        "coordinates": [
          [
            91.746517,
            26.164479
          ],
          [
            91.746568,
            26.164556
          ]
        ]
      }
    },
    {
      "type": "Feature",
      "id": "RE-OSM-0475",
      "properties": {
        "id": "RE-OSM-0475",
        "name": "Primary Road",
        "osmId": 1267018330,
        "highway": "primary",
        "distanceToHotspotM": 1293.9,
        "nearestHotspot": "Ulubari",
        "riskNow": "NORMAL",
        "riskPlus1Hr": "MODERATE"
      },
      "geometry": {
        "type": "LineString",
        "coordinates": [
          [
            91.748288,
            26.171787
          ],
          [
            91.748204,
            26.171634
          ]
        ]
      }
    },
    {
      "type": "Feature",
      "id": "RE-OSM-0476",
      "properties": {
        "id": "RE-OSM-0476",
        "name": "Secondary_link Road",
        "osmId": 1267019486,
        "highway": "secondary_link",
        "distanceToHotspotM": 1590.4,
        "nearestHotspot": "GS Road (Bhangagarh)",
        "riskNow": "NORMAL",
        "riskPlus1Hr": "NORMAL"
      },
      "geometry": {
        "type": "LineString",
        "coordinates": [
          [
            91.784787,
            26.150328
          ],
          [
            91.784869,
            26.150337
          ],
          [
            91.784904,
            26.150351
          ],
          [
            91.784946,
            26.150378
          ],
          [
            91.784974,
            26.150415
          ]
        ]
      }
    },
    {
      "type": "Feature",
      "id": "RE-OSM-0477",
      "properties": {
        "id": "RE-OSM-0477",
        "name": "Radha Gobinda Baruah Road",
        "osmId": 1267019487,
        "highway": "secondary",
        "distanceToHotspotM": 1471.9,
        "nearestHotspot": "Hatigaon - Bhetapara",
        "riskNow": "NORMAL",
        "riskPlus1Hr": "NORMAL"
      },
      "geometry": {
        "type": "LineString",
        "coordinates": [
          [
            91.785467,
            26.149498
          ],
          [
            91.785572,
            26.149257
          ],
          [
            91.785625,
            26.149127
          ],
          [
            91.785936,
            26.148394
          ],
          [
            91.785981,
            26.148282
          ],
          [
            91.786022,
            26.148179
          ],
          [
            91.786075,
            26.148015
          ],
          [
            91.786312,
            26.146939
          ],
          [
            91.786471,
            26.146252
          ],
          [
            91.786557,
            26.145766
          ],
          [
            91.786618,
            26.145436
          ],
          [
            91.786713,
            26.145282
          ]
        ]
      }
    },
    {
      "type": "Feature",
      "id": "RE-OSM-0478",
      "properties": {
        "id": "RE-OSM-0478",
        "name": "Zoo road",
        "osmId": 1267019488,
        "highway": "secondary",
        "distanceToHotspotM": 1460.9,
        "nearestHotspot": "Hatigaon - Bhetapara",
        "riskNow": "NORMAL",
        "riskPlus1Hr": "NORMAL"
      },
      "geometry": {
        "type": "LineString",
        "coordinates": [
          [
            91.786559,
            26.14525
          ],
          [
            91.786438,
            26.14615
          ],
          [
            91.786075,
            26.147616
          ],
          [
            91.785957,
            26.148097
          ],
          [
            91.785916,
            26.148196
          ],
          [
            91.785888,
            26.148261
          ],
          [
            91.785298,
            26.149649
          ]
        ]
      }
    },
    {
      "type": "Feature",
      "id": "RE-OSM-0479",
      "properties": {
        "id": "RE-OSM-0479",
        "name": "Primary_link Road",
        "osmId": 1267019489,
        "highway": "primary_link",
        "distanceToHotspotM": 1521.7,
        "nearestHotspot": "Rukminigaon",
        "riskNow": "NORMAL",
        "riskPlus1Hr": "NORMAL"
      },
      "geometry": {
        "type": "LineString",
        "coordinates": [
          [
            91.787729,
            26.14762
          ],
          [
            91.78758,
            26.147652
          ],
          [
            91.787353,
            26.147848
          ],
          [
            91.787214,
            26.147963
          ],
          [
            91.786393,
            26.148724
          ],
          [
            91.786275,
            26.148844
          ],
          [
            91.785709,
            26.149303
          ],
          [
            91.785467,
            26.149498
          ]
        ]
      }
    },
    {
      "type": "Feature",
      "id": "RE-OSM-0480",
      "properties": {
        "id": "RE-OSM-0480",
        "name": "Primary_link Road",
        "osmId": 1267019490,
        "highway": "primary_link",
        "distanceToHotspotM": 1719.1,
        "nearestHotspot": "GS Road (Bhangagarh)",
        "riskNow": "NORMAL",
        "riskPlus1Hr": "NORMAL"
      },
      "geometry": {
        "type": "LineString",
        "coordinates": [
          [
            91.785709,
            26.149303
          ],
          [
            91.78563,
            26.149303
          ],
          [
            91.7856,
            26.149291
          ],
          [
            91.785572,
            26.149257
          ]
        ]
      }
    },
    {
      "type": "Feature",
      "id": "RE-OSM-0481",
      "properties": {
        "id": "RE-OSM-0481",
        "name": "Secondary Road",
        "osmId": 1267019491,
        "highway": "secondary",
        "distanceToHotspotM": 1689.4,
        "nearestHotspot": "GS Road (Bhangagarh)",
        "riskNow": "NORMAL",
        "riskPlus1Hr": "NORMAL"
      },
      "geometry": {
        "type": "LineString",
        "coordinates": [
          [
            91.785511,
            26.149679
          ],
          [
            91.785467,
            26.149498
          ]
        ]
      }
    },
    {
      "type": "Feature",
      "id": "RE-OSM-0482",
      "properties": {
        "id": "RE-OSM-0482",
        "name": "Radha Gobinda Baruah Road",
        "osmId": 1267019492,
        "highway": "secondary",
        "distanceToHotspotM": 1671.1,
        "nearestHotspot": "GS Road (Bhangagarh)",
        "riskNow": "NORMAL",
        "riskPlus1Hr": "NORMAL"
      },
      "geometry": {
        "type": "LineString",
        "coordinates": [
          [
            91.785375,
            26.149794
          ],
          [
            91.785298,
            26.149649
          ]
        ]
      }
    },
    {
      "type": "Feature",
      "id": "RE-OSM-0483",
      "properties": {
        "id": "RE-OSM-0483",
        "name": "Primary_link Road",
        "osmId": 1267019493,
        "highway": "primary_link",
        "distanceToHotspotM": 1672.9,
        "nearestHotspot": "GS Road (Bhangagarh)",
        "riskNow": "NORMAL",
        "riskPlus1Hr": "NORMAL"
      },
      "geometry": {
        "type": "LineString",
        "coordinates": [
          [
            91.785467,
            26.149498
          ],
          [
            91.785298,
            26.149649
          ]
        ]
      }
    },
    {
      "type": "Feature",
      "id": "RE-OSM-0484",
      "properties": {
        "id": "RE-OSM-0484",
        "name": "Flyover",
        "osmId": 1267021992,
        "highway": "trunk",
        "distanceToHotspotM": 2020.2,
        "nearestHotspot": "Boragaon Bypass",
        "riskNow": "NORMAL",
        "riskPlus1Hr": "NORMAL"
      },
      "geometry": {
        "type": "LineString",
        "coordinates": [
          [
            91.70379,
            26.117229
          ],
          [
            91.708118,
            26.115951
          ],
          [
            91.708373,
            26.115883
          ],
          [
            91.708738,
            26.115842
          ],
          [
            91.709468,
            26.115813
          ],
          [
            91.710186,
            26.115831
          ],
          [
            91.714759,
            26.11589
          ]
        ]
      }
    },
    {
      "type": "Feature",
      "id": "RE-OSM-0485",
      "properties": {
        "id": "RE-OSM-0485",
        "name": "NH27",
        "osmId": 1267021994,
        "highway": "trunk",
        "distanceToHotspotM": 2237.2,
        "nearestHotspot": "Boragaon Bypass",
        "riskNow": "NORMAL",
        "riskPlus1Hr": "NORMAL"
      },
      "geometry": {
        "type": "LineString",
        "coordinates": [
          [
            91.71503,
            26.115896
          ],
          [
            91.717383,
            26.115872
          ],
          [
            91.717899,
            26.115863
          ],
          [
            91.718322,
            26.115822
          ],
          [
            91.718837,
            26.115769
          ],
          [
            91.719197,
            26.115709
          ]
        ]
      }
    },
    {
      "type": "Feature",
      "id": "RE-OSM-0486",
      "properties": {
        "id": "RE-OSM-0486",
        "name": "NH27",
        "osmId": 1267021995,
        "highway": "trunk",
        "distanceToHotspotM": 2254.2,
        "nearestHotspot": "Boragaon Bypass",
        "riskNow": "NORMAL",
        "riskPlus1Hr": "NORMAL"
      },
      "geometry": {
        "type": "LineString",
        "coordinates": [
          [
            91.719182,
            26.115588
          ],
          [
            91.718802,
            26.115654
          ],
          [
            91.718266,
            26.115716
          ],
          [
            91.717947,
            26.115738
          ],
          [
            91.717593,
            26.115735
          ],
          [
            91.7174,
            26.115733
          ],
          [
            91.71505,
            26.115741
          ]
        ]
      }
    },
    {
      "type": "Feature",
      "id": "RE-OSM-0487",
      "properties": {
        "id": "RE-OSM-0487",
        "name": "Trunk_link Road",
        "osmId": 1267021996,
        "highway": "trunk_link",
        "distanceToHotspotM": 2221.6,
        "nearestHotspot": "Boragaon Bypass",
        "riskNow": "NORMAL",
        "riskPlus1Hr": "NORMAL"
      },
      "geometry": {
        "type": "LineString",
        "coordinates": [
          [
            91.714942,
            26.116018
          ],
          [
            91.71503,
            26.115896
          ]
        ]
      }
    },
    {
      "type": "Feature",
      "id": "RE-OSM-0488",
      "properties": {
        "id": "RE-OSM-0488",
        "name": "Trunk_link Road",
        "osmId": 1267021997,
        "highway": "trunk_link",
        "distanceToHotspotM": 2254.2,
        "nearestHotspot": "Boragaon Bypass",
        "riskNow": "NORMAL",
        "riskPlus1Hr": "NORMAL"
      },
      "geometry": {
        "type": "LineString",
        "coordinates": [
          [
            91.714931,
            26.11564
          ],
          [
            91.71505,
            26.115741
          ]
        ]
      }
    },
    {
      "type": "Feature",
      "id": "RE-OSM-0489",
      "properties": {
        "id": "RE-OSM-0489",
        "name": "Trunk_link Road",
        "osmId": 1267021998,
        "highway": "trunk_link",
        "distanceToHotspotM": 1999.8,
        "nearestHotspot": "Boragaon Bypass",
        "riskNow": "NORMAL",
        "riskPlus1Hr": "NORMAL"
      },
      "geometry": {
        "type": "LineString",
        "coordinates": [
          [
            91.703207,
            26.117401
          ],
          [
            91.703416,
            26.117492
          ]
        ]
      }
    },
    {
      "type": "Feature",
      "id": "RE-OSM-0490",
      "properties": {
        "id": "RE-OSM-0490",
        "name": "G.N.B Road",
        "osmId": 1267026379,
        "highway": "secondary",
        "distanceToHotspotM": 1190.5,
        "nearestHotspot": "Anil Nagar",
        "riskNow": "NORMAL",
        "riskPlus1Hr": "MODERATE"
      },
      "geometry": {
        "type": "LineString",
        "coordinates": [
          [
            91.766228,
            26.184608
          ],
          [
            91.766058,
            26.184631
          ]
        ]
      }
    },
    {
      "type": "Feature",
      "id": "RE-OSM-0491",
      "properties": {
        "id": "RE-OSM-0491",
        "name": "Rajgarh Road",
        "osmId": 1267051365,
        "highway": "secondary",
        "distanceToHotspotM": 858.1,
        "nearestHotspot": "Ulubari",
        "riskNow": "NORMAL",
        "riskPlus1Hr": "MODERATE"
      },
      "geometry": {
        "type": "LineString",
        "coordinates": [
          [
            91.769093,
            26.166894
          ],
          [
            91.768903,
            26.166409
          ]
        ]
      }
    },
    {
      "type": "Feature",
      "id": "RE-OSM-0492",
      "properties": {
        "id": "RE-OSM-0492",
        "name": "Tertiary Road",
        "osmId": 1267059101,
        "highway": "tertiary",
        "distanceToHotspotM": 2221.6,
        "nearestHotspot": "Boragaon Bypass",
        "riskNow": "NORMAL",
        "riskPlus1Hr": "NORMAL"
      },
      "geometry": {
        "type": "LineString",
        "coordinates": [
          [
            91.714942,
            26.116018
          ],
          [
            91.716603,
            26.116079
          ],
          [
            91.717161,
            26.116111
          ],
          [
            91.717435,
            26.116116
          ],
          [
            91.718148,
            26.116091
          ],
          [
            91.71843,
            26.116049
          ],
          [
            91.718701,
            26.11601
          ],
          [
            91.718862,
            26.115977
          ],
          [
            91.718972,
            26.115949
          ]
        ]
      }
    },
    {
      "type": "Feature",
      "id": "RE-OSM-0493",
      "properties": {
        "id": "RE-OSM-0493",
        "name": "Tertiary Road",
        "osmId": 1267059102,
        "highway": "tertiary",
        "distanceToHotspotM": 2261.2,
        "nearestHotspot": "Boragaon Bypass",
        "riskNow": "NORMAL",
        "riskPlus1Hr": "NORMAL"
      },
      "geometry": {
        "type": "LineString",
        "coordinates": [
          [
            91.717629,
            26.115676
          ],
          [
            91.716292,
            26.11566
          ],
          [
            91.714931,
            26.11564
          ]
        ]
      }
    },
    {
      "type": "Feature",
      "id": "RE-OSM-0494",
      "properties": {
        "id": "RE-OSM-0494",
        "name": "Tertiary Road",
        "osmId": 1267059103,
        "highway": "tertiary",
        "distanceToHotspotM": 3848.1,
        "nearestHotspot": "Hatigaon - Bhetapara",
        "riskNow": "NORMAL",
        "riskPlus1Hr": "NORMAL"
      },
      "geometry": {
        "type": "LineString",
        "coordinates": [
          [
            91.742418,
            26.112032
          ],
          [
            91.745139,
            26.111954
          ],
          [
            91.746031,
            26.111944
          ],
          [
            91.746646,
            26.111925
          ],
          [
            91.747243,
            26.111905
          ],
          [
            91.74815,
            26.111885
          ],
          [
            91.748266,
            26.111882
          ],
          [
            91.749005,
            26.111871
          ],
          [
            91.749144,
            26.111872
          ],
          [
            91.749371,
            26.111865
          ]
        ]
      }
    },
    {
      "type": "Feature",
      "id": "RE-OSM-0495",
      "properties": {
        "id": "RE-OSM-0495",
        "name": "Tertiary Road",
        "osmId": 1267059104,
        "highway": "tertiary",
        "distanceToHotspotM": 3654.6,
        "nearestHotspot": "Boragaon Bypass",
        "riskNow": "NORMAL",
        "riskPlus1Hr": "NORMAL"
      },
      "geometry": {
        "type": "LineString",
        "coordinates": [
          [
            91.734987,
            26.112793
          ],
          [
            91.735188,
            26.112746
          ],
          [
            91.735597,
            26.112656
          ],
          [
            91.736791,
            26.112439
          ],
          [
            91.73727,
            26.112349
          ],
          [
            91.737579,
            26.112291
          ],
          [
            91.738026,
            26.112212
          ],
          [
            91.738298,
            26.112178
          ],
          [
            91.738489,
            26.112166
          ]
        ]
      }
    },
    {
      "type": "Feature",
      "id": "RE-OSM-0496",
      "properties": {
        "id": "RE-OSM-0496",
        "name": "Tertiary Road",
        "osmId": 1267059105,
        "highway": "tertiary",
        "distanceToHotspotM": 3627.0,
        "nearestHotspot": "Boragaon Bypass",
        "riskNow": "NORMAL",
        "riskPlus1Hr": "NORMAL"
      },
      "geometry": {
        "type": "LineString",
        "coordinates": [
          [
            91.73468,
            26.11286
          ],
          [
            91.734987,
            26.112793
          ]
        ]
      }
    },
    {
      "type": "Feature",
      "id": "RE-OSM-0497",
      "properties": {
        "id": "RE-OSM-0497",
        "name": "Tertiary Road",
        "osmId": 1267059106,
        "highway": "tertiary",
        "distanceToHotspotM": 3603.3,
        "nearestHotspot": "Boragaon Bypass",
        "riskNow": "NORMAL",
        "riskPlus1Hr": "NORMAL"
      },
      "geometry": {
        "type": "LineString",
        "coordinates": [
          [
            91.734401,
            26.112904
          ],
          [
            91.73468,
            26.11286
          ]
        ]
      }
    },
    {
      "type": "Feature",
      "id": "RE-OSM-0498",
      "properties": {
        "id": "RE-OSM-0498",
        "name": "Trunk_link Road",
        "osmId": 1267060647,
        "highway": "trunk_link",
        "distanceToHotspotM": 4288.6,
        "nearestHotspot": "Boragaon Bypass",
        "riskNow": "NORMAL",
        "riskPlus1Hr": "NORMAL"
      },
      "geometry": {
        "type": "LineString",
        "coordinates": [
          [
            91.742328,
            26.111814
          ],
          [
            91.742328,
            26.111689
          ]
        ]
      }
    },
    {
      "type": "Feature",
      "id": "RE-OSM-0499",
      "properties": {
        "id": "RE-OSM-0499",
        "name": "G.N.B Road",
        "osmId": 1267084994,
        "highway": "secondary",
        "distanceToHotspotM": 1496.6,
        "nearestHotspot": "Anil Nagar",
        "riskNow": "NORMAL",
        "riskPlus1Hr": "NORMAL"
      },
      "geometry": {
        "type": "LineString",
        "coordinates": [
          [
            91.761925,
            26.185044
          ],
          [
            91.761454,
            26.185079
          ],
          [
            91.761067,
            26.18511
          ],
          [
            91.760724,
            26.185104
          ],
          [
            91.760145,
            26.185112
          ],
          [
            91.758486,
            26.185046
          ],
          [
            91.757913,
            26.185026
          ]
        ]
      }
    },
    {
      "type": "Feature",
      "id": "RE-OSM-0500",
      "properties": {
        "id": "RE-OSM-0500",
        "name": "Secondary Road",
        "osmId": 1267087865,
        "highway": "secondary",
        "distanceToHotspotM": 614.6,
        "nearestHotspot": "GS Road (Bhangagarh)",
        "riskNow": "MODERATE",
        "riskPlus1Hr": "HIGH RISK"
      },
      "geometry": {
        "type": "LineString",
        "coordinates": [
          [
            91.770746,
            26.163023
          ],
          [
            91.77055,
            26.163117
          ],
          [
            91.768971,
            26.164528
          ],
          [
            91.768934,
            26.164567
          ],
          [
            91.768896,
            26.164606
          ],
          [
            91.768777,
            26.164703
          ],
          [
            91.768643,
            26.164829
          ]
        ]
      }
    },
    {
      "type": "Feature",
      "id": "RE-OSM-0501",
      "properties": {
        "id": "RE-OSM-0501",
        "name": "Secondary_link Road",
        "osmId": 1267087866,
        "highway": "secondary_link",
        "distanceToHotspotM": 812.4,
        "nearestHotspot": "GS Road (Bhangagarh)",
        "riskNow": "NORMAL",
        "riskPlus1Hr": "MODERATE"
      },
      "geometry": {
        "type": "LineString",
        "coordinates": [
          [
            91.769095,
            26.164724
          ],
          [
            91.768934,
            26.164567
          ]
        ]
      }
    },
    {
      "type": "Feature",
      "id": "RE-OSM-0502",
      "properties": {
        "id": "RE-OSM-0502",
        "name": "Trunk Road",
        "osmId": 1267089651,
        "highway": "trunk",
        "distanceToHotspotM": 2478.6,
        "nearestHotspot": "Boragaon Bypass",
        "riskNow": "NORMAL",
        "riskPlus1Hr": "NORMAL"
      },
      "geometry": {
        "type": "LineString",
        "coordinates": [
          [
            91.720283,
            26.115628
          ],
          [
            91.720549,
            26.11555
          ],
          [
            91.722209,
            26.11522
          ],
          [
            91.722904,
            26.115077
          ],
          [
            91.723211,
            26.115013
          ],
          [
            91.724138,
            26.114823
          ],
          [
            91.726268,
            26.114418
          ]
        ]
      }
    },
    {
      "type": "Feature",
      "id": "RE-OSM-0503",
      "properties": {
        "id": "RE-OSM-0503",
        "name": "Primary_link Road",
        "osmId": 1268305483,
        "highway": "primary_link",
        "distanceToHotspotM": 643.1,
        "nearestHotspot": "Rukminigaon",
        "riskNow": "MODERATE",
        "riskPlus1Hr": "HIGH RISK"
      },
      "geometry": {
        "type": "LineString",
        "coordinates": [
          [
            91.794294,
            26.142184
          ],
          [
            91.794261,
            26.142312
          ]
        ]
      }
    },
    {
      "type": "Feature",
      "id": "RE-OSM-0504",
      "properties": {
        "id": "RE-OSM-0504",
        "name": "Primary_link Road",
        "osmId": 1268305484,
        "highway": "primary_link",
        "distanceToHotspotM": 446.7,
        "nearestHotspot": "Rukminigaon",
        "riskNow": "MODERATE",
        "riskPlus1Hr": "HIGH RISK"
      },
      "geometry": {
        "type": "LineString",
        "coordinates": [
          [
            91.79588,
            26.141068
          ],
          [
            91.795762,
            26.141118
          ],
          [
            91.795674,
            26.141154
          ],
          [
            91.795604,
            26.141182
          ],
          [
            91.795535,
            26.141202
          ],
          [
            91.795481,
            26.141212
          ],
          [
            91.795416,
            26.141219
          ],
          [
            91.795367,
            26.141223
          ],
          [
            91.795158,
            26.141223
          ]
        ]
      }
    },
    {
      "type": "Feature",
      "id": "RE-OSM-0505",
      "properties": {
        "id": "RE-OSM-0505",
        "name": "Secondary Road",
        "osmId": 1268305485,
        "highway": "secondary",
        "distanceToHotspotM": 882.6,
        "nearestHotspot": "Rukminigaon",
        "riskNow": "NORMAL",
        "riskPlus1Hr": "MODERATE"
      },
      "geometry": {
        "type": "LineString",
        "coordinates": [
          [
            91.791165,
            26.139798
          ],
          [
            91.79018,
            26.139411
          ]
        ]
      }
    },
    {
      "type": "Feature",
      "id": "RE-OSM-0506",
      "properties": {
        "id": "RE-OSM-0506",
        "name": "Secondary Road",
        "osmId": 1268305486,
        "highway": "secondary",
        "distanceToHotspotM": 861.6,
        "nearestHotspot": "Rukminigaon",
        "riskNow": "NORMAL",
        "riskPlus1Hr": "MODERATE"
      },
      "geometry": {
        "type": "LineString",
        "coordinates": [
          [
            91.791378,
            26.139872
          ],
          [
            91.791165,
            26.139798
          ]
        ]
      }
    },
    {
      "type": "Feature",
      "id": "RE-OSM-0507",
      "properties": {
        "id": "RE-OSM-0507",
        "name": "Primary_link Road",
        "osmId": 1268305487,
        "highway": "primary_link",
        "distanceToHotspotM": 570.3,
        "nearestHotspot": "Rukminigaon",
        "riskNow": "MODERATE",
        "riskPlus1Hr": "HIGH RISK"
      },
      "geometry": {
        "type": "LineString",
        "coordinates": [
          [
            91.794979,
            26.141991
          ],
          [
            91.794975,
            26.14195
          ],
          [
            91.794967,
            26.141927
          ],
          [
            91.794938,
            26.141884
          ],
          [
            91.794901,
            26.141859
          ],
          [
            91.794853,
            26.141852
          ]
        ]
      }
    },
    {
      "type": "Feature",
      "id": "RE-OSM-0508",
      "properties": {
        "id": "RE-OSM-0508",
        "name": "Dispur Flyover",
        "osmId": 1268305488,
        "highway": "primary",
        "distanceToHotspotM": 685.3,
        "nearestHotspot": "Rukminigaon",
        "riskNow": "MODERATE",
        "riskPlus1Hr": "HIGH RISK"
      },
      "geometry": {
        "type": "LineString",
        "coordinates": [
          [
            91.792327,
            26.143979
          ],
          [
            91.792799,
            26.143587
          ],
          [
            91.794061,
            26.142592
          ]
        ]
      }
    },
    {
      "type": "Feature",
      "id": "RE-OSM-0509",
      "properties": {
        "id": "RE-OSM-0509",
        "name": "Primary_link Road",
        "osmId": 1268305489,
        "highway": "primary_link",
        "distanceToHotspotM": 429.6,
        "nearestHotspot": "Rukminigaon",
        "riskNow": "MODERATE",
        "riskPlus1Hr": "HIGH RISK"
      },
      "geometry": {
        "type": "LineString",
        "coordinates": [
          [
            91.795973,
            26.140991
          ],
          [
            91.795988,
            26.141025
          ],
          [
            91.796021,
            26.141071
          ],
          [
            91.796053,
            26.141094
          ],
          [
            91.796089,
            26.141113
          ]
        ]
      }
    },
    {
      "type": "Feature",
      "id": "RE-OSM-0510",
      "properties": {
        "id": "RE-OSM-0510",
        "name": "Mahapurush Srimanta Sankardeva Path",
        "osmId": 1268305490,
        "highway": "primary",
        "distanceToHotspotM": 135.3,
        "nearestHotspot": "Rukminigaon",
        "riskNow": "HIGH RISK",
        "riskPlus1Hr": "BLOCKED"
      },
      "geometry": {
        "type": "LineString",
        "coordinates": [
          [
            91.798864,
            26.13877
          ],
          [
            91.799136,
            26.138563
          ]
        ]
      }
    },
    {
      "type": "Feature",
      "id": "RE-OSM-0511",
      "properties": {
        "id": "RE-OSM-0511",
        "name": "Tertiary Road",
        "osmId": 1289573613,
        "highway": "tertiary",
        "distanceToHotspotM": 1555.7,
        "nearestHotspot": "Bharalumukh",
        "riskNow": "NORMAL",
        "riskPlus1Hr": "NORMAL"
      },
      "geometry": {
        "type": "LineString",
        "coordinates": [
          [
            91.741473,
            26.177394
          ],
          [
            91.741511,
            26.177357
          ]
        ]
      }
    },
    {
      "type": "Feature",
      "id": "RE-OSM-0512",
      "properties": {
        "id": "RE-OSM-0512",
        "name": "Tertiary Road",
        "osmId": 1292544953,
        "highway": "tertiary",
        "distanceToHotspotM": 1602.6,
        "nearestHotspot": "Khanapara Basin",
        "riskNow": "NORMAL",
        "riskPlus1Hr": "NORMAL"
      },
      "geometry": {
        "type": "LineString",
        "coordinates": [
          [
            91.806004,
            26.113808
          ],
          [
            91.806,
            26.114066
          ]
        ]
      }
    },
    {
      "type": "Feature",
      "id": "RE-OSM-0513",
      "properties": {
        "id": "RE-OSM-0513",
        "name": "Tertiary Road",
        "osmId": 1292544954,
        "highway": "tertiary",
        "distanceToHotspotM": 1595.3,
        "nearestHotspot": "Khanapara Basin",
        "riskNow": "NORMAL",
        "riskPlus1Hr": "NORMAL"
      },
      "geometry": {
        "type": "LineString",
        "coordinates": [
          [
            91.806083,
            26.114095
          ],
          [
            91.806104,
            26.11384
          ]
        ]
      }
    },
    {
      "type": "Feature",
      "id": "RE-OSM-0514",
      "properties": {
        "id": "RE-OSM-0514",
        "name": "NH37",
        "osmId": 1292598208,
        "highway": "trunk",
        "distanceToHotspotM": 1247.3,
        "nearestHotspot": "Khanapara Basin",
        "riskNow": "NORMAL",
        "riskPlus1Hr": "MODERATE"
      },
      "geometry": {
        "type": "LineString",
        "coordinates": [
          [
            91.82533,
            26.119691
          ],
          [
            91.82564,
            26.119633
          ],
          [
            91.826233,
            26.119524
          ],
          [
            91.826802,
            26.119427
          ],
          [
            91.827405,
            26.119305
          ],
          [
            91.82839,
            26.11912
          ],
          [
            91.82928,
            26.118965
          ],
          [
            91.829723,
            26.118883
          ],
          [
            91.830001,
            26.118835
          ],
          [
            91.830264,
            26.118787
          ],
          [
            91.830398,
            26.118751
          ],
          [
            91.830486,
            26.118718
          ],
          [
            91.830573,
            26.118669
          ],
          [
            91.830644,
            26.118609
          ],
          [
            91.830711,
            26.11853
          ],
          [
            91.830759,
            26.118448
          ],
          [
            91.830805,
            26.118338
          ],
          [
            91.830844,
            26.11822
          ],
          [
            91.8309,
            26.118084
          ],
          [
            91.830947,
            26.11801
          ],
          [
            91.831009,
            26.11795
          ],
          [
            91.831082,
            26.117907
          ],
          [
            91.831179,
            26.117878
          ],
          [
            91.831293,
            26.117858
          ],
          [
            91.831418,
            26.117839
          ],
          [
            91.831558,
            26.117816
          ],
          [
            91.831694,
            26.117779
          ],
          [
            91.831801,
            26.117744
          ],
          [
            91.831901,
            26.117696
          ],
          [
            91.831971,
            26.117644
          ],
          [
            91.83202,
            26.117587
          ],
          [
            91.832047,
            26.117528
          ],
          [
            91.832055,
            26.117456
          ],
          [
            91.832047,
            26.117395
          ],
          [
            91.832023,
            26.117333
          ],
          [
            91.831995,
            26.117284
          ],
          [
            91.831945,
            26.11723
          ],
          [
            91.831896,
            26.117188
          ],
          [
            91.831797,
            26.117111
          ],
          [
            91.83172,
            26.11705
          ],
          [
            91.831669,
            26.117002
          ],
          [
            91.831633,
            26.116957
          ],
          [
            91.831612,
            26.116917
          ],
          [
            91.831601,
            26.11686
          ],
          [
            91.8316,
            26.116798
          ],
          [
            91.83161,
            26.116749
          ],
          [
            91.831637,
            26.116698
          ],
          [
            91.831678,
            26.116659
          ],
          [
            91.831723,
            26.116631
          ],
          [
            91.831776,
            26.116615
          ],
          [
            91.831831,
            26.116612
          ],
          [
            91.831892,
            26.116618
          ],
          [
            91.831967,
            26.116643
          ],
          [
            91.832021,
            26.116673
          ],
          [
            91.832154,
            26.116761
          ],
          [
            91.832283,
            26.116852
          ],
          [
            91.832376,
            26.116902
          ],
          [
            91.832432,
            26.11693
          ],
          [
            91.832477,
            26.116946
          ],
          [
            91.832519,
            26.116957
          ],
          [
            91.832575,
            26.116963
          ],
          [
            91.832625,
            26.11696
          ],
          [
            91.832699,
            26.116941
          ],
          [
            91.832753,
            26.116919
          ],
          [
            91.83281,
            26.116884
          ],
          [
            91.832876,
            26.116825
          ],
          [
            91.832929,
            26.116764
          ],
          [
            91.832989,
            26.116678
          ],
          [
            91.833028,
            26.116596
          ],
          [
            91.833051,
            26.116478
          ],
          [
            91.833067,
            26.116368
          ],
          [
            91.833089,
            26.116273
          ],
          [
            91.833125,
            26.116168
          ],
          [
            91.833173,
            26.116076
          ],
          [
            91.833232,
            26.116014
          ],
          [
            91.833286,
            26.115975
          ],
          [
            91.833354,
            26.11594
          ],
          [
            91.833416,
            26.11592
          ],
          [
            91.833489,
            26.115905
          ],
          [
            91.833573,
            26.115894
          ],
          [
            91.833668,
            26.115901
          ],
          [
            91.833783,
            26.115918
          ],
          [
            91.833881,
            26.115931
          ],
          [
            91.833941,
            26.115934
          ],
          [
            91.833994,
            26.115929
          ],
          [
            91.834055,
            26.115911
          ],
          [
            91.834105,
            26.115886
          ],
          [
            91.834152,
            26.115852
          ],
          [
            91.834191,
            26.115808
          ],
          [
            91.834231,
            26.115735
          ],
          [
            91.834269,
            26.115621
          ],
          [
            91.834316,
            26.115496
          ],
          [
            91.834369,
            26.115381
          ],
          [
            91.834434,
            26.115284
          ],
          [
            91.834493,
            26.115188
          ],
          [
            91.834538,
            26.115098
          ],
          [
            91.83456,
            26.114996
          ],
          [
            91.83456,
            26.114905
          ],
          [
            91.834548,
            26.114773
          ],
          [
            91.834525,
            26.114645
          ],
          [
            91.834514,
            26.114552
          ],
          [
            91.834514,
            26.114473
          ],
          [
            91.83453,
            26.114408
          ],
          [
            91.834576,
            26.114352
          ],
          [
            91.834632,
            26.114314
          ],
          [
            91.834701,
            26.114286
          ],
          [
            91.834803,
            26.114268
          ],
          [
            91.834921,
            26.11424
          ],
          [
            91.835027,
            26.1142
          ],
          [
            91.835111,
            26.114162
          ],
          [
            91.835181,
            26.114115
          ],
          [
            91.835249,
            26.114046
          ],
          [
            91.835296,
            26.113982
          ],
          [
            91.835331,
            26.113892
          ],
          [
            91.835358,
            26.113795
          ],
          [
            91.835391,
            26.113678
          ],
          [
            91.835425,
            26.113556
          ],
          [
            91.835481,
            26.113447
          ],
          [
            91.83555,
            26.113364
          ],
          [
            91.835614,
            26.113303
          ],
          [
            91.835696,
            26.113239
          ],
          [
            91.835717,
            26.113227
          ]
        ]
      }
    },
    {
      "type": "Feature",
      "id": "RE-OSM-0515",
      "properties": {
        "id": "RE-OSM-0515",
        "name": "NH37",
        "osmId": 1292598210,
        "highway": "trunk",
        "distanceToHotspotM": 1233.1,
        "nearestHotspot": "Khanapara Basin",
        "riskNow": "NORMAL",
        "riskPlus1Hr": "MODERATE"
      },
      "geometry": {
        "type": "LineString",
        "coordinates": [
          [
            91.835678,
            26.113144
          ],
          [
            91.835579,
            26.113208
          ],
          [
            91.835477,
            26.113304
          ],
          [
            91.835408,
            26.113386
          ],
          [
            91.83536,
            26.113464
          ],
          [
            91.835328,
            26.113546
          ],
          [
            91.835304,
            26.113641
          ],
          [
            91.835277,
            26.113746
          ],
          [
            91.835237,
            26.113881
          ],
          [
            91.835198,
            26.113957
          ],
          [
            91.835146,
            26.114018
          ],
          [
            91.835083,
            26.114065
          ],
          [
            91.835007,
            26.114104
          ],
          [
            91.834896,
            26.114136
          ],
          [
            91.834796,
            26.114158
          ],
          [
            91.834682,
            26.114181
          ],
          [
            91.834602,
            26.11421
          ],
          [
            91.834528,
            26.114252
          ],
          [
            91.834462,
            26.114317
          ],
          [
            91.83443,
            26.114376
          ],
          [
            91.834414,
            26.114445
          ],
          [
            91.834416,
            26.114523
          ],
          [
            91.834431,
            26.114646
          ],
          [
            91.834453,
            26.114779
          ],
          [
            91.834463,
            26.114879
          ],
          [
            91.834459,
            26.114964
          ],
          [
            91.834446,
            26.11503
          ],
          [
            91.834431,
            26.115075
          ],
          [
            91.834409,
            26.115118
          ],
          [
            91.834361,
            26.115203
          ],
          [
            91.834293,
            26.115312
          ],
          [
            91.834239,
            26.115418
          ],
          [
            91.834191,
            26.115537
          ],
          [
            91.834144,
            26.115674
          ],
          [
            91.834121,
            26.115722
          ],
          [
            91.834085,
            26.115766
          ],
          [
            91.834034,
            26.115794
          ],
          [
            91.833977,
            26.11582
          ],
          [
            91.833913,
            26.115833
          ],
          [
            91.833833,
            26.115832
          ],
          [
            91.833734,
            26.115823
          ],
          [
            91.83363,
            26.115809
          ],
          [
            91.83353,
            26.115807
          ],
          [
            91.833432,
            26.11582
          ],
          [
            91.83335,
            26.115841
          ],
          [
            91.83326,
            26.11588
          ],
          [
            91.833181,
            26.115932
          ],
          [
            91.833124,
            26.11599
          ],
          [
            91.833074,
            26.116052
          ],
          [
            91.83304,
            26.116121
          ],
          [
            91.83301,
            26.1162
          ],
          [
            91.832981,
            26.116318
          ],
          [
            91.832956,
            26.116469
          ],
          [
            91.832925,
            26.116569
          ],
          [
            91.83289,
            26.116642
          ],
          [
            91.832831,
            26.116725
          ],
          [
            91.832755,
            26.116805
          ],
          [
            91.832703,
            26.116839
          ],
          [
            91.832643,
            26.116865
          ],
          [
            91.832595,
            26.116875
          ],
          [
            91.83255,
            26.116876
          ],
          [
            91.832503,
            26.116865
          ],
          [
            91.832454,
            26.116844
          ],
          [
            91.832393,
            26.116811
          ],
          [
            91.832303,
            26.116753
          ],
          [
            91.832173,
            26.11666
          ],
          [
            91.832061,
            26.116592
          ],
          [
            91.831962,
            26.116547
          ],
          [
            91.831862,
            26.116523
          ],
          [
            91.831792,
            26.116527
          ],
          [
            91.83171,
            26.116548
          ],
          [
            91.831646,
            26.116582
          ],
          [
            91.831587,
            26.116633
          ],
          [
            91.83155,
            26.116692
          ],
          [
            91.831528,
            26.11676
          ],
          [
            91.831518,
            26.116837
          ],
          [
            91.831526,
            26.116907
          ],
          [
            91.831557,
            26.116982
          ],
          [
            91.831607,
            26.11705
          ],
          [
            91.831678,
            26.117113
          ],
          [
            91.831786,
            26.117197
          ],
          [
            91.831862,
            26.117259
          ],
          [
            91.831911,
            26.117306
          ],
          [
            91.831947,
            26.11735
          ],
          [
            91.831962,
            26.117386
          ],
          [
            91.831968,
            26.117427
          ],
          [
            91.831965,
            26.117478
          ],
          [
            91.831955,
            26.117527
          ],
          [
            91.831919,
            26.117587
          ],
          [
            91.831841,
            26.117641
          ],
          [
            91.831749,
            26.11768
          ],
          [
            91.831666,
            26.117707
          ],
          [
            91.831573,
            26.117733
          ],
          [
            91.831469,
            26.117753
          ],
          [
            91.831356,
            26.117763
          ],
          [
            91.831245,
            26.117773
          ],
          [
            91.831137,
            26.117792
          ],
          [
            91.831041,
            26.117827
          ],
          [
            91.830954,
            26.117874
          ],
          [
            91.830884,
            26.117931
          ],
          [
            91.83083,
            26.117997
          ],
          [
            91.830798,
            26.118062
          ],
          [
            91.830748,
            26.118199
          ],
          [
            91.830716,
            26.118306
          ],
          [
            91.830687,
            26.118381
          ],
          [
            91.830645,
            26.118459
          ],
          [
            91.830592,
            26.118527
          ],
          [
            91.830526,
            26.118582
          ],
          [
            91.830466,
            26.118618
          ],
          [
            91.830384,
            26.118654
          ],
          [
            91.830301,
            26.118683
          ],
          [
            91.830188,
            26.118706
          ],
          [
            91.830011,
            26.118736
          ],
          [
            91.829853,
            26.118765
          ],
          [
            91.829617,
            26.118811
          ],
          [
            91.82945,
            26.118847
          ],
          [
            91.829084,
            26.118914
          ],
          [
            91.828795,
            26.11897
          ],
          [
            91.828344,
            26.119051
          ],
          [
            91.828076,
            26.119102
          ],
          [
            91.827838,
            26.119146
          ],
          [
            91.827488,
            26.119213
          ],
          [
            91.827172,
            26.119278
          ],
          [
            91.826828,
            26.119347
          ],
          [
            91.826375,
            26.119435
          ],
          [
            91.826076,
            26.119485
          ],
          [
            91.825848,
            26.119524
          ],
          [
            91.825625,
            26.11956
          ],
          [
            91.825325,
            26.119613
          ],
          [
            91.825129,
            26.119654
          ]
        ]
      }
    },
    {
      "type": "Feature",
      "id": "RE-OSM-0516",
      "properties": {
        "id": "RE-OSM-0516",
        "name": "Mahapurush Srimanta Sankardeva Path",
        "osmId": 1295700053,
        "highway": "primary",
        "distanceToHotspotM": 1429.7,
        "nearestHotspot": "Rukminigaon",
        "riskNow": "NORMAL",
        "riskPlus1Hr": "NORMAL"
      },
      "geometry": {
        "type": "LineString",
        "coordinates": [
          [
            91.787808,
            26.147649
          ],
          [
            91.788481,
            26.147142
          ]
        ]
      }
    },
    {
      "type": "Feature",
      "id": "RE-OSM-0517",
      "properties": {
        "id": "RE-OSM-0517",
        "name": "Tertiary Road",
        "osmId": 1298049683,
        "highway": "tertiary",
        "distanceToHotspotM": 2736.0,
        "nearestHotspot": "Khanapara Basin",
        "riskNow": "NORMAL",
        "riskPlus1Hr": "NORMAL"
      },
      "geometry": {
        "type": "LineString",
        "coordinates": [
          [
            91.79238,
            26.111595
          ],
          [
            91.792653,
            26.111758
          ]
        ]
      }
    },
    {
      "type": "Feature",
      "id": "RE-OSM-0518",
      "properties": {
        "id": "RE-OSM-0518",
        "name": "Tertiary Road",
        "osmId": 1298049684,
        "highway": "tertiary",
        "distanceToHotspotM": 2765.9,
        "nearestHotspot": "Khanapara Basin",
        "riskNow": "NORMAL",
        "riskPlus1Hr": "NORMAL"
      },
      "geometry": {
        "type": "LineString",
        "coordinates": [
          [
            91.792606,
            26.111356
          ],
          [
            91.792379,
            26.111493
          ]
        ]
      }
    },
    {
      "type": "Feature",
      "id": "RE-OSM-0519",
      "properties": {
        "id": "RE-OSM-0519",
        "name": "NH37",
        "osmId": 1298049685,
        "highway": "trunk",
        "distanceToHotspotM": 2768.7,
        "nearestHotspot": "Khanapara Basin",
        "riskNow": "NORMAL",
        "riskPlus1Hr": "NORMAL"
      },
      "geometry": {
        "type": "LineString",
        "coordinates": [
          [
            91.791735,
            26.111559
          ],
          [
            91.79238,
            26.111595
          ]
        ]
      }
    },
    {
      "type": "Feature",
      "id": "RE-OSM-0520",
      "properties": {
        "id": "RE-OSM-0520",
        "name": "NH37",
        "osmId": 1298049686,
        "highway": "trunk",
        "distanceToHotspotM": 2775.4,
        "nearestHotspot": "Khanapara Basin",
        "riskNow": "NORMAL",
        "riskPlus1Hr": "NORMAL"
      },
      "geometry": {
        "type": "LineString",
        "coordinates": [
          [
            91.792379,
            26.111493
          ],
          [
            91.791732,
            26.111444
          ]
        ]
      }
    },
    {
      "type": "Feature",
      "id": "RE-OSM-0521",
      "properties": {
        "id": "RE-OSM-0521",
        "name": "NH37",
        "osmId": 1298049687,
        "highway": "tertiary",
        "distanceToHotspotM": 2313.5,
        "nearestHotspot": "Khanapara Basin",
        "riskNow": "NORMAL",
        "riskPlus1Hr": "NORMAL"
      },
      "geometry": {
        "type": "LineString",
        "coordinates": [
          [
            91.797812,
            26.112046
          ],
          [
            91.797731,
            26.112032
          ]
        ]
      }
    },
    {
      "type": "Feature",
      "id": "RE-OSM-0522",
      "properties": {
        "id": "RE-OSM-0522",
        "name": "NH37",
        "osmId": 1298049688,
        "highway": "tertiary",
        "distanceToHotspotM": 2784.3,
        "nearestHotspot": "Hatigaon - Bhetapara",
        "riskNow": "NORMAL",
        "riskPlus1Hr": "NORMAL"
      },
      "geometry": {
        "type": "LineString",
        "coordinates": [
          [
            91.791278,
            26.111286
          ],
          [
            91.79068,
            26.111262
          ]
        ]
      }
    },
    {
      "type": "Feature",
      "id": "RE-OSM-0523",
      "properties": {
        "id": "RE-OSM-0523",
        "name": "NH37",
        "osmId": 1298049689,
        "highway": "tertiary",
        "distanceToHotspotM": 2807.4,
        "nearestHotspot": "Hatigaon - Bhetapara",
        "riskNow": "NORMAL",
        "riskPlus1Hr": "NORMAL"
      },
      "geometry": {
        "type": "LineString",
        "coordinates": [
          [
            91.791624,
            26.111301
          ],
          [
            91.791278,
            26.111286
          ]
        ]
      }
    },
    {
      "type": "Feature",
      "id": "RE-OSM-0524",
      "properties": {
        "id": "RE-OSM-0524",
        "name": "Maligaon Flyover",
        "osmId": 1300169031,
        "highway": "primary",
        "distanceToHotspotM": 1476.6,
        "nearestHotspot": "Bharalumukh",
        "riskNow": "NORMAL",
        "riskPlus1Hr": "NORMAL"
      },
      "geometry": {
        "type": "LineString",
        "coordinates": [
          [
            91.694016,
            26.15914
          ],
          [
            91.694763,
            26.159147
          ],
          [
            91.69516,
            26.159129
          ],
          [
            91.695803,
            26.159107
          ],
          [
            91.696202,
            26.159105
          ],
          [
            91.696926,
            26.159111
          ],
          [
            91.697457,
            26.159137
          ],
          [
            91.698017,
            26.159173
          ],
          [
            91.698386,
            26.159202
          ],
          [
            91.699078,
            26.159263
          ],
          [
            91.700113,
            26.159354
          ],
          [
            91.700546,
            26.159391
          ],
          [
            91.700646,
            26.159399
          ],
          [
            91.701208,
            26.159465
          ],
          [
            91.701463,
            26.159491
          ],
          [
            91.70197,
            26.159544
          ],
          [
            91.703189,
            26.159668
          ],
          [
            91.704423,
            26.15981
          ],
          [
            91.704577,
            26.159829
          ],
          [
            91.704753,
            26.159849
          ],
          [
            91.704857,
            26.159861
          ],
          [
            91.705266,
            26.159901
          ],
          [
            91.70557,
            26.159937
          ],
          [
            91.706195,
            26.16
          ],
          [
            91.706729,
            26.160065
          ],
          [
            91.706895,
            26.160088
          ],
          [
            91.70699,
            26.160102
          ],
          [
            91.707643,
            26.160226
          ],
          [
            91.707929,
            26.16031
          ],
          [
            91.709041,
            26.160663
          ],
          [
            91.709323,
            26.160748
          ],
          [
            91.709596,
            26.160823
          ],
          [
            91.709983,
            26.160937
          ],
          [
            91.710766,
            26.161125
          ],
          [
            91.711444,
            26.161295
          ],
          [
            91.711773,
            26.161401
          ],
          [
            91.712051,
            26.161546
          ],
          [
            91.712651,
            26.161956
          ],
          [
            91.712987,
            26.162192
          ],
          [
            91.713059,
            26.162245
          ],
          [
            91.713334,
            26.16246
          ],
          [
            91.71375,
            26.162775
          ],
          [
            91.714174,
            26.163105
          ],
          [
            91.71445,
            26.163314
          ],
          [
            91.71486,
            26.163638
          ],
          [
            91.714988,
            26.163741
          ],
          [
            91.715498,
            26.164133
          ],
          [
            91.715677,
            26.164276
          ],
          [
            91.715777,
            26.16435
          ]
        ]
      }
    },
    {
      "type": "Feature",
      "id": "RE-OSM-0525",
      "properties": {
        "id": "RE-OSM-0525",
        "name": "Hem Baruah Road",
        "osmId": 1303628858,
        "highway": "tertiary",
        "distanceToHotspotM": 2095.6,
        "nearestHotspot": "Bharalumukh",
        "riskNow": "NORMAL",
        "riskPlus1Hr": "NORMAL"
      },
      "geometry": {
        "type": "LineString",
        "coordinates": [
          [
            91.742892,
            26.186418
          ],
          [
            91.742185,
            26.186031
          ]
        ]
      }
    },
    {
      "type": "Feature",
      "id": "RE-OSM-0526",
      "properties": {
        "id": "RE-OSM-0526",
        "name": "M.G. Road",
        "osmId": 1303628859,
        "highway": "primary",
        "distanceToHotspotM": 2153.7,
        "nearestHotspot": "Bharalumukh",
        "riskNow": "NORMAL",
        "riskPlus1Hr": "NORMAL"
      },
      "geometry": {
        "type": "LineString",
        "coordinates": [
          [
            91.742303,
            26.187821
          ],
          [
            91.741848,
            26.187646
          ],
          [
            91.741468,
            26.187454
          ]
        ]
      }
    },
    {
      "type": "Feature",
      "id": "RE-OSM-0527",
      "properties": {
        "id": "RE-OSM-0527",
        "name": "Tertiary Road",
        "osmId": 1303630934,
        "highway": "tertiary",
        "distanceToHotspotM": 2513.3,
        "nearestHotspot": "Hatigaon - Bhetapara",
        "riskNow": "NORMAL",
        "riskPlus1Hr": "NORMAL"
      },
      "geometry": {
        "type": "LineString",
        "coordinates": [
          [
            91.777307,
            26.111349
          ],
          [
            91.777832,
            26.11136
          ],
          [
            91.778452,
            26.111381
          ],
          [
            91.778662,
            26.111386
          ],
          [
            91.778914,
            26.111393
          ],
          [
            91.779112,
            26.111398
          ],
          [
            91.782392,
            26.111481
          ],
          [
            91.782886,
            26.111503
          ],
          [
            91.78464,
            26.111561
          ],
          [
            91.786094,
            26.111604
          ],
          [
            91.787086,
            26.111633
          ],
          [
            91.787488,
            26.111645
          ],
          [
            91.788188,
            26.111665
          ],
          [
            91.788311,
            26.111667
          ]
        ]
      }
    },
    {
      "type": "Feature",
      "id": "RE-OSM-0528",
      "properties": {
        "id": "RE-OSM-0528",
        "name": "Trunk_link Road",
        "osmId": 1303630935,
        "highway": "trunk_link",
        "distanceToHotspotM": 2524.3,
        "nearestHotspot": "Hatigaon - Bhetapara",
        "riskNow": "NORMAL",
        "riskPlus1Hr": "NORMAL"
      },
      "geometry": {
        "type": "LineString",
        "coordinates": [
          [
            91.777307,
            26.111349
          ],
          [
            91.777382,
            26.1112
          ]
        ]
      }
    },
    {
      "type": "Feature",
      "id": "RE-OSM-0529",
      "properties": {
        "id": "RE-OSM-0529",
        "name": "Tertiary Road",
        "osmId": 1303630936,
        "highway": "tertiary",
        "distanceToHotspotM": 2524.3,
        "nearestHotspot": "Hatigaon - Bhetapara",
        "riskNow": "NORMAL",
        "riskPlus1Hr": "NORMAL"
      },
      "geometry": {
        "type": "LineString",
        "coordinates": [
          [
            91.765531,
            26.111499
          ],
          [
            91.766813,
            26.111519
          ],
          [
            91.76712,
            26.111512
          ],
          [
            91.767157,
            26.111511
          ],
          [
            91.768233,
            26.111486
          ],
          [
            91.769395,
            26.111458
          ],
          [
            91.770386,
            26.111435
          ],
          [
            91.771636,
            26.111405
          ],
          [
            91.772579,
            26.111383
          ],
          [
            91.773654,
            26.111371
          ],
          [
            91.773939,
            26.111367
          ],
          [
            91.773999,
            26.111367
          ],
          [
            91.774505,
            26.111361
          ],
          [
            91.775694,
            26.111347
          ],
          [
            91.776531,
            26.111331
          ],
          [
            91.776624,
            26.111334
          ],
          [
            91.777261,
            26.111348
          ],
          [
            91.777307,
            26.111349
          ]
        ]
      }
    },
    {
      "type": "Feature",
      "id": "RE-OSM-0530",
      "properties": {
        "id": "RE-OSM-0530",
        "name": "NH37",
        "osmId": 1303630938,
        "highway": "tertiary",
        "distanceToHotspotM": 2879.4,
        "nearestHotspot": "Hatigaon - Bhetapara",
        "riskNow": "NORMAL",
        "riskPlus1Hr": "NORMAL"
      },
      "geometry": {
        "type": "LineString",
        "coordinates": [
          [
            91.765602,
            26.111068
          ],
          [
            91.764819,
            26.111123
          ],
          [
            91.762937,
            26.111177
          ],
          [
            91.762604,
            26.1112
          ],
          [
            91.758124,
            26.111333
          ]
        ]
      }
    },
    {
      "type": "Feature",
      "id": "RE-OSM-0531",
      "properties": {
        "id": "RE-OSM-0531",
        "name": "Trunk_link Road",
        "osmId": 1303630940,
        "highway": "trunk_link",
        "distanceToHotspotM": 2555.4,
        "nearestHotspot": "Hatigaon - Bhetapara",
        "riskNow": "NORMAL",
        "riskPlus1Hr": "NORMAL"
      },
      "geometry": {
        "type": "LineString",
        "coordinates": [
          [
            91.777476,
            26.111059
          ],
          [
            91.777479,
            26.110893
          ]
        ]
      }
    },
    {
      "type": "Feature",
      "id": "RE-OSM-0532",
      "properties": {
        "id": "RE-OSM-0532",
        "name": "NH37",
        "osmId": 1303630941,
        "highway": "tertiary",
        "distanceToHotspotM": 2561.4,
        "nearestHotspot": "Hatigaon - Bhetapara",
        "riskNow": "NORMAL",
        "riskPlus1Hr": "NORMAL"
      },
      "geometry": {
        "type": "LineString",
        "coordinates": [
          [
            91.788371,
            26.111231
          ],
          [
            91.787721,
            26.111223
          ],
          [
            91.786868,
            26.111204
          ],
          [
            91.786496,
            26.111196
          ],
          [
            91.786182,
            26.111189
          ],
          [
            91.786036,
            26.111186
          ],
          [
            91.785662,
            26.111159
          ],
          [
            91.784945,
            26.111125
          ],
          [
            91.783998,
            26.111092
          ],
          [
            91.783517,
            26.111078
          ],
          [
            91.782289,
            26.11106
          ],
          [
            91.781855,
            26.111049
          ],
          [
            91.779631,
            26.110972
          ],
          [
            91.779214,
            26.110957
          ],
          [
            91.779139,
            26.110955
          ],
          [
            91.778913,
            26.11094
          ],
          [
            91.777857,
            26.110902
          ],
          [
            91.777479,
            26.110893
          ]
        ]
      }
    },
    {
      "type": "Feature",
      "id": "RE-OSM-0533",
      "properties": {
        "id": "RE-OSM-0533",
        "name": "Flyover",
        "osmId": 1303632308,
        "highway": "trunk",
        "distanceToHotspotM": 2549.4,
        "nearestHotspot": "Hatigaon - Bhetapara",
        "riskNow": "NORMAL",
        "riskPlus1Hr": "NORMAL"
      },
      "geometry": {
        "type": "LineString",
        "coordinates": [
          [
            91.767248,
            26.111393
          ],
          [
            91.776304,
            26.111201
          ]
        ]
      }
    },
    {
      "type": "Feature",
      "id": "RE-OSM-0534",
      "properties": {
        "id": "RE-OSM-0534",
        "name": "NH27",
        "osmId": 1303632309,
        "highway": "trunk",
        "distanceToHotspotM": 2551.6,
        "nearestHotspot": "Hatigaon - Bhetapara",
        "riskNow": "NORMAL",
        "riskPlus1Hr": "NORMAL"
      },
      "geometry": {
        "type": "LineString",
        "coordinates": [
          [
            91.791264,
            26.111433
          ],
          [
            91.789598,
            26.111328
          ],
          [
            91.789004,
            26.111304
          ],
          [
            91.788453,
            26.11129
          ],
          [
            91.788378,
            26.111286
          ],
          [
            91.787572,
            26.111287
          ],
          [
            91.786882,
            26.111282
          ],
          [
            91.78612,
            26.11127
          ],
          [
            91.785686,
            26.111249
          ],
          [
            91.78464,
            26.11121
          ],
          [
            91.783513,
            26.111183
          ],
          [
            91.7823,
            26.111135
          ],
          [
            91.779137,
            26.111053
          ],
          [
            91.77894,
            26.111042
          ],
          [
            91.777476,
            26.111059
          ]
        ]
      }
    },
    {
      "type": "Feature",
      "id": "RE-OSM-0535",
      "properties": {
        "id": "RE-OSM-0535",
        "name": "Flyover",
        "osmId": 1303632311,
        "highway": "trunk",
        "distanceToHotspotM": 2566.1,
        "nearestHotspot": "Hatigaon - Bhetapara",
        "riskNow": "NORMAL",
        "riskPlus1Hr": "NORMAL"
      },
      "geometry": {
        "type": "LineString",
        "coordinates": [
          [
            91.776278,
            26.111052
          ],
          [
            91.767271,
            26.111233
          ]
        ]
      }
    },
    {
      "type": "Feature",
      "id": "RE-OSM-0536",
      "properties": {
        "id": "RE-OSM-0536",
        "name": "Ananda Ram Baruah Road",
        "osmId": 1303633144,
        "highway": "tertiary",
        "distanceToHotspotM": 2171.3,
        "nearestHotspot": "Ulubari",
        "riskNow": "NORMAL",
        "riskPlus1Hr": "NORMAL"
      },
      "geometry": {
        "type": "LineString",
        "coordinates": [
          [
            91.746583,
            26.185589
          ],
          [
            91.746783,
            26.184631
          ],
          [
            91.746859,
            26.18434
          ]
        ]
      }
    },
    {
      "type": "Feature",
      "id": "RE-OSM-0537",
      "properties": {
        "id": "RE-OSM-0537",
        "name": "Tertiary Road",
        "osmId": 1303634357,
        "highway": "tertiary",
        "distanceToHotspotM": 2779.6,
        "nearestHotspot": "Boragaon Bypass",
        "riskNow": "NORMAL",
        "riskPlus1Hr": "NORMAL"
      },
      "geometry": {
        "type": "LineString",
        "coordinates": [
          [
            91.701367,
            26.159278
          ],
          [
            91.701026,
            26.159272
          ],
          [
            91.700611,
            26.159236
          ]
        ]
      }
    },
    {
      "type": "Feature",
      "id": "RE-OSM-0538",
      "properties": {
        "id": "RE-OSM-0538",
        "name": "Mahapurush Srimanta Sankardeva Path",
        "osmId": 1303636913,
        "highway": "primary",
        "distanceToHotspotM": 1311.3,
        "nearestHotspot": "Rukminigaon",
        "riskNow": "NORMAL",
        "riskPlus1Hr": "NORMAL"
      },
      "geometry": {
        "type": "LineString",
        "coordinates": [
          [
            91.788481,
            26.147142
          ],
          [
            91.789374,
            26.146434
          ]
        ]
      }
    },
    {
      "type": "Feature",
      "id": "RE-OSM-0539",
      "properties": {
        "id": "RE-OSM-0539",
        "name": "Tertiary Road",
        "osmId": 1303638102,
        "highway": "tertiary",
        "distanceToHotspotM": 1202.6,
        "nearestHotspot": "Rukminigaon",
        "riskNow": "NORMAL",
        "riskPlus1Hr": "MODERATE"
      },
      "geometry": {
        "type": "LineString",
        "coordinates": [
          [
            91.795384,
            26.129481
          ],
          [
            91.79542,
            26.129471
          ],
          [
            91.795483,
            26.129474
          ]
        ]
      }
    },
    {
      "type": "Feature",
      "id": "RE-OSM-0540",
      "properties": {
        "id": "RE-OSM-0540",
        "name": "Kumar Bhaskar Varma Setu",
        "osmId": 1303639550,
        "highway": "primary",
        "distanceToHotspotM": 119.5,
        "nearestHotspot": "Bharalumukh",
        "riskNow": "HIGH RISK",
        "riskPlus1Hr": "BLOCKED"
      },
      "geometry": {
        "type": "LineString",
        "coordinates": [
          [
            91.72761,
            26.173096
          ],
          [
            91.727852,
            26.173387
          ],
          [
            91.727976,
            26.173559
          ],
          [
            91.728084,
            26.173754
          ],
          [
            91.728157,
            26.173956
          ],
          [
            91.728215,
            26.174293
          ],
          [
            91.72821,
            26.174522
          ],
          [
            91.72818,
            26.174718
          ],
          [
            91.728125,
            26.174915
          ],
          [
            91.728034,
            26.175106
          ],
          [
            91.727892,
            26.175335
          ],
          [
            91.727677,
            26.175603
          ],
          [
            91.718508,
            26.185643
          ],
          [
            91.71779,
            26.186639
          ],
          [
            91.717356,
            26.187445
          ],
          [
            91.716987,
            26.188303
          ],
          [
            91.715572,
            26.191934
          ],
          [
            91.715136,
            26.192711
          ],
          [
            91.715044,
            26.192875
          ],
          [
            91.7147,
            26.19323
          ],
          [
            91.713428,
            26.194541
          ],
          [
            91.712291,
            26.195724
          ],
          [
            91.712158,
            26.195899
          ],
          [
            91.711707,
            26.196726
          ],
          [
            91.711257,
            26.197866
          ],
          [
            91.710892,
            26.199246
          ],
          [
            91.710505,
            26.200704
          ],
          [
            91.710285,
            26.201536
          ],
          [
            91.709773,
            26.203469
          ],
          [
            91.709684,
            26.203883
          ],
          [
            91.709599,
            26.204691
          ],
          [
            91.70955,
            26.205871
          ],
          [
            91.709753,
            26.208705
          ],
          [
            91.709938,
            26.211268
          ],
          [
            91.710028,
            26.212512
          ],
          [
            91.709714,
            26.213908
          ],
          [
            91.70946,
            26.215033
          ],
          [
            91.708907,
            26.217489
          ],
          [
            91.708561,
            26.219022
          ],
          [
            91.708533,
            26.21915
          ],
          [
            91.708358,
            26.219923
          ],
          [
            91.708107,
            26.220435
          ],
          [
            91.707914,
            26.220729
          ],
          [
            91.707792,
            26.220853
          ],
          [
            91.707569,
            26.221078
          ],
          [
            91.707529,
            26.221118
          ],
          [
            91.707265,
            26.221198
          ],
          [
            91.70694,
            26.221297
          ],
          [
            91.706345,
            26.221243
          ],
          [
            91.703346,
            26.220972
          ],
          [
            91.699464,
            26.22062
          ]
        ]
      }
    },
    {
      "type": "Feature",
      "id": "RE-OSM-0541",
      "properties": {
        "id": "RE-OSM-0541",
        "name": "Primary_link Road",
        "osmId": 1303639551,
        "highway": "primary_link",
        "distanceToHotspotM": 893.4,
        "nearestHotspot": "Bharalumukh",
        "riskNow": "NORMAL",
        "riskPlus1Hr": "MODERATE"
      },
      "geometry": {
        "type": "LineString",
        "coordinates": [
          [
            91.73354,
            26.178463
          ],
          [
            91.733749,
            26.178437
          ],
          [
            91.733872,
            26.178384
          ]
        ]
      }
    },
    {
      "type": "Feature",
      "id": "RE-OSM-0542",
      "properties": {
        "id": "RE-OSM-0542",
        "name": "Primary_link Road",
        "osmId": 1303639552,
        "highway": "primary_link",
        "distanceToHotspotM": 914.9,
        "nearestHotspot": "Bharalumukh",
        "riskNow": "NORMAL",
        "riskPlus1Hr": "MODERATE"
      },
      "geometry": {
        "type": "LineString",
        "coordinates": [
          [
            91.734061,
            26.178154
          ],
          [
            91.734411,
            26.178615
          ]
        ]
      }
    },
    {
      "type": "Feature",
      "id": "RE-OSM-0543",
      "properties": {
        "id": "RE-OSM-0543",
        "name": "Primary_link Road",
        "osmId": 1303639553,
        "highway": "primary_link",
        "distanceToHotspotM": 913.9,
        "nearestHotspot": "Bharalumukh",
        "riskNow": "NORMAL",
        "riskPlus1Hr": "MODERATE"
      },
      "geometry": {
        "type": "LineString",
        "coordinates": [
          [
            91.734061,
            26.178154
          ],
          [
            91.734098,
            26.178089
          ]
        ]
      }
    },
    {
      "type": "Feature",
      "id": "RE-OSM-0544",
      "properties": {
        "id": "RE-OSM-0544",
        "name": "Assam Trunk Rd",
        "osmId": 1303639554,
        "highway": "primary",
        "distanceToHotspotM": 110.1,
        "nearestHotspot": "Bharalumukh",
        "riskNow": "HIGH RISK",
        "riskPlus1Hr": "BLOCKED"
      },
      "geometry": {
        "type": "LineString",
        "coordinates": [
          [
            91.724188,
            26.170808
          ],
          [
            91.72419,
            26.171367
          ],
          [
            91.724219,
            26.171478
          ],
          [
            91.724288,
            26.171572
          ],
          [
            91.724359,
            26.171616
          ],
          [
            91.724431,
            26.171644
          ],
          [
            91.724503,
            26.171652
          ],
          [
            91.72472,
            26.171649
          ],
          [
            91.725063,
            26.171707
          ],
          [
            91.725301,
            26.171754
          ],
          [
            91.725539,
            26.171854
          ],
          [
            91.726746,
            26.172535
          ],
          [
            91.72761,
            26.173096
          ],
          [
            91.728724,
            26.173861
          ]
        ]
      }
    },
    {
      "type": "Feature",
      "id": "RE-OSM-0545",
      "properties": {
        "id": "RE-OSM-0545",
        "name": "Assam Trunk Rd",
        "osmId": 1303639555,
        "highway": "primary",
        "distanceToHotspotM": 931.8,
        "nearestHotspot": "Bharalumukh",
        "riskNow": "NORMAL",
        "riskPlus1Hr": "MODERATE"
      },
      "geometry": {
        "type": "LineString",
        "coordinates": [
          [
            91.733959,
            26.17854
          ],
          [
            91.734411,
            26.178615
          ],
          [
            91.734686,
            26.17895
          ]
        ]
      }
    },
    {
      "type": "Feature",
      "id": "RE-OSM-0546",
      "properties": {
        "id": "RE-OSM-0546",
        "name": "Primary_link Road",
        "osmId": 1303639556,
        "highway": "primary_link",
        "distanceToHotspotM": 914.4,
        "nearestHotspot": "Bharalumukh",
        "riskNow": "NORMAL",
        "riskPlus1Hr": "MODERATE"
      },
      "geometry": {
        "type": "LineString",
        "coordinates": [
          [
            91.733872,
            26.178384
          ],
          [
            91.73395,
            26.178332
          ],
          [
            91.734012,
            26.178254
          ],
          [
            91.734061,
            26.178154
          ]
        ]
      }
    },
    {
      "type": "Feature",
      "id": "RE-OSM-0547",
      "properties": {
        "id": "RE-OSM-0547",
        "name": "Assam Trunk Rd",
        "osmId": 1303639558,
        "highway": "primary",
        "distanceToHotspotM": 377.9,
        "nearestHotspot": "Bharalumukh",
        "riskNow": "MODERATE",
        "riskPlus1Hr": "HIGH RISK"
      },
      "geometry": {
        "type": "LineString",
        "coordinates": [
          [
            91.724165,
            26.170589
          ],
          [
            91.724184,
            26.170694
          ],
          [
            91.724188,
            26.170808
          ]
        ]
      }
    },
    {
      "type": "Feature",
      "id": "RE-OSM-0548",
      "properties": {
        "id": "RE-OSM-0548",
        "name": "Assam Trunk Rd",
        "osmId": 1303639559,
        "highway": "primary",
        "distanceToHotspotM": 410.5,
        "nearestHotspot": "Bharalumukh",
        "riskNow": "MODERATE",
        "riskPlus1Hr": "HIGH RISK"
      },
      "geometry": {
        "type": "LineString",
        "coordinates": [
          [
            91.734061,
            26.178154
          ],
          [
            91.733169,
            26.177185
          ],
          [
            91.732379,
            26.176363
          ],
          [
            91.731429,
            26.175505
          ],
          [
            91.730722,
            26.174882
          ],
          [
            91.730602,
            26.174754
          ],
          [
            91.730559,
            26.17465
          ],
          [
            91.730531,
            26.174581
          ],
          [
            91.730521,
            26.174465
          ],
          [
            91.730553,
            26.174194
          ],
          [
            91.730675,
            26.17341
          ],
          [
            91.730683,
            26.17328
          ],
          [
            91.730662,
            26.173222
          ],
          [
            91.730596,
            26.173164
          ]
        ]
      }
    },
    {
      "type": "Feature",
      "id": "RE-OSM-0549",
      "properties": {
        "id": "RE-OSM-0549",
        "name": "Assam Trunk Rd",
        "osmId": 1303639560,
        "highway": "primary",
        "distanceToHotspotM": 184.3,
        "nearestHotspot": "Bharalumukh",
        "riskNow": "HIGH RISK",
        "riskPlus1Hr": "BLOCKED"
      },
      "geometry": {
        "type": "LineString",
        "coordinates": [
          [
            91.730296,
            26.173045
          ],
          [
            91.729955,
            26.172897
          ],
          [
            91.729657,
            26.172783
          ],
          [
            91.728332,
            26.172376
          ],
          [
            91.727836,
            26.172201
          ],
          [
            91.726988,
            26.171902
          ],
          [
            91.726061,
            26.171591
          ],
          [
            91.725335,
            26.171313
          ],
          [
            91.724901,
            26.171098
          ],
          [
            91.724645,
            26.170948
          ],
          [
            91.724367,
            26.170751
          ],
          [
            91.724165,
            26.170589
          ]
        ]
      }
    },
    {
      "type": "Feature",
      "id": "RE-OSM-0550",
      "properties": {
        "id": "RE-OSM-0550",
        "name": "Assam Trunk Rd",
        "osmId": 1303639561,
        "highway": "primary",
        "distanceToHotspotM": 382.2,
        "nearestHotspot": "Bharalumukh",
        "riskNow": "MODERATE",
        "riskPlus1Hr": "HIGH RISK"
      },
      "geometry": {
        "type": "LineString",
        "coordinates": [
          [
            91.730596,
            26.173164
          ],
          [
            91.730296,
            26.173045
          ]
        ]
      }
    },
    {
      "type": "Feature",
      "id": "RE-OSM-0551",
      "properties": {
        "id": "RE-OSM-0551",
        "name": "Tertiary Road",
        "osmId": 1303652893,
        "highway": "tertiary",
        "distanceToHotspotM": 361.3,
        "nearestHotspot": "Zoo Road",
        "riskNow": "MODERATE",
        "riskPlus1Hr": "HIGH RISK"
      },
      "geometry": {
        "type": "LineString",
        "coordinates": [
          [
            91.779567,
            26.166033
          ],
          [
            91.779546,
            26.166092
          ],
          [
            91.779424,
            26.166482
          ],
          [
            91.779179,
            26.167228
          ],
          [
            91.779173,
            26.167248
          ],
          [
            91.779001,
            26.167777
          ],
          [
            91.77887,
            26.168181
          ],
          [
            91.778706,
            26.168656
          ],
          [
            91.778669,
            26.168765
          ],
          [
            91.778652,
            26.168819
          ],
          [
            91.77858,
            26.169039
          ],
          [
            91.778359,
            26.169713
          ],
          [
            91.778327,
            26.169807
          ],
          [
            91.778201,
            26.170177
          ],
          [
            91.77809,
            26.170472
          ],
          [
            91.778019,
            26.170659
          ],
          [
            91.777862,
            26.171088
          ],
          [
            91.777573,
            26.171863
          ],
          [
            91.777319,
            26.172654
          ],
          [
            91.777161,
            26.17312
          ],
          [
            91.777157,
            26.173132
          ],
          [
            91.777023,
            26.173537
          ],
          [
            91.776975,
            26.173682
          ],
          [
            91.776869,
            26.173989
          ],
          [
            91.776798,
            26.174195
          ],
          [
            91.776737,
            26.1744
          ],
          [
            91.776686,
            26.17457
          ],
          [
            91.776678,
            26.174596
          ],
          [
            91.77662,
            26.174802
          ],
          [
            91.776577,
            26.174912
          ],
          [
            91.776408,
            26.175439
          ],
          [
            91.776332,
            26.175673
          ],
          [
            91.776226,
            26.175986
          ],
          [
            91.77606,
            26.176479
          ],
          [
            91.776017,
            26.176614
          ],
          [
            91.775888,
            26.177023
          ],
          [
            91.775833,
            26.177201
          ],
          [
            91.775815,
            26.177472
          ]
        ]
      }
    },
    {
      "type": "Feature",
      "id": "RE-OSM-0552",
      "properties": {
        "id": "RE-OSM-0552",
        "name": "Tertiary Road",
        "osmId": 1303652894,
        "highway": "tertiary",
        "distanceToHotspotM": 349.0,
        "nearestHotspot": "Zoo Road",
        "riskNow": "HIGH RISK",
        "riskPlus1Hr": "BLOCKED"
      },
      "geometry": {
        "type": "LineString",
        "coordinates": [
          [
            91.775904,
            26.17739
          ],
          [
            91.776001,
            26.177267
          ],
          [
            91.776078,
            26.177015
          ],
          [
            91.776222,
            26.176543
          ],
          [
            91.776233,
            26.17651
          ],
          [
            91.776343,
            26.176165
          ],
          [
            91.776448,
            26.175838
          ],
          [
            91.776458,
            26.17581
          ],
          [
            91.7767,
            26.175075
          ],
          [
            91.776763,
            26.174886
          ],
          [
            91.776771,
            26.174851
          ],
          [
            91.776826,
            26.174611
          ],
          [
            91.776852,
            26.174498
          ],
          [
            91.77701,
            26.173977
          ],
          [
            91.777177,
            26.173464
          ],
          [
            91.777335,
            26.17299
          ],
          [
            91.777382,
            26.172851
          ],
          [
            91.777485,
            26.172551
          ],
          [
            91.777585,
            26.172246
          ],
          [
            91.777683,
            26.171953
          ],
          [
            91.777715,
            26.171862
          ],
          [
            91.777798,
            26.171621
          ],
          [
            91.777837,
            26.171509
          ],
          [
            91.777987,
            26.171138
          ],
          [
            91.778094,
            26.170873
          ],
          [
            91.77829,
            26.170328
          ],
          [
            91.778314,
            26.17026
          ],
          [
            91.778462,
            26.169839
          ],
          [
            91.778555,
            26.169572
          ],
          [
            91.778622,
            26.16937
          ],
          [
            91.778798,
            26.168846
          ],
          [
            91.779089,
            26.167959
          ],
          [
            91.779151,
            26.167763
          ],
          [
            91.779258,
            26.167428
          ],
          [
            91.779275,
            26.167374
          ],
          [
            91.779421,
            26.166927
          ],
          [
            91.779558,
            26.166502
          ],
          [
            91.779566,
            26.166478
          ],
          [
            91.779695,
            26.166089
          ],
          [
            91.779706,
            26.166054
          ]
        ]
      }
    },
    {
      "type": "Feature",
      "id": "RE-OSM-0553",
      "properties": {
        "id": "RE-OSM-0553",
        "name": "Radha Gobinda Baruah Road",
        "osmId": 1303652896,
        "highway": "secondary",
        "distanceToHotspotM": 399.4,
        "nearestHotspot": "Anil Nagar",
        "riskNow": "MODERATE",
        "riskPlus1Hr": "HIGH RISK"
      },
      "geometry": {
        "type": "LineString",
        "coordinates": [
          [
            91.775724,
            26.17799
          ],
          [
            91.775893,
            26.177429
          ],
          [
            91.775904,
            26.17739
          ]
        ]
      }
    },
    {
      "type": "Feature",
      "id": "RE-OSM-0554",
      "properties": {
        "id": "RE-OSM-0554",
        "name": "Tertiary_link Road",
        "osmId": 1303653241,
        "highway": "tertiary_link",
        "distanceToHotspotM": 1369.3,
        "nearestHotspot": "Khanapara Basin",
        "riskNow": "NORMAL",
        "riskPlus1Hr": "NORMAL"
      },
      "geometry": {
        "type": "LineString",
        "coordinates": [
          [
            91.805993,
            26.116714
          ],
          [
            91.805918,
            26.116711
          ]
        ]
      }
    },
    {
      "type": "Feature",
      "id": "RE-OSM-0555",
      "properties": {
        "id": "RE-OSM-0555",
        "name": "Mother Teresa Road Flyover",
        "osmId": 1303657443,
        "highway": "secondary",
        "distanceToHotspotM": 428.3,
        "nearestHotspot": "Anil Nagar",
        "riskNow": "MODERATE",
        "riskPlus1Hr": "HIGH RISK"
      },
      "geometry": {
        "type": "LineString",
        "coordinates": [
          [
            91.776724,
            26.174817
          ],
          [
            91.776948,
            26.174784
          ],
          [
            91.777029,
            26.174773
          ],
          [
            91.77709,
            26.174769
          ],
          [
            91.777279,
            26.174766
          ],
          [
            91.777558,
            26.174776
          ],
          [
            91.777805,
            26.174776
          ],
          [
            91.7779,
            26.174771
          ],
          [
            91.777959,
            26.174764
          ],
          [
            91.77802,
            26.174753
          ],
          [
            91.778089,
            26.174736
          ],
          [
            91.778153,
            26.174717
          ],
          [
            91.778229,
            26.174688
          ],
          [
            91.778314,
            26.174646
          ],
          [
            91.778423,
            26.174581
          ],
          [
            91.77858,
            26.174465
          ],
          [
            91.779074,
            26.174066
          ],
          [
            91.779559,
            26.173656
          ]
        ]
      }
    },
    {
      "type": "Feature",
      "id": "RE-OSM-0556",
      "properties": {
        "id": "RE-OSM-0556",
        "name": "Mother Teresa Road Flyover",
        "osmId": 1303657444,
        "highway": "secondary",
        "distanceToHotspotM": 437.3,
        "nearestHotspot": "Anil Nagar",
        "riskNow": "MODERATE",
        "riskPlus1Hr": "HIGH RISK"
      },
      "geometry": {
        "type": "LineString",
        "coordinates": [
          [
            91.779527,
            26.173632
          ],
          [
            91.779207,
            26.173902
          ],
          [
            91.779043,
            26.17404
          ],
          [
            91.778554,
            26.174438
          ],
          [
            91.778382,
            26.174566
          ],
          [
            91.778286,
            26.174621
          ],
          [
            91.778149,
            26.174683
          ],
          [
            91.778042,
            26.174715
          ],
          [
            91.77794,
            26.174737
          ],
          [
            91.777825,
            26.174745
          ],
          [
            91.777675,
            26.174746
          ],
          [
            91.77755,
            26.174745
          ],
          [
            91.777295,
            26.174736
          ],
          [
            91.777089,
            26.174726
          ],
          [
            91.777034,
            26.174716
          ],
          [
            91.777001,
            26.17471
          ],
          [
            91.776916,
            26.174686
          ],
          [
            91.776862,
            26.174666
          ],
          [
            91.776772,
            26.174624
          ]
        ]
      }
    },
    {
      "type": "Feature",
      "id": "RE-OSM-0557",
      "properties": {
        "id": "RE-OSM-0557",
        "name": "Radha Gobinda Baruah Road",
        "osmId": 1303658393,
        "highway": "tertiary",
        "distanceToHotspotM": 281.4,
        "nearestHotspot": "Zoo Road",
        "riskNow": "HIGH RISK",
        "riskPlus1Hr": "BLOCKED"
      },
      "geometry": {
        "type": "LineString",
        "coordinates": [
          [
            91.779761,
            26.165879
          ],
          [
            91.779888,
            26.165499
          ],
          [
            91.779905,
            26.165448
          ],
          [
            91.780033,
            26.165067
          ],
          [
            91.780153,
            26.164708
          ],
          [
            91.780191,
            26.164596
          ],
          [
            91.780333,
            26.16418
          ],
          [
            91.780508,
            26.163665
          ],
          [
            91.780545,
            26.163556
          ],
          [
            91.780678,
            26.163129
          ],
          [
            91.780783,
            26.162805
          ],
          [
            91.780858,
            26.162576
          ],
          [
            91.780898,
            26.162452
          ],
          [
            91.78096,
            26.162263
          ],
          [
            91.781032,
            26.162043
          ],
          [
            91.781187,
            26.161597
          ],
          [
            91.781417,
            26.16093
          ],
          [
            91.78149,
            26.160716
          ],
          [
            91.78156,
            26.160509
          ],
          [
            91.781671,
            26.16016
          ],
          [
            91.781678,
            26.160029
          ]
        ]
      }
    },
    {
      "type": "Feature",
      "id": "RE-OSM-0558",
      "properties": {
        "id": "RE-OSM-0558",
        "name": "Tertiary Road",
        "osmId": 1303658395,
        "highway": "tertiary",
        "distanceToHotspotM": 337.7,
        "nearestHotspot": "Zoo Road",
        "riskNow": "HIGH RISK",
        "riskPlus1Hr": "BLOCKED"
      },
      "geometry": {
        "type": "LineString",
        "coordinates": [
          [
            91.779706,
            26.166054
          ],
          [
            91.779761,
            26.165879
          ]
        ]
      }
    },
    {
      "type": "Feature",
      "id": "RE-OSM-0559",
      "properties": {
        "id": "RE-OSM-0559",
        "name": "Radha Gobinda Baruah Road",
        "osmId": 1303658397,
        "highway": "tertiary",
        "distanceToHotspotM": 294.6,
        "nearestHotspot": "Zoo Road",
        "riskNow": "HIGH RISK",
        "riskPlus1Hr": "BLOCKED"
      },
      "geometry": {
        "type": "LineString",
        "coordinates": [
          [
            91.781633,
            26.159987
          ],
          [
            91.781495,
            26.160176
          ],
          [
            91.781377,
            26.16055
          ],
          [
            91.781134,
            26.161267
          ],
          [
            91.781115,
            26.161325
          ],
          [
            91.780998,
            26.161683
          ],
          [
            91.78091,
            26.161956
          ],
          [
            91.780847,
            26.162153
          ],
          [
            91.780765,
            26.162416
          ],
          [
            91.780744,
            26.162484
          ],
          [
            91.780707,
            26.162599
          ],
          [
            91.780568,
            26.163038
          ],
          [
            91.780547,
            26.163102
          ],
          [
            91.780345,
            26.163731
          ],
          [
            91.780309,
            26.163844
          ],
          [
            91.780147,
            26.16432
          ],
          [
            91.779943,
            26.164918
          ],
          [
            91.77972,
            26.165572
          ],
          [
            91.779618,
            26.165863
          ],
          [
            91.77961,
            26.165889
          ]
        ]
      }
    },
    {
      "type": "Feature",
      "id": "RE-OSM-0560",
      "properties": {
        "id": "RE-OSM-0560",
        "name": "Tertiary Road",
        "osmId": 1303658398,
        "highway": "tertiary",
        "distanceToHotspotM": 352.5,
        "nearestHotspot": "Zoo Road",
        "riskNow": "MODERATE",
        "riskPlus1Hr": "HIGH RISK"
      },
      "geometry": {
        "type": "LineString",
        "coordinates": [
          [
            91.77961,
            26.165889
          ],
          [
            91.779567,
            26.166033
          ]
        ]
      }
    },
    {
      "type": "Feature",
      "id": "RE-OSM-0561",
      "properties": {
        "id": "RE-OSM-0561",
        "name": "Primary Road",
        "osmId": 1303661728,
        "highway": "primary",
        "distanceToHotspotM": 2490.0,
        "nearestHotspot": "Ulubari",
        "riskNow": "NORMAL",
        "riskPlus1Hr": "NORMAL"
      },
      "geometry": {
        "type": "LineString",
        "coordinates": [
          [
            91.749835,
            26.190175
          ],
          [
            91.749876,
            26.190065
          ],
          [
            91.749939,
            26.189865
          ],
          [
            91.750017,
            26.189607
          ]
        ]
      }
    },
    {
      "type": "Feature",
      "id": "RE-OSM-0562",
      "properties": {
        "id": "RE-OSM-0562",
        "name": "G.N.B Road",
        "osmId": 1303662057,
        "highway": "secondary",
        "distanceToHotspotM": 1773.1,
        "nearestHotspot": "Ulubari",
        "riskNow": "NORMAL",
        "riskPlus1Hr": "NORMAL"
      },
      "geometry": {
        "type": "LineString",
        "coordinates": [
          [
            91.756631,
            26.184956
          ],
          [
            91.756541,
            26.184976
          ],
          [
            91.756414,
            26.184995
          ],
          [
            91.756379,
            26.185
          ]
        ]
      }
    },
    {
      "type": "Feature",
      "id": "RE-OSM-0563",
      "properties": {
        "id": "RE-OSM-0563",
        "name": "G.N.B Road",
        "osmId": 1303662058,
        "highway": "secondary",
        "distanceToHotspotM": 1784.1,
        "nearestHotspot": "Ulubari",
        "riskNow": "NORMAL",
        "riskPlus1Hr": "NORMAL"
      },
      "geometry": {
        "type": "LineString",
        "coordinates": [
          [
            91.756379,
            26.185
          ],
          [
            91.756315,
            26.185009
          ]
        ]
      }
    },
    {
      "type": "Feature",
      "id": "RE-OSM-0564",
      "properties": {
        "id": "RE-OSM-0564",
        "name": "Primary_link Road",
        "osmId": 1303670337,
        "highway": "primary_link",
        "distanceToHotspotM": 2029.0,
        "nearestHotspot": "Bharalumukh",
        "riskNow": "NORMAL",
        "riskPlus1Hr": "NORMAL"
      },
      "geometry": {
        "type": "LineString",
        "coordinates": [
          [
            91.740357,
            26.186854
          ],
          [
            91.740433,
            26.18679
          ]
        ]
      }
    },
    {
      "type": "Feature",
      "id": "RE-OSM-0565",
      "properties": {
        "id": "RE-OSM-0565",
        "name": "Tertiary Road",
        "osmId": 1303671848,
        "highway": "tertiary",
        "distanceToHotspotM": 418.4,
        "nearestHotspot": "Anil Nagar",
        "riskNow": "MODERATE",
        "riskPlus1Hr": "HIGH RISK"
      },
      "geometry": {
        "type": "LineString",
        "coordinates": [
          [
            91.77662,
            26.174802
          ],
          [
            91.776771,
            26.174851
          ],
          [
            91.777173,
            26.174807
          ],
          [
            91.777505,
            26.174809
          ],
          [
            91.777639,
            26.17481
          ],
          [
            91.777854,
            26.174813
          ],
          [
            91.778019,
            26.174793
          ],
          [
            91.778148,
            26.174758
          ],
          [
            91.778174,
            26.174752
          ],
          [
            91.778334,
            26.17468
          ],
          [
            91.778507,
            26.174565
          ],
          [
            91.778607,
            26.174485
          ],
          [
            91.778736,
            26.174382
          ],
          [
            91.779103,
            26.174083
          ],
          [
            91.779179,
            26.174022
          ],
          [
            91.779636,
            26.173645
          ],
          [
            91.779687,
            26.17356
          ]
        ]
      }
    },
    {
      "type": "Feature",
      "id": "RE-OSM-0566",
      "properties": {
        "id": "RE-OSM-0566",
        "name": "Tertiary Road",
        "osmId": 1303671849,
        "highway": "tertiary",
        "distanceToHotspotM": 430.4,
        "nearestHotspot": "Anil Nagar",
        "riskNow": "MODERATE",
        "riskPlus1Hr": "HIGH RISK"
      },
      "geometry": {
        "type": "LineString",
        "coordinates": [
          [
            91.779661,
            26.173514
          ],
          [
            91.779554,
            26.173554
          ],
          [
            91.779225,
            26.173827
          ],
          [
            91.77917,
            26.173871
          ],
          [
            91.778619,
            26.174326
          ],
          [
            91.778366,
            26.174532
          ],
          [
            91.778198,
            26.174625
          ],
          [
            91.778054,
            26.174672
          ],
          [
            91.777937,
            26.1747
          ],
          [
            91.77785,
            26.174712
          ],
          [
            91.777742,
            26.174714
          ],
          [
            91.777613,
            26.174711
          ],
          [
            91.777409,
            26.174706
          ],
          [
            91.777215,
            26.174699
          ],
          [
            91.777071,
            26.174677
          ],
          [
            91.776826,
            26.174611
          ],
          [
            91.776686,
            26.17457
          ]
        ]
      }
    },
    {
      "type": "Feature",
      "id": "RE-OSM-0567",
      "properties": {
        "id": "RE-OSM-0567",
        "name": "Tertiary Road",
        "osmId": 1303675854,
        "highway": "tertiary",
        "distanceToHotspotM": 1133.4,
        "nearestHotspot": "Anil Nagar",
        "riskNow": "NORMAL",
        "riskPlus1Hr": "MODERATE"
      },
      "geometry": {
        "type": "LineString",
        "coordinates": [
          [
            91.775487,
            26.185334
          ],
          [
            91.775526,
            26.185455
          ],
          [
            91.775579,
            26.185612
          ],
          [
            91.775701,
            26.185943
          ],
          [
            91.775815,
            26.186249
          ],
          [
            91.775856,
            26.186362
          ],
          [
            91.776331,
            26.18702
          ],
          [
            91.776961,
            26.18834
          ],
          [
            91.777366,
            26.189192
          ],
          [
            91.777481,
            26.189433
          ],
          [
            91.777512,
            26.189566
          ],
          [
            91.777649,
            26.190156
          ],
          [
            91.777663,
            26.190245
          ]
        ]
      }
    },
    {
      "type": "Feature",
      "id": "RE-OSM-0568",
      "properties": {
        "id": "RE-OSM-0568",
        "name": "M.G. Road",
        "osmId": 1303679232,
        "highway": "primary",
        "distanceToHotspotM": 2241.1,
        "nearestHotspot": "Bharalumukh",
        "riskNow": "NORMAL",
        "riskPlus1Hr": "NORMAL"
      },
      "geometry": {
        "type": "LineString",
        "coordinates": [
          [
            91.743331,
            26.18823
          ],
          [
            91.742303,
            26.187821
          ]
        ]
      }
    },
    {
      "type": "Feature",
      "id": "RE-OSM-0569",
      "properties": {
        "id": "RE-OSM-0569",
        "name": "Motilal Nehru Road",
        "osmId": 1303679233,
        "highway": "tertiary",
        "distanceToHotspotM": 2346.0,
        "nearestHotspot": "Bharalumukh",
        "riskNow": "NORMAL",
        "riskPlus1Hr": "NORMAL"
      },
      "geometry": {
        "type": "LineString",
        "coordinates": [
          [
            91.743331,
            26.18823
          ],
          [
            91.743304,
            26.188296
          ]
        ]
      }
    },
    {
      "type": "Feature",
      "id": "RE-OSM-0570",
      "properties": {
        "id": "RE-OSM-0570",
        "name": "Hatigaon Road",
        "osmId": 1303693394,
        "highway": "secondary",
        "distanceToHotspotM": 1170.7,
        "nearestHotspot": "Hatigaon - Bhetapara",
        "riskNow": "NORMAL",
        "riskPlus1Hr": "MODERATE"
      },
      "geometry": {
        "type": "LineString",
        "coordinates": [
          [
            91.786752,
            26.126099
          ],
          [
            91.786759,
            26.126019
          ],
          [
            91.78678,
            26.125553
          ],
          [
            91.786781,
            26.125537
          ],
          [
            91.786856,
            26.124858
          ],
          [
            91.786898,
            26.124539
          ],
          [
            91.78707,
            26.12323
          ],
          [
            91.787076,
            26.123186
          ]
        ]
      }
    },
    {
      "type": "Feature",
      "id": "RE-OSM-0571",
      "properties": {
        "id": "RE-OSM-0571",
        "name": "Primary_link Road",
        "osmId": 1303821774,
        "highway": "primary_link",
        "distanceToHotspotM": 1576.1,
        "nearestHotspot": "GS Road (Bhangagarh)",
        "riskNow": "NORMAL",
        "riskPlus1Hr": "NORMAL"
      },
      "geometry": {
        "type": "LineString",
        "coordinates": [
          [
            91.784706,
            26.150404
          ],
          [
            91.784705,
            26.150364
          ],
          [
            91.784702,
            26.150336
          ],
          [
            91.784683,
            26.150302
          ],
          [
            91.784666,
            26.150287
          ],
          [
            91.784633,
            26.150277
          ],
          [
            91.784585,
            26.150274
          ]
        ]
      }
    },
    {
      "type": "Feature",
      "id": "RE-OSM-0572",
      "properties": {
        "id": "RE-OSM-0572",
        "name": "Tertiary Road",
        "osmId": 1303854971,
        "highway": "tertiary",
        "distanceToHotspotM": 2024.8,
        "nearestHotspot": "Hatigaon - Bhetapara",
        "riskNow": "NORMAL",
        "riskPlus1Hr": "NORMAL"
      },
      "geometry": {
        "type": "LineString",
        "coordinates": [
          [
            91.759421,
            26.129246
          ],
          [
            91.759376,
            26.129147
          ],
          [
            91.75936,
            26.129104
          ],
          [
            91.759353,
            26.129059
          ],
          [
            91.759345,
            26.128957
          ],
          [
            91.759344,
            26.128823
          ],
          [
            91.759388,
            26.128358
          ],
          [
            91.75941,
            26.128153
          ],
          [
            91.75944,
            26.127947
          ],
          [
            91.759427,
            26.127705
          ],
          [
            91.759409,
            26.127523
          ],
          [
            91.759419,
            26.127469
          ],
          [
            91.75944,
            26.127424
          ],
          [
            91.759597,
            26.127164
          ],
          [
            91.759643,
            26.127079
          ],
          [
            91.759716,
            26.126916
          ]
        ]
      }
    },
    {
      "type": "Feature",
      "id": "RE-OSM-0573",
      "properties": {
        "id": "RE-OSM-0573",
        "name": "Secondary_link Road",
        "osmId": 1304575598,
        "highway": "secondary_link",
        "distanceToHotspotM": 1398.3,
        "nearestHotspot": "Rukminigaon",
        "riskNow": "NORMAL",
        "riskPlus1Hr": "NORMAL"
      },
      "geometry": {
        "type": "LineString",
        "coordinates": [
          [
            91.796637,
            26.127251
          ],
          [
            91.796706,
            26.127277
          ]
        ]
      }
    },
    {
      "type": "Feature",
      "id": "RE-OSM-0574",
      "properties": {
        "id": "RE-OSM-0574",
        "name": "Flyover",
        "osmId": 1316335231,
        "highway": "trunk",
        "distanceToHotspotM": 2245.1,
        "nearestHotspot": "Boragaon Bypass",
        "riskNow": "NORMAL",
        "riskPlus1Hr": "NORMAL"
      },
      "geometry": {
        "type": "LineString",
        "coordinates": [
          [
            91.71505,
            26.115741
          ],
          [
            91.714762,
            26.115743
          ]
        ]
      }
    },
    {
      "type": "Feature",
      "id": "RE-OSM-0575",
      "properties": {
        "id": "RE-OSM-0575",
        "name": "Flyover",
        "osmId": 1316335232,
        "highway": "trunk",
        "distanceToHotspotM": 2229.5,
        "nearestHotspot": "Boragaon Bypass",
        "riskNow": "NORMAL",
        "riskPlus1Hr": "NORMAL"
      },
      "geometry": {
        "type": "LineString",
        "coordinates": [
          [
            91.714759,
            26.11589
          ],
          [
            91.71503,
            26.115896
          ]
        ]
      }
    },
    {
      "type": "Feature",
      "id": "RE-OSM-0576",
      "properties": {
        "id": "RE-OSM-0576",
        "name": "Flyover",
        "osmId": 1316335233,
        "highway": "trunk",
        "distanceToHotspotM": 2034.8,
        "nearestHotspot": "Boragaon Bypass",
        "riskNow": "NORMAL",
        "riskPlus1Hr": "NORMAL"
      },
      "geometry": {
        "type": "LineString",
        "coordinates": [
          [
            91.703687,
            26.117062
          ],
          [
            91.703074,
            26.117243
          ]
        ]
      }
    },
    {
      "type": "Feature",
      "id": "RE-OSM-0577",
      "properties": {
        "id": "RE-OSM-0577",
        "name": "Flyover",
        "osmId": 1316335234,
        "highway": "trunk",
        "distanceToHotspotM": 2014.6,
        "nearestHotspot": "Boragaon Bypass",
        "riskNow": "NORMAL",
        "riskPlus1Hr": "NORMAL"
      },
      "geometry": {
        "type": "LineString",
        "coordinates": [
          [
            91.703207,
            26.117401
          ],
          [
            91.70379,
            26.117229
          ]
        ]
      }
    },
    {
      "type": "Feature",
      "id": "RE-OSM-0578",
      "properties": {
        "id": "RE-OSM-0578",
        "name": "Tertiary Road",
        "osmId": 1316335236,
        "highway": "tertiary",
        "distanceToHotspotM": 1990.8,
        "nearestHotspot": "Boragaon Bypass",
        "riskNow": "NORMAL",
        "riskPlus1Hr": "NORMAL"
      },
      "geometry": {
        "type": "LineString",
        "coordinates": [
          [
            91.696686,
            26.119536
          ],
          [
            91.701649,
            26.118029
          ],
          [
            91.703416,
            26.117492
          ],
          [
            91.705859,
            26.116751
          ],
          [
            91.706811,
            26.116461
          ],
          [
            91.708343,
            26.115997
          ],
          [
            91.708567,
            26.115965
          ],
          [
            91.710183,
            26.115964
          ]
        ]
      }
    },
    {
      "type": "Feature",
      "id": "RE-OSM-0579",
      "properties": {
        "id": "RE-OSM-0579",
        "name": "Flyover",
        "osmId": 1316335709,
        "highway": "trunk",
        "distanceToHotspotM": 2540.4,
        "nearestHotspot": "Hatigaon - Bhetapara",
        "riskNow": "NORMAL",
        "riskPlus1Hr": "NORMAL"
      },
      "geometry": {
        "type": "LineString",
        "coordinates": [
          [
            91.776304,
            26.111201
          ],
          [
            91.777382,
            26.1112
          ]
        ]
      }
    },
    {
      "type": "Feature",
      "id": "RE-OSM-0580",
      "properties": {
        "id": "RE-OSM-0580",
        "name": "Flyover",
        "osmId": 1316335715,
        "highway": "trunk",
        "distanceToHotspotM": 2555.4,
        "nearestHotspot": "Hatigaon - Bhetapara",
        "riskNow": "NORMAL",
        "riskPlus1Hr": "NORMAL"
      },
      "geometry": {
        "type": "LineString",
        "coordinates": [
          [
            91.777476,
            26.111059
          ],
          [
            91.776278,
            26.111052
          ]
        ]
      }
    },
    {
      "type": "Feature",
      "id": "RE-OSM-0581",
      "properties": {
        "id": "RE-OSM-0581",
        "name": "Flyover",
        "osmId": 1316335719,
        "highway": "trunk",
        "distanceToHotspotM": 2774.1,
        "nearestHotspot": "Hatigaon - Bhetapara",
        "riskNow": "NORMAL",
        "riskPlus1Hr": "NORMAL"
      },
      "geometry": {
        "type": "LineString",
        "coordinates": [
          [
            91.765535,
            26.111397
          ],
          [
            91.767248,
            26.111393
          ]
        ]
      }
    },
    {
      "type": "Feature",
      "id": "RE-OSM-0582",
      "properties": {
        "id": "RE-OSM-0582",
        "name": "Flyover",
        "osmId": 1316335720,
        "highway": "trunk",
        "distanceToHotspotM": 2789.3,
        "nearestHotspot": "Hatigaon - Bhetapara",
        "riskNow": "NORMAL",
        "riskPlus1Hr": "NORMAL"
      },
      "geometry": {
        "type": "LineString",
        "coordinates": [
          [
            91.767271,
            26.111233
          ],
          [
            91.765586,
            26.111255
          ]
        ]
      }
    },
    {
      "type": "Feature",
      "id": "RE-OSM-0583",
      "properties": {
        "id": "RE-OSM-0583",
        "name": "Basistha Chariali Flyover",
        "osmId": 1316336548,
        "highway": "trunk",
        "distanceToHotspotM": 2719.0,
        "nearestHotspot": "Khanapara Basin",
        "riskNow": "NORMAL",
        "riskPlus1Hr": "NORMAL"
      },
      "geometry": {
        "type": "LineString",
        "coordinates": [
          [
            91.793016,
            26.111567
          ],
          [
            91.792379,
            26.111493
          ]
        ]
      }
    },
    {
      "type": "Feature",
      "id": "RE-OSM-0584",
      "properties": {
        "id": "RE-OSM-0584",
        "name": "Basistha Chariali Flyover",
        "osmId": 1316336549,
        "highway": "trunk",
        "distanceToHotspotM": 2712.7,
        "nearestHotspot": "Khanapara Basin",
        "riskNow": "NORMAL",
        "riskPlus1Hr": "NORMAL"
      },
      "geometry": {
        "type": "LineString",
        "coordinates": [
          [
            91.79238,
            26.111595
          ],
          [
            91.79301,
            26.111671
          ]
        ]
      }
    },
    {
      "type": "Feature",
      "id": "RE-OSM-0585",
      "properties": {
        "id": "RE-OSM-0585",
        "name": "Trunk_link Road",
        "osmId": 1316336550,
        "highway": "trunk_link",
        "distanceToHotspotM": 1175.2,
        "nearestHotspot": "Khanapara Basin",
        "riskNow": "NORMAL",
        "riskPlus1Hr": "MODERATE"
      },
      "geometry": {
        "type": "LineString",
        "coordinates": [
          [
            91.811706,
            26.115854
          ],
          [
            91.811909,
            26.115754
          ]
        ]
      }
    },
    {
      "type": "Feature",
      "id": "RE-OSM-0586",
      "properties": {
        "id": "RE-OSM-0586",
        "name": "Basistha Chariali Flyover",
        "osmId": 1316336551,
        "highway": "trunk",
        "distanceToHotspotM": 1180.3,
        "nearestHotspot": "Khanapara Basin",
        "riskNow": "NORMAL",
        "riskPlus1Hr": "MODERATE"
      },
      "geometry": {
        "type": "LineString",
        "coordinates": [
          [
            91.807092,
            26.114422
          ],
          [
            91.807548,
            26.114546
          ],
          [
            91.807957,
            26.11467
          ],
          [
            91.808922,
            26.114931
          ],
          [
            91.810971,
            26.115461
          ],
          [
            91.811457,
            26.115608
          ],
          [
            91.811862,
            26.115736
          ],
          [
            91.811909,
            26.115754
          ]
        ]
      }
    },
    {
      "type": "Feature",
      "id": "RE-OSM-0587",
      "properties": {
        "id": "RE-OSM-0587",
        "name": "Tertiary Road",
        "osmId": 1316336552,
        "highway": "tertiary",
        "distanceToHotspotM": 1399.9,
        "nearestHotspot": "Khanapara Basin",
        "riskNow": "NORMAL",
        "riskPlus1Hr": "NORMAL"
      },
      "geometry": {
        "type": "LineString",
        "coordinates": [
          [
            91.80891,
            26.11466
          ],
          [
            91.808154,
            26.114443
          ],
          [
            91.807993,
            26.114397
          ],
          [
            91.806104,
            26.11384
          ],
          [
            91.806004,
            26.113808
          ]
        ]
      }
    },
    {
      "type": "Feature",
      "id": "RE-OSM-0588",
      "properties": {
        "id": "RE-OSM-0588",
        "name": "NH37",
        "osmId": 1316337181,
        "highway": "trunk",
        "distanceToHotspotM": 863.6,
        "nearestHotspot": "Khanapara Basin",
        "riskNow": "NORMAL",
        "riskPlus1Hr": "MODERATE"
      },
      "geometry": {
        "type": "LineString",
        "coordinates": [
          [
            91.816489,
            26.118292
          ],
          [
            91.816698,
            26.118357
          ],
          [
            91.816801,
            26.118389
          ],
          [
            91.817017,
            26.118447
          ],
          [
            91.817256,
            26.1185
          ],
          [
            91.818033,
            26.118647
          ]
        ]
      }
    },
    {
      "type": "Feature",
      "id": "RE-OSM-0589",
      "properties": {
        "id": "RE-OSM-0589",
        "name": "Khanapara Flyover",
        "osmId": 1316337182,
        "highway": "trunk",
        "distanceToHotspotM": 871.9,
        "nearestHotspot": "Khanapara Basin",
        "riskNow": "NORMAL",
        "riskPlus1Hr": "MODERATE"
      },
      "geometry": {
        "type": "LineString",
        "coordinates": [
          [
            91.818033,
            26.118647
          ],
          [
            91.819281,
            26.118872
          ]
        ]
      }
    },
    {
      "type": "Feature",
      "id": "RE-OSM-0590",
      "properties": {
        "id": "RE-OSM-0590",
        "name": "Khanapara Flyover",
        "osmId": 1316337183,
        "highway": "trunk",
        "distanceToHotspotM": 1165.8,
        "nearestHotspot": "Khanapara Basin",
        "riskNow": "NORMAL",
        "riskPlus1Hr": "MODERATE"
      },
      "geometry": {
        "type": "LineString",
        "coordinates": [
          [
            91.825129,
            26.119654
          ],
          [
            91.824786,
            26.119714
          ],
          [
            91.824621,
            26.119727
          ],
          [
            91.824487,
            26.11973
          ],
          [
            91.824351,
            26.119721
          ]
        ]
      }
    },
    {
      "type": "Feature",
      "id": "RE-OSM-0591",
      "properties": {
        "id": "RE-OSM-0591",
        "name": "Khanapara Flyover",
        "osmId": 1316337184,
        "highway": "trunk",
        "distanceToHotspotM": 899.8,
        "nearestHotspot": "Khanapara Basin",
        "riskNow": "NORMAL",
        "riskPlus1Hr": "MODERATE"
      },
      "geometry": {
        "type": "LineString",
        "coordinates": [
          [
            91.819305,
            26.118794
          ],
          [
            91.818945,
            26.118724
          ]
        ]
      }
    },
    {
      "type": "Feature",
      "id": "RE-OSM-0592",
      "properties": {
        "id": "RE-OSM-0592",
        "name": "Sixmile Flyover",
        "osmId": 1316339675,
        "highway": "primary",
        "distanceToHotspotM": 907.2,
        "nearestHotspot": "Rukminigaon",
        "riskNow": "NORMAL",
        "riskPlus1Hr": "MODERATE"
      },
      "geometry": {
        "type": "LineString",
        "coordinates": [
          [
            91.806718,
            26.132502
          ],
          [
            91.806187,
            26.132944
          ],
          [
            91.80582,
            26.133235
          ]
        ]
      }
    },
    {
      "type": "Feature",
      "id": "RE-OSM-0593",
      "properties": {
        "id": "RE-OSM-0593",
        "name": "Sixmile Flyover",
        "osmId": 1316339676,
        "highway": "primary",
        "distanceToHotspotM": 908.5,
        "nearestHotspot": "Rukminigaon",
        "riskNow": "NORMAL",
        "riskPlus1Hr": "MODERATE"
      },
      "geometry": {
        "type": "LineString",
        "coordinates": [
          [
            91.805907,
            26.133284
          ],
          [
            91.806774,
            26.132558
          ]
        ]
      }
    },
    {
      "type": "Feature",
      "id": "RE-OSM-0594",
      "properties": {
        "id": "RE-OSM-0594",
        "name": "Sixmile Flyover",
        "osmId": 1316339677,
        "highway": "primary",
        "distanceToHotspotM": 855.7,
        "nearestHotspot": "Rukminigaon",
        "riskNow": "NORMAL",
        "riskPlus1Hr": "MODERATE"
      },
      "geometry": {
        "type": "LineString",
        "coordinates": [
          [
            91.805517,
            26.13361
          ],
          [
            91.805907,
            26.133284
          ]
        ]
      }
    },
    {
      "type": "Feature",
      "id": "RE-OSM-0595",
      "properties": {
        "id": "RE-OSM-0595",
        "name": "Sixmile Flyover",
        "osmId": 1316339678,
        "highway": "primary",
        "distanceToHotspotM": 856.3,
        "nearestHotspot": "Rukminigaon",
        "riskNow": "NORMAL",
        "riskPlus1Hr": "MODERATE"
      },
      "geometry": {
        "type": "LineString",
        "coordinates": [
          [
            91.80582,
            26.133235
          ],
          [
            91.805433,
            26.133541
          ]
        ]
      }
    },
    {
      "type": "Feature",
      "id": "RE-OSM-0596",
      "properties": {
        "id": "RE-OSM-0596",
        "name": "Sixmile Flyover",
        "osmId": 1316339679,
        "highway": "primary",
        "distanceToHotspotM": 580.7,
        "nearestHotspot": "Khanapara Basin",
        "riskNow": "MODERATE",
        "riskPlus1Hr": "HIGH RISK"
      },
      "geometry": {
        "type": "LineString",
        "coordinates": [
          [
            91.810453,
            26.129637
          ],
          [
            91.810661,
            26.129477
          ]
        ]
      }
    },
    {
      "type": "Feature",
      "id": "RE-OSM-0597",
      "properties": {
        "id": "RE-OSM-0597",
        "name": "Sixmile Flyover",
        "osmId": 1316339680,
        "highway": "primary",
        "distanceToHotspotM": 580.8,
        "nearestHotspot": "Khanapara Basin",
        "riskNow": "MODERATE",
        "riskPlus1Hr": "HIGH RISK"
      },
      "geometry": {
        "type": "LineString",
        "coordinates": [
          [
            91.810604,
            26.129422
          ],
          [
            91.810412,
            26.129571
          ]
        ]
      }
    },
    {
      "type": "Feature",
      "id": "RE-OSM-0598",
      "properties": {
        "id": "RE-OSM-0598",
        "name": "Dispur Flyover",
        "osmId": 1316340877,
        "highway": "primary",
        "distanceToHotspotM": 139.4,
        "nearestHotspot": "Rukminigaon",
        "riskNow": "HIGH RISK",
        "riskPlus1Hr": "BLOCKED"
      },
      "geometry": {
        "type": "LineString",
        "coordinates": [
          [
            91.798811,
            26.138809
          ],
          [
            91.798864,
            26.13877
          ]
        ]
      }
    },
    {
      "type": "Feature",
      "id": "RE-OSM-0599",
      "properties": {
        "id": "RE-OSM-0599",
        "name": "Dispur Flyover",
        "osmId": 1316340878,
        "highway": "primary",
        "distanceToHotspotM": 913.6,
        "nearestHotspot": "Rukminigaon",
        "riskNow": "NORMAL",
        "riskPlus1Hr": "MODERATE"
      },
      "geometry": {
        "type": "LineString",
        "coordinates": [
          [
            91.791865,
            26.144369
          ],
          [
            91.792315,
            26.143989
          ],
          [
            91.792327,
            26.143979
          ]
        ]
      }
    },
    {
      "type": "Feature",
      "id": "RE-OSM-0600",
      "properties": {
        "id": "RE-OSM-0600",
        "name": "Supermarket Flyover",
        "osmId": 1316340879,
        "highway": "secondary",
        "distanceToHotspotM": 849.3,
        "nearestHotspot": "Rukminigaon",
        "riskNow": "NORMAL",
        "riskPlus1Hr": "MODERATE"
      },
      "geometry": {
        "type": "LineString",
        "coordinates": [
          [
            91.791509,
            26.13999
          ],
          [
            91.791378,
            26.139872
          ]
        ]
      }
    },
    {
      "type": "Feature",
      "id": "RE-OSM-0601",
      "properties": {
        "id": "RE-OSM-0601",
        "name": "Kalaguru Bishnuprasad Rabha Flyover",
        "osmId": 1316342007,
        "highway": "primary",
        "distanceToHotspotM": 1335.7,
        "nearestHotspot": "GS Road (Bhangagarh)",
        "riskNow": "NORMAL",
        "riskPlus1Hr": "NORMAL"
      },
      "geometry": {
        "type": "LineString",
        "coordinates": [
          [
            91.78298,
            26.151826
          ],
          [
            91.78286,
            26.151937
          ]
        ]
      }
    },
    {
      "type": "Feature",
      "id": "RE-OSM-0602",
      "properties": {
        "id": "RE-OSM-0602",
        "name": "Kalaguru Bishnuprasad Rabha Flyover",
        "osmId": 1316342008,
        "highway": "primary",
        "distanceToHotspotM": 1338.9,
        "nearestHotspot": "GS Road (Bhangagarh)",
        "riskNow": "NORMAL",
        "riskPlus1Hr": "NORMAL"
      },
      "geometry": {
        "type": "LineString",
        "coordinates": [
          [
            91.782915,
            26.151967
          ],
          [
            91.783034,
            26.151857
          ]
        ]
      }
    },
    {
      "type": "Feature",
      "id": "RE-OSM-0603",
      "properties": {
        "id": "RE-OSM-0603",
        "name": "Kalaguru Bishnuprasad Rabha Flyover",
        "osmId": 1316342009,
        "highway": "primary",
        "distanceToHotspotM": 1521.7,
        "nearestHotspot": "Rukminigaon",
        "riskNow": "NORMAL",
        "riskPlus1Hr": "NORMAL"
      },
      "geometry": {
        "type": "LineString",
        "coordinates": [
          [
            91.787729,
            26.14762
          ],
          [
            91.787644,
            26.147691
          ]
        ]
      }
    },
    {
      "type": "Feature",
      "id": "RE-OSM-0604",
      "properties": {
        "id": "RE-OSM-0604",
        "name": "Kalaguru Bishnuprasad Rabha Flyover",
        "osmId": 1316342010,
        "highway": "primary",
        "distanceToHotspotM": 1517.3,
        "nearestHotspot": "Rukminigaon",
        "riskNow": "NORMAL",
        "riskPlus1Hr": "NORMAL"
      },
      "geometry": {
        "type": "LineString",
        "coordinates": [
          [
            91.787746,
            26.147701
          ],
          [
            91.787808,
            26.147649
          ]
        ]
      }
    },
    {
      "type": "Feature",
      "id": "RE-OSM-0605",
      "properties": {
        "id": "RE-OSM-0605",
        "name": "Radha Gobinda Baruah Road",
        "osmId": 1316342011,
        "highway": "secondary",
        "distanceToHotspotM": 1277.9,
        "nearestHotspot": "Zoo Road",
        "riskNow": "NORMAL",
        "riskPlus1Hr": "MODERATE"
      },
      "geometry": {
        "type": "LineString",
        "coordinates": [
          [
            91.783956,
            26.15354
          ],
          [
            91.784083,
            26.153199
          ],
          [
            91.784208,
            26.152842
          ],
          [
            91.784299,
            26.152582
          ],
          [
            91.784352,
            26.152427
          ],
          [
            91.784648,
            26.151638
          ],
          [
            91.784861,
            26.151077
          ],
          [
            91.78506,
            26.150568
          ],
          [
            91.785117,
            26.150422
          ],
          [
            91.785257,
            26.150001
          ],
          [
            91.785304,
            26.149854
          ]
        ]
      }
    },
    {
      "type": "Feature",
      "id": "RE-OSM-0606",
      "properties": {
        "id": "RE-OSM-0606",
        "name": "Radha Gobinda Baruah Road",
        "osmId": 1316342012,
        "highway": "secondary",
        "distanceToHotspotM": 1279.6,
        "nearestHotspot": "Zoo Road",
        "riskNow": "NORMAL",
        "riskPlus1Hr": "MODERATE"
      },
      "geometry": {
        "type": "LineString",
        "coordinates": [
          [
            91.785168,
            26.149768
          ],
          [
            91.785146,
            26.14999
          ],
          [
            91.784974,
            26.150415
          ],
          [
            91.784897,
            26.150596
          ],
          [
            91.784632,
            26.151278
          ],
          [
            91.784264,
            26.152284
          ],
          [
            91.783999,
            26.152994
          ],
          [
            91.783842,
            26.153517
          ]
        ]
      }
    },
    {
      "type": "Feature",
      "id": "RE-OSM-0607",
      "properties": {
        "id": "RE-OSM-0607",
        "name": "Bhangagarh Flyover",
        "osmId": 1316342871,
        "highway": "primary",
        "distanceToHotspotM": 626.9,
        "nearestHotspot": "Ulubari",
        "riskNow": "MODERATE",
        "riskPlus1Hr": "HIGH RISK"
      },
      "geometry": {
        "type": "LineString",
        "coordinates": [
          [
            91.766651,
            26.166707
          ],
          [
            91.766526,
            26.166819
          ]
        ]
      }
    },
    {
      "type": "Feature",
      "id": "RE-OSM-0608",
      "properties": {
        "id": "RE-OSM-0608",
        "name": "Bhangagarh Flyover",
        "osmId": 1316342872,
        "highway": "primary",
        "distanceToHotspotM": 630.0,
        "nearestHotspot": "Ulubari",
        "riskNow": "MODERATE",
        "riskPlus1Hr": "HIGH RISK"
      },
      "geometry": {
        "type": "LineString",
        "coordinates": [
          [
            91.766589,
            26.166866
          ],
          [
            91.76672,
            26.166748
          ]
        ]
      }
    },
    {
      "type": "Feature",
      "id": "RE-OSM-0609",
      "properties": {
        "id": "RE-OSM-0609",
        "name": "Bhangagarh Flyover",
        "osmId": 1316342873,
        "highway": "primary",
        "distanceToHotspotM": 614.6,
        "nearestHotspot": "GS Road (Bhangagarh)",
        "riskNow": "MODERATE",
        "riskPlus1Hr": "HIGH RISK"
      },
      "geometry": {
        "type": "LineString",
        "coordinates": [
          [
            91.770746,
            26.163023
          ],
          [
            91.77062,
            26.163149
          ]
        ]
      }
    },
    {
      "type": "Feature",
      "id": "RE-OSM-0610",
      "properties": {
        "id": "RE-OSM-0610",
        "name": "Bhangagarh Flyover",
        "osmId": 1316342874,
        "highway": "primary",
        "distanceToHotspotM": 619.5,
        "nearestHotspot": "GS Road (Bhangagarh)",
        "riskNow": "MODERATE",
        "riskPlus1Hr": "HIGH RISK"
      },
      "geometry": {
        "type": "LineString",
        "coordinates": [
          [
            91.770651,
            26.163213
          ],
          [
            91.770809,
            26.163069
          ]
        ]
      }
    },
    {
      "type": "Feature",
      "id": "RE-OSM-0611",
      "properties": {
        "id": "RE-OSM-0611",
        "name": "Bishnu Ram Mehdi Flyover",
        "osmId": 1316343251,
        "highway": "primary",
        "distanceToHotspotM": 952.3,
        "nearestHotspot": "Ulubari",
        "riskNow": "NORMAL",
        "riskPlus1Hr": "MODERATE"
      },
      "geometry": {
        "type": "LineString",
        "coordinates": [
          [
            91.755349,
            26.176401
          ],
          [
            91.755199,
            26.176498
          ]
        ]
      }
    },
    {
      "type": "Feature",
      "id": "RE-OSM-0612",
      "properties": {
        "id": "RE-OSM-0612",
        "name": "Bishnu Ram Mehdi Flyover",
        "osmId": 1316343252,
        "highway": "primary",
        "distanceToHotspotM": 955.0,
        "nearestHotspot": "Ulubari",
        "riskNow": "NORMAL",
        "riskPlus1Hr": "MODERATE"
      },
      "geometry": {
        "type": "LineString",
        "coordinates": [
          [
            91.755278,
            26.176554
          ],
          [
            91.755408,
            26.17647
          ]
        ]
      }
    },
    {
      "type": "Feature",
      "id": "RE-OSM-0613",
      "properties": {
        "id": "RE-OSM-0613",
        "name": "Bishnu Ram Mehdi Flyover",
        "osmId": 1316343253,
        "highway": "primary",
        "distanceToHotspotM": 438.7,
        "nearestHotspot": "Ulubari",
        "riskNow": "MODERATE",
        "riskPlus1Hr": "HIGH RISK"
      },
      "geometry": {
        "type": "LineString",
        "coordinates": [
          [
            91.759493,
            26.173206
          ],
          [
            91.759339,
            26.173345
          ]
        ]
      }
    },
    {
      "type": "Feature",
      "id": "RE-OSM-0614",
      "properties": {
        "id": "RE-OSM-0614",
        "name": "Bishnu Ram Mehdi Flyover",
        "osmId": 1316343254,
        "highway": "primary",
        "distanceToHotspotM": 447.0,
        "nearestHotspot": "Ulubari",
        "riskNow": "MODERATE",
        "riskPlus1Hr": "HIGH RISK"
      },
      "geometry": {
        "type": "LineString",
        "coordinates": [
          [
            91.759403,
            26.173398
          ],
          [
            91.759508,
            26.17329
          ]
        ]
      }
    },
    {
      "type": "Feature",
      "id": "RE-OSM-0615",
      "properties": {
        "id": "RE-OSM-0615",
        "name": "Stadium Overbridge",
        "osmId": 1316344080,
        "highway": "secondary",
        "distanceToHotspotM": 1656.1,
        "nearestHotspot": "Ulubari",
        "riskNow": "NORMAL",
        "riskPlus1Hr": "NORMAL"
      },
      "geometry": {
        "type": "LineString",
        "coordinates": [
          [
            91.756663,
            26.184044
          ],
          [
            91.756599,
            26.18386
          ]
        ]
      }
    },
    {
      "type": "Feature",
      "id": "RE-OSM-0616",
      "properties": {
        "id": "RE-OSM-0616",
        "name": "Zoo Road Flyover",
        "osmId": 1316345597,
        "highway": "secondary",
        "distanceToHotspotM": 394.9,
        "nearestHotspot": "Anil Nagar",
        "riskNow": "MODERATE",
        "riskPlus1Hr": "HIGH RISK"
      },
      "geometry": {
        "type": "LineString",
        "coordinates": [
          [
            91.775904,
            26.17739
          ],
          [
            91.775945,
            26.177249
          ]
        ]
      }
    },
    {
      "type": "Feature",
      "id": "RE-OSM-0617",
      "properties": {
        "id": "RE-OSM-0617",
        "name": "Zoo Road Flyover",
        "osmId": 1316345598,
        "highway": "secondary",
        "distanceToHotspotM": 389.4,
        "nearestHotspot": "Anil Nagar",
        "riskNow": "MODERATE",
        "riskPlus1Hr": "HIGH RISK"
      },
      "geometry": {
        "type": "LineString",
        "coordinates": [
          [
            91.775889,
            26.177236
          ],
          [
            91.775815,
            26.177472
          ]
        ]
      }
    },
    {
      "type": "Feature",
      "id": "RE-OSM-0618",
      "properties": {
        "id": "RE-OSM-0618",
        "name": "Zoo Road Flyover",
        "osmId": 1316345599,
        "highway": "secondary",
        "distanceToHotspotM": 553.6,
        "nearestHotspot": "Zoo Road",
        "riskNow": "MODERATE",
        "riskPlus1Hr": "HIGH RISK"
      },
      "geometry": {
        "type": "LineString",
        "coordinates": [
          [
            91.781633,
            26.159987
          ],
          [
            91.781556,
            26.160193
          ]
        ]
      }
    },
    {
      "type": "Feature",
      "id": "RE-OSM-0619",
      "properties": {
        "id": "RE-OSM-0619",
        "name": "Zoo Road Flyover",
        "osmId": 1316345600,
        "highway": "secondary",
        "distanceToHotspotM": 551.8,
        "nearestHotspot": "Zoo Road",
        "riskNow": "MODERATE",
        "riskPlus1Hr": "HIGH RISK"
      },
      "geometry": {
        "type": "LineString",
        "coordinates": [
          [
            91.781614,
            26.160196
          ],
          [
            91.781678,
            26.160029
          ]
        ]
      }
    },
    {
      "type": "Feature",
      "id": "RE-OSM-0620",
      "properties": {
        "id": "RE-OSM-0620",
        "name": "Radha Gobinda Baruah Road",
        "osmId": 1316345602,
        "highway": "secondary",
        "distanceToHotspotM": 424.5,
        "nearestHotspot": "Anil Nagar",
        "riskNow": "MODERATE",
        "riskPlus1Hr": "HIGH RISK"
      },
      "geometry": {
        "type": "LineString",
        "coordinates": [
          [
            91.775615,
            26.178908
          ],
          [
            91.775628,
            26.178689
          ],
          [
            91.775644,
            26.178418
          ],
          [
            91.775676,
            26.178188
          ],
          [
            91.775724,
            26.17799
          ]
        ]
      }
    },
    {
      "type": "Feature",
      "id": "RE-OSM-0621",
      "properties": {
        "id": "RE-OSM-0621",
        "name": "Radha Gobinda Baruah Road",
        "osmId": 1316345603,
        "highway": "secondary",
        "distanceToHotspotM": 396.9,
        "nearestHotspot": "Anil Nagar",
        "riskNow": "MODERATE",
        "riskPlus1Hr": "HIGH RISK"
      },
      "geometry": {
        "type": "LineString",
        "coordinates": [
          [
            91.775815,
            26.177472
          ],
          [
            91.775737,
            26.177717
          ],
          [
            91.77569,
            26.177859
          ],
          [
            91.775597,
            26.178231
          ],
          [
            91.775575,
            26.178387
          ],
          [
            91.775551,
            26.178597
          ],
          [
            91.775529,
            26.178913
          ]
        ]
      }
    },
    {
      "type": "Feature",
      "id": "RE-OSM-0622",
      "properties": {
        "id": "RE-OSM-0622",
        "name": "Mother Teresa Road Flyover",
        "osmId": 1316345604,
        "highway": "secondary",
        "distanceToHotspotM": 731.4,
        "nearestHotspot": "Anil Nagar",
        "riskNow": "MODERATE",
        "riskPlus1Hr": "HIGH RISK"
      },
      "geometry": {
        "type": "LineString",
        "coordinates": [
          [
            91.779661,
            26.173514
          ],
          [
            91.779527,
            26.173632
          ]
        ]
      }
    },
    {
      "type": "Feature",
      "id": "RE-OSM-0623",
      "properties": {
        "id": "RE-OSM-0623",
        "name": "Mother Teresa Road Flyover",
        "osmId": 1316345605,
        "highway": "secondary",
        "distanceToHotspotM": 733.7,
        "nearestHotspot": "Anil Nagar",
        "riskNow": "MODERATE",
        "riskPlus1Hr": "HIGH RISK"
      },
      "geometry": {
        "type": "LineString",
        "coordinates": [
          [
            91.779559,
            26.173656
          ],
          [
            91.779687,
            26.17356
          ]
        ]
      }
    },
    {
      "type": "Feature",
      "id": "RE-OSM-0624",
      "properties": {
        "id": "RE-OSM-0624",
        "name": "Radha Gobinda Baruah Road",
        "osmId": 1316345913,
        "highway": "secondary",
        "distanceToHotspotM": 913.5,
        "nearestHotspot": "Anil Nagar",
        "riskNow": "NORMAL",
        "riskPlus1Hr": "MODERATE"
      },
      "geometry": {
        "type": "LineString",
        "coordinates": [
          [
            91.774844,
            26.184593
          ],
          [
            91.774821,
            26.183998
          ],
          [
            91.77481,
            26.183815
          ],
          [
            91.774824,
            26.183685
          ],
          [
            91.774856,
            26.183625
          ],
          [
            91.774899,
            26.18356
          ],
          [
            91.774913,
            26.183531
          ],
          [
            91.774928,
            26.183421
          ]
        ]
      }
    },
    {
      "type": "Feature",
      "id": "RE-OSM-0625",
      "properties": {
        "id": "RE-OSM-0625",
        "name": "Radha Gobinda Baruah Road",
        "osmId": 1316345914,
        "highway": "secondary",
        "distanceToHotspotM": 909.5,
        "nearestHotspot": "Anil Nagar",
        "riskNow": "NORMAL",
        "riskPlus1Hr": "MODERATE"
      },
      "geometry": {
        "type": "LineString",
        "coordinates": [
          [
            91.774726,
            26.183431
          ],
          [
            91.774736,
            26.183529
          ],
          [
            91.774732,
            26.183722
          ],
          [
            91.774726,
            26.184185
          ],
          [
            91.774722,
            26.184616
          ]
        ]
      }
    },
    {
      "type": "Feature",
      "id": "RE-OSM-0626",
      "properties": {
        "id": "RE-OSM-0626",
        "name": "Chandmari Railway Flyover",
        "osmId": 1316345916,
        "highway": "secondary",
        "distanceToHotspotM": 649.5,
        "nearestHotspot": "Anil Nagar",
        "riskNow": "MODERATE",
        "riskPlus1Hr": "HIGH RISK"
      },
      "geometry": {
        "type": "LineString",
        "coordinates": [
          [
            91.775521,
            26.180989
          ],
          [
            91.775519,
            26.180674
          ]
        ]
      }
    },
    {
      "type": "Feature",
      "id": "RE-OSM-0627",
      "properties": {
        "id": "RE-OSM-0627",
        "name": "Chandmari Railway Flyover",
        "osmId": 1316345917,
        "highway": "secondary",
        "distanceToHotspotM": 645.9,
        "nearestHotspot": "Anil Nagar",
        "riskNow": "MODERATE",
        "riskPlus1Hr": "HIGH RISK"
      },
      "geometry": {
        "type": "LineString",
        "coordinates": [
          [
            91.775426,
            26.180681
          ],
          [
            91.775418,
            26.180995
          ]
        ]
      }
    },
    {
      "type": "Feature",
      "id": "RE-OSM-0628",
      "properties": {
        "id": "RE-OSM-0628",
        "name": "Chandmari Railway Flyover",
        "osmId": 1316345918,
        "highway": "secondary",
        "distanceToHotspotM": 1083.8,
        "nearestHotspot": "Anil Nagar",
        "riskNow": "NORMAL",
        "riskPlus1Hr": "MODERATE"
      },
      "geometry": {
        "type": "LineString",
        "coordinates": [
          [
            91.775487,
            26.185334
          ],
          [
            91.775573,
            26.185282
          ],
          [
            91.775636,
            26.185226
          ],
          [
            91.775682,
            26.185184
          ],
          [
            91.775718,
            26.185132
          ],
          [
            91.775741,
            26.185064
          ],
          [
            91.77577,
            26.184995
          ],
          [
            91.775794,
            26.18488
          ],
          [
            91.77578,
            26.184792
          ]
        ]
      }
    },
    {
      "type": "Feature",
      "id": "RE-OSM-0629",
      "properties": {
        "id": "RE-OSM-0629",
        "name": "Noonmati Flyover",
        "osmId": 1316346102,
        "highway": "primary",
        "distanceToHotspotM": 3629.7,
        "nearestHotspot": "Zoo Road",
        "riskNow": "NORMAL",
        "riskPlus1Hr": "NORMAL"
      },
      "geometry": {
        "type": "LineString",
        "coordinates": [
          [
            91.815101,
            26.180347
          ],
          [
            91.815396,
            26.180352
          ]
        ]
      }
    },
    {
      "type": "Feature",
      "id": "RE-OSM-0630",
      "properties": {
        "id": "RE-OSM-0630",
        "name": "Noonmati Flyover",
        "osmId": 1316346103,
        "highway": "primary",
        "distanceToHotspotM": 3829.3,
        "nearestHotspot": "Zoo Road",
        "riskNow": "NORMAL",
        "riskPlus1Hr": "NORMAL"
      },
      "geometry": {
        "type": "LineString",
        "coordinates": [
          [
            91.817943,
            26.179229
          ],
          [
            91.81787,
            26.179497
          ]
        ]
      }
    },
    {
      "type": "Feature",
      "id": "RE-OSM-0631",
      "properties": {
        "id": "RE-OSM-0631",
        "name": "Maligaon Flyover",
        "osmId": 1316346957,
        "highway": "primary",
        "distanceToHotspotM": 1447.0,
        "nearestHotspot": "Bharalumukh",
        "riskNow": "NORMAL",
        "riskPlus1Hr": "NORMAL"
      },
      "geometry": {
        "type": "LineString",
        "coordinates": [
          [
            91.715777,
            26.16435
          ],
          [
            91.716007,
            26.16452
          ]
        ]
      }
    },
    {
      "type": "Feature",
      "id": "RE-OSM-0632",
      "properties": {
        "id": "RE-OSM-0632",
        "name": "Maligaon Flyover",
        "osmId": 1316346958,
        "highway": "primary",
        "distanceToHotspotM": 1445.7,
        "nearestHotspot": "Bharalumukh",
        "riskNow": "NORMAL",
        "riskPlus1Hr": "NORMAL"
      },
      "geometry": {
        "type": "LineString",
        "coordinates": [
          [
            91.716094,
            26.164455
          ],
          [
            91.715845,
            26.164277
          ]
        ]
      }
    },
    {
      "type": "Feature",
      "id": "RE-OSM-0633",
      "properties": {
        "id": "RE-OSM-0633",
        "name": "Secondary_link Road",
        "osmId": 1336405748,
        "highway": "secondary_link",
        "distanceToHotspotM": 970.8,
        "nearestHotspot": "Bharalumukh",
        "riskNow": "NORMAL",
        "riskPlus1Hr": "MODERATE"
      },
      "geometry": {
        "type": "LineString",
        "coordinates": [
          [
            91.736028,
            26.171738
          ],
          [
            91.736082,
            26.171723
          ],
          [
            91.736134,
            26.171717
          ],
          [
            91.736209,
            26.171732
          ],
          [
            91.73627,
            26.17177
          ]
        ]
      }
    },
    {
      "type": "Feature",
      "id": "RE-OSM-0634",
      "properties": {
        "id": "RE-OSM-0634",
        "name": "Secondary Road",
        "osmId": 1343462011,
        "highway": "secondary",
        "distanceToHotspotM": 619.5,
        "nearestHotspot": "GS Road (Bhangagarh)",
        "riskNow": "MODERATE",
        "riskPlus1Hr": "HIGH RISK"
      },
      "geometry": {
        "type": "LineString",
        "coordinates": [
          [
            91.768413,
            26.165348
          ],
          [
            91.768723,
            26.165084
          ],
          [
            91.768796,
            26.165015
          ],
          [
            91.768844,
            26.16497
          ],
          [
            91.769053,
            26.16477
          ],
          [
            91.769085,
            26.164735
          ],
          [
            91.769095,
            26.164724
          ],
          [
            91.769264,
            26.16455
          ],
          [
            91.769612,
            26.164249
          ],
          [
            91.770088,
            26.163837
          ],
          [
            91.770718,
            26.163257
          ],
          [
            91.770809,
            26.163069
          ]
        ]
      }
    },
    {
      "type": "Feature",
      "id": "RE-OSM-0635",
      "properties": {
        "id": "RE-OSM-0635",
        "name": "Rajgarh Road",
        "osmId": 1343462012,
        "highway": "secondary",
        "distanceToHotspotM": 872.1,
        "nearestHotspot": "Ulubari",
        "riskNow": "NORMAL",
        "riskPlus1Hr": "MODERATE"
      },
      "geometry": {
        "type": "LineString",
        "coordinates": [
          [
            91.768413,
            26.165348
          ],
          [
            91.768283,
            26.16516
          ]
        ]
      }
    },
    {
      "type": "Feature",
      "id": "RE-OSM-0636",
      "properties": {
        "id": "RE-OSM-0636",
        "name": "Secondary Road",
        "osmId": 1343462013,
        "highway": "secondary",
        "distanceToHotspotM": 864.5,
        "nearestHotspot": "Ulubari",
        "riskNow": "NORMAL",
        "riskPlus1Hr": "MODERATE"
      },
      "geometry": {
        "type": "LineString",
        "coordinates": [
          [
            91.768283,
            26.16516
          ],
          [
            91.768225,
            26.165211
          ]
        ]
      }
    },
    {
      "type": "Feature",
      "id": "RE-OSM-0637",
      "properties": {
        "id": "RE-OSM-0637",
        "name": "Secondary Road",
        "osmId": 1343462014,
        "highway": "secondary",
        "distanceToHotspotM": 626.9,
        "nearestHotspot": "Ulubari",
        "riskNow": "MODERATE",
        "riskPlus1Hr": "HIGH RISK"
      },
      "geometry": {
        "type": "LineString",
        "coordinates": [
          [
            91.768062,
            26.165352
          ],
          [
            91.767535,
            26.165807
          ],
          [
            91.766666,
            26.166595
          ],
          [
            91.766592,
            26.166662
          ],
          [
            91.766526,
            26.166819
          ]
        ]
      }
    },
    {
      "type": "Feature",
      "id": "RE-OSM-0638",
      "properties": {
        "id": "RE-OSM-0638",
        "name": "Secondary Road",
        "osmId": 1343462015,
        "highway": "secondary",
        "distanceToHotspotM": 842.3,
        "nearestHotspot": "Ulubari",
        "riskNow": "NORMAL",
        "riskPlus1Hr": "MODERATE"
      },
      "geometry": {
        "type": "LineString",
        "coordinates": [
          [
            91.768225,
            26.165211
          ],
          [
            91.768062,
            26.165352
          ]
        ]
      }
    },
    {
      "type": "Feature",
      "id": "RE-OSM-0639",
      "properties": {
        "id": "RE-OSM-0639",
        "name": "Secondary Road",
        "osmId": 1343462016,
        "highway": "secondary",
        "distanceToHotspotM": 866.0,
        "nearestHotspot": "Ulubari",
        "riskNow": "NORMAL",
        "riskPlus1Hr": "MODERATE"
      },
      "geometry": {
        "type": "LineString",
        "coordinates": [
          [
            91.768372,
            26.165393
          ],
          [
            91.768413,
            26.165348
          ]
        ]
      }
    },
    {
      "type": "Feature",
      "id": "RE-OSM-0640",
      "properties": {
        "id": "RE-OSM-0640",
        "name": "Rajgarh Road",
        "osmId": 1343462017,
        "highway": "secondary",
        "distanceToHotspotM": 858.5,
        "nearestHotspot": "Ulubari",
        "riskNow": "NORMAL",
        "riskPlus1Hr": "MODERATE"
      },
      "geometry": {
        "type": "LineString",
        "coordinates": [
          [
            91.768372,
            26.165393
          ],
          [
            91.768566,
            26.165712
          ],
          [
            91.768678,
            26.165946
          ],
          [
            91.768859,
            26.16636
          ],
          [
            91.768903,
            26.166409
          ]
        ]
      }
    },
    {
      "type": "Feature",
      "id": "RE-OSM-0641",
      "properties": {
        "id": "RE-OSM-0641",
        "name": "Kalaguru Bishnu Rabha Path / Hockey Stadium Rd",
        "osmId": 1352373154,
        "highway": "tertiary",
        "distanceToHotspotM": 2154.9,
        "nearestHotspot": "Hatigaon - Bhetapara",
        "riskNow": "NORMAL",
        "riskPlus1Hr": "NORMAL"
      },
      "geometry": {
        "type": "LineString",
        "coordinates": [
          [
            91.750363,
            26.121043
          ],
          [
            91.750759,
            26.120976
          ],
          [
            91.751107,
            26.120878
          ],
          [
            91.751538,
            26.120758
          ],
          [
            91.752316,
            26.120628
          ],
          [
            91.752673,
            26.120628
          ],
          [
            91.753447,
            26.120627
          ],
          [
            91.754202,
            26.120601
          ],
          [
            91.754926,
            26.120627
          ],
          [
            91.755246,
            26.120627
          ],
          [
            91.755287,
            26.120627
          ],
          [
            91.755519,
            26.120669
          ],
          [
            91.755589,
            26.120682
          ],
          [
            91.755639,
            26.120691
          ],
          [
            91.75588,
            26.120725
          ],
          [
            91.756023,
            26.120716
          ],
          [
            91.756186,
            26.120675
          ],
          [
            91.756482,
            26.120505
          ],
          [
            91.756542,
            26.12047
          ],
          [
            91.75672,
            26.120397
          ],
          [
            91.757004,
            26.12032
          ],
          [
            91.757453,
            26.120297
          ],
          [
            91.757835,
            26.120276
          ],
          [
            91.75802,
            26.120267
          ],
          [
            91.758247,
            26.120264
          ],
          [
            91.758307,
            26.120263
          ],
          [
            91.758495,
            26.120222
          ],
          [
            91.759039,
            26.120096
          ],
          [
            91.75939,
            26.119998
          ],
          [
            91.759556,
            26.119932
          ],
          [
            91.759864,
            26.11981
          ],
          [
            91.759942,
            26.119798
          ],
          [
            91.760265,
            26.119745
          ],
          [
            91.76098,
            26.119633
          ],
          [
            91.761489,
            26.119553
          ],
          [
            91.762069,
            26.119466
          ],
          [
            91.762316,
            26.119394
          ],
          [
            91.762742,
            26.119172
          ],
          [
            91.76363,
            26.118928
          ],
          [
            91.763681,
            26.118914
          ],
          [
            91.764029,
            26.118859
          ],
          [
            91.764216,
            26.118804
          ],
          [
            91.764428,
            26.118741
          ],
          [
            91.765703,
            26.118069
          ],
          [
            91.766061,
            26.117879
          ],
          [
            91.766721,
            26.117517
          ],
          [
            91.767,
            26.117363
          ],
          [
            91.767548,
            26.117071
          ],
          [
            91.767662,
            26.117009
          ],
          [
            91.767798,
            26.116987
          ],
          [
            91.767938,
            26.116981
          ],
          [
            91.768148,
            26.116967
          ],
          [
            91.768257,
            26.116936
          ],
          [
            91.768472,
            26.116875
          ],
          [
            91.769016,
            26.116762
          ],
          [
            91.769217,
            26.11672
          ],
          [
            91.769471,
            26.116612
          ]
        ]
      }
    },
    {
      "type": "Feature",
      "id": "RE-OSM-0642",
      "properties": {
        "id": "RE-OSM-0642",
        "name": "Primary Road",
        "osmId": 1352373155,
        "highway": "primary",
        "distanceToHotspotM": 1538.4,
        "nearestHotspot": "Ulubari",
        "riskNow": "NORMAL",
        "riskPlus1Hr": "NORMAL"
      },
      "geometry": {
        "type": "LineString",
        "coordinates": [
          [
            91.746568,
            26.164556
          ],
          [
            91.74663,
            26.164493
          ]
        ]
      }
    },
    {
      "type": "Feature",
      "id": "RE-OSM-0643",
      "properties": {
        "id": "RE-OSM-0643",
        "name": "Guwahati Medical College Road",
        "osmId": 1388441903,
        "highway": "secondary",
        "distanceToHotspotM": 690.5,
        "nearestHotspot": "GS Road (Bhangagarh)",
        "riskNow": "MODERATE",
        "riskPlus1Hr": "HIGH RISK"
      },
      "geometry": {
        "type": "LineString",
        "coordinates": [
          [
            91.767433,
            26.162821
          ],
          [
            91.767598,
            26.163174
          ]
        ]
      }
    },
    {
      "type": "Feature",
      "id": "RE-OSM-0644",
      "properties": {
        "id": "RE-OSM-0644",
        "name": "Guwahati Medical College Road",
        "osmId": 1388441904,
        "highway": "secondary",
        "distanceToHotspotM": 721.7,
        "nearestHotspot": "GS Road (Bhangagarh)",
        "riskNow": "MODERATE",
        "riskPlus1Hr": "HIGH RISK"
      },
      "geometry": {
        "type": "LineString",
        "coordinates": [
          [
            91.76763,
            26.163243
          ],
          [
            91.767758,
            26.163512
          ],
          [
            91.767913,
            26.16382
          ],
          [
            91.768437,
            26.164562
          ],
          [
            91.768568,
            26.164728
          ],
          [
            91.768643,
            26.164829
          ]
        ]
      }
    },
    {
      "type": "Feature",
      "id": "RE-OSM-0645",
      "properties": {
        "id": "RE-OSM-0645",
        "name": "Primary Road",
        "osmId": 1391116405,
        "highway": "primary",
        "distanceToHotspotM": 1937.9,
        "nearestHotspot": "Ulubari",
        "riskNow": "NORMAL",
        "riskPlus1Hr": "NORMAL"
      },
      "geometry": {
        "type": "LineString",
        "coordinates": [
          [
            91.745782,
            26.180327
          ],
          [
            91.745769,
            26.180551
          ],
          [
            91.745766,
            26.18059
          ]
        ]
      }
    },
    {
      "type": "Feature",
      "id": "RE-OSM-0646",
      "properties": {
        "id": "RE-OSM-0646",
        "name": "Primary Road",
        "osmId": 1391116406,
        "highway": "primary",
        "distanceToHotspotM": 1926.5,
        "nearestHotspot": "Ulubari",
        "riskNow": "NORMAL",
        "riskPlus1Hr": "NORMAL"
      },
      "geometry": {
        "type": "LineString",
        "coordinates": [
          [
            91.745885,
            26.180604
          ],
          [
            91.745893,
            26.180524
          ],
          [
            91.745949,
            26.18035
          ]
        ]
      }
    },
    {
      "type": "Feature",
      "id": "RE-OSM-0647",
      "properties": {
        "id": "RE-OSM-0647",
        "name": "Primary Road",
        "osmId": 1391116407,
        "highway": "primary",
        "distanceToHotspotM": 2164.4,
        "nearestHotspot": "Bharalumukh",
        "riskNow": "NORMAL",
        "riskPlus1Hr": "NORMAL"
      },
      "geometry": {
        "type": "LineString",
        "coordinates": [
          [
            91.745388,
            26.183068
          ],
          [
            91.745363,
            26.183187
          ]
        ]
      }
    },
    {
      "type": "Feature",
      "id": "RE-OSM-0648",
      "properties": {
        "id": "RE-OSM-0648",
        "name": "Primary Road",
        "osmId": 1391116408,
        "highway": "primary",
        "distanceToHotspotM": 2172.0,
        "nearestHotspot": "Ulubari",
        "riskNow": "NORMAL",
        "riskPlus1Hr": "NORMAL"
      },
      "geometry": {
        "type": "LineString",
        "coordinates": [
          [
            91.745918,
            26.183618
          ],
          [
            91.745872,
            26.183544
          ]
        ]
      }
    },
    {
      "type": "Feature",
      "id": "RE-OSM-0649",
      "properties": {
        "id": "RE-OSM-0649",
        "name": "Rajgarh Road",
        "osmId": 1392332258,
        "highway": "secondary",
        "distanceToHotspotM": 871.1,
        "nearestHotspot": "Ulubari",
        "riskNow": "NORMAL",
        "riskPlus1Hr": "MODERATE"
      },
      "geometry": {
        "type": "LineString",
        "coordinates": [
          [
            91.768482,
            26.165465
          ],
          [
            91.768413,
            26.165348
          ]
        ]
      }
    },
    {
      "type": "Feature",
      "id": "RE-OSM-0650",
      "properties": {
        "id": "RE-OSM-0650",
        "name": "Primary Road",
        "osmId": 1394466734,
        "highway": "primary",
        "distanceToHotspotM": 1002.2,
        "nearestHotspot": "Khanapara Basin",
        "riskNow": "NORMAL",
        "riskPlus1Hr": "MODERATE"
      },
      "geometry": {
        "type": "LineString",
        "coordinates": [
          [
            91.822267,
            26.119605
          ],
          [
            91.822252,
            26.119692
          ],
          [
            91.822254,
            26.119741
          ],
          [
            91.822254,
            26.11977
          ]
        ]
      }
    },
    {
      "type": "Feature",
      "id": "RE-OSM-0651",
      "properties": {
        "id": "RE-OSM-0651",
        "name": "Guwahati Medical College Road",
        "osmId": 1425558155,
        "highway": "secondary",
        "distanceToHotspotM": 713.1,
        "nearestHotspot": "GS Road (Bhangagarh)",
        "riskNow": "MODERATE",
        "riskPlus1Hr": "HIGH RISK"
      },
      "geometry": {
        "type": "LineString",
        "coordinates": [
          [
            91.767844,
            26.163364
          ],
          [
            91.767733,
            26.163204
          ]
        ]
      }
    },
    {
      "type": "Feature",
      "id": "RE-OSM-0652",
      "properties": {
        "id": "RE-OSM-0652",
        "name": "Kumar Bhaskar Varma Setu",
        "osmId": 1478892440,
        "highway": "primary",
        "distanceToHotspotM": 265.6,
        "nearestHotspot": "Bharalumukh",
        "riskNow": "HIGH RISK",
        "riskPlus1Hr": "BLOCKED"
      },
      "geometry": {
        "type": "LineString",
        "coordinates": [
          [
            91.699087,
            26.220732
          ],
          [
            91.70023,
            26.220843
          ],
          [
            91.70424,
            26.221231
          ],
          [
            91.706166,
            26.22142
          ],
          [
            91.706617,
            26.221417
          ],
          [
            91.707077,
            26.221413
          ],
          [
            91.707539,
            26.221325
          ],
          [
            91.707835,
            26.221203
          ],
          [
            91.708106,
            26.220949
          ],
          [
            91.708438,
            26.220562
          ],
          [
            91.708556,
            26.220297
          ],
          [
            91.708901,
            26.218964
          ],
          [
            91.709323,
            26.216837
          ],
          [
            91.709341,
            26.216749
          ],
          [
            91.709498,
            26.216042
          ],
          [
            91.70999,
            26.213839
          ],
          [
            91.710108,
            26.21331
          ],
          [
            91.71024,
            26.212721
          ],
          [
            91.710216,
            26.212176
          ],
          [
            91.710182,
            26.211415
          ],
          [
            91.710057,
            26.20995
          ],
          [
            91.709991,
            26.20918
          ],
          [
            91.709918,
            26.208334
          ],
          [
            91.709865,
            26.207726
          ],
          [
            91.709811,
            26.207108
          ],
          [
            91.709719,
            26.206056
          ],
          [
            91.709697,
            26.2058
          ],
          [
            91.709843,
            26.204154
          ],
          [
            91.710163,
            26.202725
          ],
          [
            91.710962,
            26.19974
          ],
          [
            91.711452,
            26.197906
          ],
          [
            91.711882,
            26.196809
          ],
          [
            91.712364,
            26.195904
          ],
          [
            91.712718,
            26.195521
          ],
          [
            91.713842,
            26.194351
          ],
          [
            91.71519,
            26.192983
          ],
          [
            91.715778,
            26.191985
          ],
          [
            91.716363,
            26.190431
          ],
          [
            91.717174,
            26.188348
          ],
          [
            91.717535,
            26.187509
          ],
          [
            91.71795,
            26.186709
          ],
          [
            91.718645,
            26.18573
          ],
          [
            91.727786,
            26.17569
          ],
          [
            91.728057,
            26.175438
          ],
          [
            91.728273,
            26.175287
          ],
          [
            91.728483,
            26.175179
          ],
          [
            91.728762,
            26.175077
          ],
          [
            91.72907,
            26.175028
          ],
          [
            91.72936,
            26.175028
          ],
          [
            91.729705,
            26.175081
          ],
          [
            91.730073,
            26.175206
          ],
          [
            91.730508,
            26.175404
          ]
        ]
      }
    },
    {
      "type": "Feature",
      "id": "RE-OSM-0653",
      "properties": {
        "id": "RE-OSM-0653",
        "name": "Tertiary Road",
        "osmId": 1533509407,
        "highway": "tertiary",
        "distanceToHotspotM": 3726.0,
        "nearestHotspot": "Hatigaon - Bhetapara",
        "riskNow": "NORMAL",
        "riskPlus1Hr": "NORMAL"
      },
      "geometry": {
        "type": "LineString",
        "coordinates": [
          [
            91.749371,
            26.111865
          ],
          [
            91.749435,
            26.111868
          ],
          [
            91.750469,
            26.111867
          ],
          [
            91.750992,
            26.111853
          ]
        ]
      }
    },
    {
      "type": "Feature",
      "id": "RE-OSM-0654",
      "properties": {
        "id": "RE-OSM-0654",
        "name": "NH27",
        "osmId": 1537208035,
        "highway": "trunk",
        "distanceToHotspotM": 3851.7,
        "nearestHotspot": "Hatigaon - Bhetapara",
        "riskNow": "NORMAL",
        "riskPlus1Hr": "NORMAL"
      },
      "geometry": {
        "type": "LineString",
        "coordinates": [
          [
            91.749595,
            26.111576
          ],
          [
            91.748961,
            26.111588
          ]
        ]
      }
    },
    {
      "type": "Feature",
      "id": "RE-OSM-0655",
      "properties": {
        "id": "RE-OSM-0655",
        "name": "NH27",
        "osmId": 1537208036,
        "highway": "trunk",
        "distanceToHotspotM": 3824.4,
        "nearestHotspot": "Hatigaon - Bhetapara",
        "riskNow": "NORMAL",
        "riskPlus1Hr": "NORMAL"
      },
      "geometry": {
        "type": "LineString",
        "coordinates": [
          [
            91.749962,
            26.111569
          ],
          [
            91.749595,
            26.111576
          ]
        ]
      }
    },
    {
      "type": "Feature",
      "id": "RE-OSM-0656",
      "properties": {
        "id": "RE-OSM-0656",
        "name": "NH27",
        "osmId": 1537208037,
        "highway": "trunk",
        "distanceToHotspotM": 3817.3,
        "nearestHotspot": "Hatigaon - Bhetapara",
        "riskNow": "NORMAL",
        "riskPlus1Hr": "NORMAL"
      },
      "geometry": {
        "type": "LineString",
        "coordinates": [
          [
            91.749546,
            26.111685
          ],
          [
            91.749943,
            26.111687
          ]
        ]
      }
    },
    {
      "type": "Feature",
      "id": "RE-OSM-0657",
      "properties": {
        "id": "RE-OSM-0657",
        "name": "NH27",
        "osmId": 1537208038,
        "highway": "trunk",
        "distanceToHotspotM": 3847.6,
        "nearestHotspot": "Hatigaon - Bhetapara",
        "riskNow": "NORMAL",
        "riskPlus1Hr": "NORMAL"
      },
      "geometry": {
        "type": "LineString",
        "coordinates": [
          [
            91.748979,
            26.111705
          ],
          [
            91.749299,
            26.111692
          ],
          [
            91.749546,
            26.111685
          ]
        ]
      }
    },
    {
      "type": "Feature",
      "id": "RE-OSM-0658",
      "properties": {
        "id": "RE-OSM-0658",
        "name": "Tertiary Road",
        "osmId": 1537208039,
        "highway": "tertiary",
        "distanceToHotspotM": 3858.5,
        "nearestHotspot": "Hatigaon - Bhetapara",
        "riskNow": "NORMAL",
        "riskPlus1Hr": "NORMAL"
      },
      "geometry": {
        "type": "LineString",
        "coordinates": [
          [
            91.749696,
            26.111357
          ],
          [
            91.749646,
            26.111397
          ],
          [
            91.749603,
            26.111472
          ]
        ]
      }
    },
    {
      "type": "Feature",
      "id": "RE-OSM-0659",
      "properties": {
        "id": "RE-OSM-0659",
        "name": "Tertiary Road",
        "osmId": 1537208040,
        "highway": "tertiary",
        "distanceToHotspotM": 3854.3,
        "nearestHotspot": "Hatigaon - Bhetapara",
        "riskNow": "NORMAL",
        "riskPlus1Hr": "NORMAL"
      },
      "geometry": {
        "type": "LineString",
        "coordinates": [
          [
            91.74966,
            26.111472
          ],
          [
            91.749691,
            26.111411
          ],
          [
            91.749696,
            26.111357
          ]
        ]
      }
    },
    {
      "type": "Feature",
      "id": "RE-OSM-0660",
      "properties": {
        "id": "RE-OSM-0660",
        "name": "Secondary Road",
        "osmId": 1537208041,
        "highway": "secondary",
        "distanceToHotspotM": 3856.6,
        "nearestHotspot": "Hatigaon - Bhetapara",
        "riskNow": "NORMAL",
        "riskPlus1Hr": "NORMAL"
      },
      "geometry": {
        "type": "LineString",
        "coordinates": [
          [
            91.749603,
            26.111472
          ],
          [
            91.749551,
            26.111554
          ]
        ]
      }
    },
    {
      "type": "Feature",
      "id": "RE-OSM-0661",
      "properties": {
        "id": "RE-OSM-0661",
        "name": "Lokhra Road",
        "osmId": 1537208042,
        "highway": "secondary",
        "distanceToHotspotM": 3853.9,
        "nearestHotspot": "Hatigaon - Bhetapara",
        "riskNow": "NORMAL",
        "riskPlus1Hr": "NORMAL"
      },
      "geometry": {
        "type": "LineString",
        "coordinates": [
          [
            91.749551,
            26.111554
          ],
          [
            91.749516,
            26.111611
          ],
          [
            91.749489,
            26.111658
          ]
        ]
      }
    },
    {
      "type": "Feature",
      "id": "RE-OSM-0662",
      "properties": {
        "id": "RE-OSM-0662",
        "name": "Lokhra Road",
        "osmId": 1537208043,
        "highway": "secondary",
        "distanceToHotspotM": 3848.1,
        "nearestHotspot": "Hatigaon - Bhetapara",
        "riskNow": "NORMAL",
        "riskPlus1Hr": "NORMAL"
      },
      "geometry": {
        "type": "LineString",
        "coordinates": [
          [
            91.749489,
            26.111658
          ],
          [
            91.749371,
            26.111865
          ]
        ]
      }
    },
    {
      "type": "Feature",
      "id": "RE-OSM-0663",
      "properties": {
        "id": "RE-OSM-0663",
        "name": "Lokhra Road",
        "osmId": 1537208044,
        "highway": "secondary",
        "distanceToHotspotM": 3773.8,
        "nearestHotspot": "Hatigaon - Bhetapara",
        "riskNow": "NORMAL",
        "riskPlus1Hr": "NORMAL"
      },
      "geometry": {
        "type": "LineString",
        "coordinates": [
          [
            91.749371,
            26.111865
          ],
          [
            91.749162,
            26.112267
          ],
          [
            91.74907,
            26.112495
          ],
          [
            91.748999,
            26.112723
          ],
          [
            91.748913,
            26.113136
          ],
          [
            91.748852,
            26.11344
          ],
          [
            91.748877,
            26.113496
          ]
        ]
      }
    },
    {
      "type": "Feature",
      "id": "RE-OSM-0664",
      "properties": {
        "id": "RE-OSM-0664",
        "name": "Lokhra Road",
        "osmId": 1537208045,
        "highway": "secondary",
        "distanceToHotspotM": 3773.8,
        "nearestHotspot": "Hatigaon - Bhetapara",
        "riskNow": "NORMAL",
        "riskPlus1Hr": "NORMAL"
      },
      "geometry": {
        "type": "LineString",
        "coordinates": [
          [
            91.748877,
            26.113496
          ],
          [
            91.748915,
            26.113447
          ],
          [
            91.749071,
            26.112715
          ],
          [
            91.749228,
            26.112261
          ],
          [
            91.749435,
            26.111868
          ]
        ]
      }
    },
    {
      "type": "Feature",
      "id": "RE-OSM-0665",
      "properties": {
        "id": "RE-OSM-0665",
        "name": "Satgaon Main Road",
        "osmId": 1540881234,
        "highway": "secondary",
        "distanceToHotspotM": 4240.3,
        "nearestHotspot": "Rukminigaon",
        "riskNow": "NORMAL",
        "riskPlus1Hr": "NORMAL"
      },
      "geometry": {
        "type": "LineString",
        "coordinates": [
          [
            91.839919,
            26.157521
          ],
          [
            91.838839,
            26.158459
          ],
          [
            91.837373,
            26.159643
          ],
          [
            91.836526,
            26.160327
          ],
          [
            91.836056,
            26.160706
          ],
          [
            91.835649,
            26.161047
          ],
          [
            91.834969,
            26.161656
          ],
          [
            91.8346,
            26.161955
          ],
          [
            91.834207,
            26.162272
          ],
          [
            91.834056,
            26.162394
          ],
          [
            91.83394,
            26.162498
          ],
          [
            91.833721,
            26.162694
          ],
          [
            91.833436,
            26.163065
          ],
          [
            91.833274,
            26.163276
          ],
          [
            91.833245,
            26.163313
          ],
          [
            91.832978,
            26.163681
          ],
          [
            91.832779,
            26.163955
          ],
          [
            91.832577,
            26.164206
          ],
          [
            91.831961,
            26.164964
          ],
          [
            91.831842,
            26.165111
          ],
          [
            91.831765,
            26.165205
          ],
          [
            91.831617,
            26.165439
          ],
          [
            91.831523,
            26.165586
          ],
          [
            91.831125,
            26.166213
          ],
          [
            91.831042,
            26.166343
          ],
          [
            91.83057,
            26.167088
          ],
          [
            91.830051,
            26.16796
          ],
          [
            91.829746,
            26.168472
          ],
          [
            91.829608,
            26.168692
          ]
        ]
      }
    },
    {
      "type": "Feature",
      "id": "RE-OSM-0666",
      "properties": {
        "id": "RE-OSM-0666",
        "name": "Primary Road",
        "osmId": 1557943398,
        "highway": "primary",
        "distanceToHotspotM": 929.5,
        "nearestHotspot": "Anil Nagar",
        "riskNow": "NORMAL",
        "riskPlus1Hr": "MODERATE"
      },
      "geometry": {
        "type": "LineString",
        "coordinates": [
          [
            91.775393,
            26.183608
          ],
          [
            91.775413,
            26.183617
          ],
          [
            91.775428,
            26.183624
          ],
          [
            91.775468,
            26.183627
          ],
          [
            91.775506,
            26.183617
          ],
          [
            91.775538,
            26.183596
          ],
          [
            91.775559,
            26.183566
          ],
          [
            91.775562,
            26.183554
          ],
          [
            91.775567,
            26.183531
          ],
          [
            91.775563,
            26.1835
          ],
          [
            91.775546,
            26.183471
          ],
          [
            91.77552,
            26.183448
          ],
          [
            91.775493,
            26.183437
          ],
          [
            91.775486,
            26.183434
          ],
          [
            91.775449,
            26.183431
          ],
          [
            91.775414,
            26.183439
          ],
          [
            91.775402,
            26.183446
          ],
          [
            91.775383,
            26.183458
          ],
          [
            91.775361,
            26.183484
          ],
          [
            91.77535,
            26.183515
          ],
          [
            91.77535,
            26.183532
          ],
          [
            91.775351,
            26.183549
          ],
          [
            91.775366,
            26.183582
          ],
          [
            91.775393,
            26.183608
          ]
        ]
      }
    },
    {
      "type": "Feature",
      "id": "RE-OSM-0667",
      "properties": {
        "id": "RE-OSM-0667",
        "name": "Primary Road",
        "osmId": 1557943399,
        "highway": "primary",
        "distanceToHotspotM": 940.6,
        "nearestHotspot": "Anil Nagar",
        "riskNow": "NORMAL",
        "riskPlus1Hr": "MODERATE"
      },
      "geometry": {
        "type": "LineString",
        "coordinates": [
          [
            91.792484,
            26.1834
          ],
          [
            91.792079,
            26.183602
          ],
          [
            91.791635,
            26.183786
          ],
          [
            91.791461,
            26.18387
          ],
          [
            91.791117,
            26.184014
          ],
          [
            91.790863,
            26.18408
          ],
          [
            91.790562,
            26.184135
          ],
          [
            91.790138,
            26.18419
          ],
          [
            91.789793,
            26.184217
          ],
          [
            91.789541,
            26.184234
          ],
          [
            91.789212,
            26.184228
          ],
          [
            91.788958,
            26.18418
          ],
          [
            91.788498,
            26.184071
          ],
          [
            91.787989,
            26.18395
          ],
          [
            91.787618,
            26.183858
          ],
          [
            91.787166,
            26.183745
          ],
          [
            91.786993,
            26.183704
          ],
          [
            91.786754,
            26.18368
          ],
          [
            91.786521,
            26.183666
          ],
          [
            91.786247,
            26.183646
          ],
          [
            91.785935,
            26.183625
          ],
          [
            91.785683,
            26.183605
          ],
          [
            91.785444,
            26.183584
          ],
          [
            91.785177,
            26.183554
          ],
          [
            91.784862,
            26.183507
          ],
          [
            91.784553,
            26.183471
          ],
          [
            91.784278,
            26.183431
          ],
          [
            91.783891,
            26.183387
          ],
          [
            91.78364,
            26.183367
          ],
          [
            91.783293,
            26.183349
          ],
          [
            91.783114,
            26.183342
          ],
          [
            91.782983,
            26.183341
          ],
          [
            91.782689,
            26.183355
          ],
          [
            91.782416,
            26.183376
          ],
          [
            91.782175,
            26.183395
          ],
          [
            91.781915,
            26.183431
          ],
          [
            91.781546,
            26.183489
          ],
          [
            91.781243,
            26.183541
          ],
          [
            91.780913,
            26.183602
          ],
          [
            91.780523,
            26.183667
          ],
          [
            91.780212,
            26.183722
          ],
          [
            91.779796,
            26.183792
          ],
          [
            91.779501,
            26.183823
          ],
          [
            91.779281,
            26.18383
          ],
          [
            91.778973,
            26.183829
          ],
          [
            91.778838,
            26.183828
          ],
          [
            91.778316,
            26.183791
          ],
          [
            91.77792,
            26.183743
          ],
          [
            91.777626,
            26.183707
          ],
          [
            91.77731,
            26.183682
          ],
          [
            91.776896,
            26.183643
          ],
          [
            91.776588,
            26.183616
          ],
          [
            91.775764,
            26.183525
          ],
          [
            91.775563,
            26.1835
          ]
        ]
      }
    },
    {
      "type": "Feature",
      "id": "RE-OSM-0668",
      "properties": {
        "id": "RE-OSM-0668",
        "name": "Primary Road",
        "osmId": 1557943400,
        "highway": "primary",
        "distanceToHotspotM": 946.3,
        "nearestHotspot": "Anil Nagar",
        "riskNow": "NORMAL",
        "riskPlus1Hr": "MODERATE"
      },
      "geometry": {
        "type": "LineString",
        "coordinates": [
          [
            91.775562,
            26.183554
          ],
          [
            91.775732,
            26.183566
          ],
          [
            91.776185,
            26.183618
          ],
          [
            91.776435,
            26.183647
          ],
          [
            91.776897,
            26.183702
          ],
          [
            91.777489,
            26.183751
          ],
          [
            91.777789,
            26.183788
          ],
          [
            91.778009,
            26.183809
          ],
          [
            91.778301,
            26.18384
          ],
          [
            91.778884,
            26.183874
          ],
          [
            91.779494,
            26.183862
          ],
          [
            91.779771,
            26.183834
          ],
          [
            91.779976,
            26.183801
          ],
          [
            91.780484,
            26.183721
          ],
          [
            91.78083,
            26.183662
          ],
          [
            91.781462,
            26.183549
          ],
          [
            91.781905,
            26.183475
          ],
          [
            91.782154,
            26.183434
          ],
          [
            91.782327,
            26.183421
          ],
          [
            91.782717,
            26.183391
          ],
          [
            91.782937,
            26.18338
          ],
          [
            91.783183,
            26.18338
          ],
          [
            91.783621,
            26.183404
          ],
          [
            91.783879,
            26.183423
          ],
          [
            91.784296,
            26.183478
          ],
          [
            91.784577,
            26.183511
          ],
          [
            91.784986,
            26.183557
          ],
          [
            91.785246,
            26.183593
          ],
          [
            91.785662,
            26.183636
          ],
          [
            91.786102,
            26.183677
          ],
          [
            91.78638,
            26.183698
          ],
          [
            91.786743,
            26.183728
          ],
          [
            91.787001,
            26.183755
          ],
          [
            91.787245,
            26.183815
          ],
          [
            91.787578,
            26.183891
          ],
          [
            91.787954,
            26.18398
          ],
          [
            91.78837,
            26.184075
          ],
          [
            91.788611,
            26.18413
          ],
          [
            91.788876,
            26.184193
          ],
          [
            91.789126,
            26.184249
          ],
          [
            91.789198,
            26.184259
          ],
          [
            91.789328,
            26.184272
          ],
          [
            91.789566,
            26.184277
          ],
          [
            91.789919,
            26.184255
          ],
          [
            91.790115,
            26.184238
          ],
          [
            91.790328,
            26.184211
          ],
          [
            91.7906,
            26.184168
          ],
          [
            91.790881,
            26.184121
          ],
          [
            91.791117,
            26.184061
          ],
          [
            91.791329,
            26.183969
          ],
          [
            91.791488,
            26.183905
          ],
          [
            91.792113,
            26.183629
          ],
          [
            91.792497,
            26.18342
          ]
        ]
      }
    },
    {
      "type": "Feature",
      "id": "RE-OSM-0669",
      "properties": {
        "id": "RE-OSM-0669",
        "name": "Primary Road",
        "osmId": 1557943401,
        "highway": "primary",
        "distanceToHotspotM": 905.6,
        "nearestHotspot": "Anil Nagar",
        "riskNow": "NORMAL",
        "riskPlus1Hr": "MODERATE"
      },
      "geometry": {
        "type": "LineString",
        "coordinates": [
          [
            91.775361,
            26.183484
          ],
          [
            91.775015,
            26.183462
          ],
          [
            91.774876,
            26.183452
          ],
          [
            91.77466,
            26.183456
          ],
          [
            91.774522,
            26.183464
          ],
          [
            91.774456,
            26.183471
          ],
          [
            91.774256,
            26.183494
          ],
          [
            91.774109,
            26.183515
          ],
          [
            91.773763,
            26.183566
          ],
          [
            91.773391,
            26.183625
          ],
          [
            91.773076,
            26.183675
          ],
          [
            91.7726,
            26.183752
          ],
          [
            91.772035,
            26.183844
          ],
          [
            91.771913,
            26.183858
          ],
          [
            91.771303,
            26.183927
          ],
          [
            91.770777,
            26.184007
          ],
          [
            91.77058,
            26.18404
          ],
          [
            91.77029,
            26.184088
          ],
          [
            91.770021,
            26.184121
          ],
          [
            91.769753,
            26.184155
          ],
          [
            91.769344,
            26.18421
          ],
          [
            91.768994,
            26.184256
          ],
          [
            91.768537,
            26.184313
          ],
          [
            91.768037,
            26.184375
          ],
          [
            91.767625,
            26.184427
          ],
          [
            91.76734,
            26.184455
          ],
          [
            91.767058,
            26.184504
          ],
          [
            91.766722,
            26.184563
          ],
          [
            91.766311,
            26.184622
          ],
          [
            91.766032,
            26.184659
          ],
          [
            91.765739,
            26.184702
          ],
          [
            91.765443,
            26.184742
          ],
          [
            91.764974,
            26.184806
          ],
          [
            91.764587,
            26.184859
          ],
          [
            91.764266,
            26.184898
          ],
          [
            91.763876,
            26.184941
          ],
          [
            91.763542,
            26.184971
          ],
          [
            91.76325,
            26.184993
          ],
          [
            91.763053,
            26.18501
          ],
          [
            91.762578,
            26.185037
          ],
          [
            91.762091,
            26.185074
          ],
          [
            91.761548,
            26.185115
          ],
          [
            91.761086,
            26.185147
          ],
          [
            91.76094,
            26.185149
          ],
          [
            91.760781,
            26.185149
          ],
          [
            91.760186,
            26.185152
          ],
          [
            91.759558,
            26.185132
          ],
          [
            91.758885,
            26.185101
          ],
          [
            91.758459,
            26.185089
          ],
          [
            91.7579,
            26.185072
          ],
          [
            91.757238,
            26.185048
          ],
          [
            91.756891,
            26.185031
          ],
          [
            91.756675,
            26.185031
          ],
          [
            91.75642,
            26.185032
          ],
          [
            91.755868,
            26.185062
          ],
          [
            91.755361,
            26.185108
          ],
          [
            91.754754,
            26.18516
          ],
          [
            91.754142,
            26.185226
          ],
          [
            91.753652,
            26.185277
          ],
          [
            91.753131,
            26.185382
          ],
          [
            91.752735,
            26.185476
          ],
          [
            91.752069,
            26.185647
          ],
          [
            91.751722,
            26.18571
          ],
          [
            91.751026,
            26.185811
          ]
        ]
      }
    },
    {
      "type": "Feature",
      "id": "RE-OSM-0670",
      "properties": {
        "id": "RE-OSM-0670",
        "name": "Primary Road",
        "osmId": 1557943402,
        "highway": "primary",
        "distanceToHotspotM": 908.7,
        "nearestHotspot": "Anil Nagar",
        "riskNow": "NORMAL",
        "riskPlus1Hr": "MODERATE"
      },
      "geometry": {
        "type": "LineString",
        "coordinates": [
          [
            91.754744,
            26.185194
          ],
          [
            91.755755,
            26.185102
          ],
          [
            91.756135,
            26.185078
          ],
          [
            91.756531,
            26.185078
          ],
          [
            91.756815,
            26.185077
          ],
          [
            91.757076,
            26.185079
          ],
          [
            91.75769,
            26.185094
          ],
          [
            91.758256,
            26.185112
          ],
          [
            91.759323,
            26.185154
          ],
          [
            91.759817,
            26.185167
          ],
          [
            91.760365,
            26.185182
          ],
          [
            91.760811,
            26.185173
          ],
          [
            91.761087,
            26.185169
          ],
          [
            91.761543,
            26.185144
          ],
          [
            91.762298,
            26.185083
          ],
          [
            91.762751,
            26.185055
          ],
          [
            91.763391,
            26.185017
          ],
          [
            91.763737,
            26.184984
          ],
          [
            91.7643,
            26.184921
          ],
          [
            91.764667,
            26.184877
          ],
          [
            91.765167,
            26.18481
          ],
          [
            91.765422,
            26.184774
          ],
          [
            91.765874,
            26.18471
          ],
          [
            91.766255,
            26.184652
          ],
          [
            91.766777,
            26.184581
          ],
          [
            91.76696,
            26.184546
          ],
          [
            91.767331,
            26.184486
          ],
          [
            91.767508,
            26.184466
          ],
          [
            91.767871,
            26.184422
          ],
          [
            91.768327,
            26.184367
          ],
          [
            91.76883,
            26.184304
          ],
          [
            91.76917,
            26.184261
          ],
          [
            91.769625,
            26.184208
          ],
          [
            91.770266,
            26.184117
          ],
          [
            91.771343,
            26.183961
          ],
          [
            91.772038,
            26.183884
          ],
          [
            91.772523,
            26.183804
          ],
          [
            91.772812,
            26.183748
          ],
          [
            91.773441,
            26.183653
          ],
          [
            91.773952,
            26.183568
          ],
          [
            91.774303,
            26.183521
          ],
          [
            91.774505,
            26.183494
          ],
          [
            91.774712,
            26.183493
          ],
          [
            91.774832,
            26.183493
          ],
          [
            91.774978,
            26.1835
          ],
          [
            91.775172,
            26.183513
          ],
          [
            91.77535,
            26.183532
          ]
        ]
      }
    },
    {
      "type": "Feature",
      "id": "RE-OSM-0671",
      "properties": {
        "id": "RE-OSM-0671",
        "name": "Primary Road",
        "osmId": 1559061037,
        "highway": "primary",
        "distanceToHotspotM": 1853.4,
        "nearestHotspot": "Ulubari",
        "riskNow": "NORMAL",
        "riskPlus1Hr": "NORMAL"
      },
      "geometry": {
        "type": "LineString",
        "coordinates": [
          [
            91.754515,
            26.185245
          ],
          [
            91.754554,
            26.185211
          ],
          [
            91.75468,
            26.185199
          ],
          [
            91.754744,
            26.185194
          ]
        ]
      }
    },
    {
      "type": "Feature",
      "id": "RE-OSM-0672",
      "properties": {
        "id": "RE-OSM-0672",
        "name": "Lamb Road",
        "osmId": 1559061038,
        "highway": "tertiary",
        "distanceToHotspotM": 1856.5,
        "nearestHotspot": "Ulubari",
        "riskNow": "NORMAL",
        "riskPlus1Hr": "NORMAL"
      },
      "geometry": {
        "type": "LineString",
        "coordinates": [
          [
            91.754515,
            26.185245
          ],
          [
            91.754508,
            26.185146
          ]
        ]
      }
    },
    {
      "type": "Feature",
      "id": "RE-OSM-0673",
      "properties": {
        "id": "RE-OSM-0673",
        "name": "G.N.B Road",
        "osmId": 1559061039,
        "highway": "primary",
        "distanceToHotspotM": 1866.6,
        "nearestHotspot": "Ulubari",
        "riskNow": "NORMAL",
        "riskPlus1Hr": "NORMAL"
      },
      "geometry": {
        "type": "LineString",
        "coordinates": [
          [
            91.753055,
            26.185444
          ],
          [
            91.753671,
            26.185322
          ],
          [
            91.754435,
            26.185252
          ],
          [
            91.754515,
            26.185245
          ]
        ]
      }
    },
    {
      "type": "Feature",
      "id": "RE-OSM-0674",
      "properties": {
        "id": "RE-OSM-0674",
        "name": "Primary Road",
        "osmId": 1559061040,
        "highway": "primary",
        "distanceToHotspotM": 2068.9,
        "nearestHotspot": "Ulubari",
        "riskNow": "NORMAL",
        "riskPlus1Hr": "NORMAL"
      },
      "geometry": {
        "type": "LineString",
        "coordinates": [
          [
            91.751026,
            26.185811
          ],
          [
            91.750515,
            26.185882
          ]
        ]
      }
    },
    {
      "type": "Feature",
      "id": "RE-OSM-0675",
      "properties": {
        "id": "RE-OSM-0675",
        "name": "Primary Road",
        "osmId": 1559061041,
        "highway": "primary",
        "distanceToHotspotM": 2179.0,
        "nearestHotspot": "Anil Nagar",
        "riskNow": "NORMAL",
        "riskPlus1Hr": "NORMAL"
      },
      "geometry": {
        "type": "LineString",
        "coordinates": [
          [
            91.792621,
            26.183297
          ],
          [
            91.792552,
            26.183354
          ],
          [
            91.792484,
            26.1834
          ]
        ]
      }
    },
    {
      "type": "Feature",
      "id": "RE-OSM-0676",
      "properties": {
        "id": "RE-OSM-0676",
        "name": "Primary Road",
        "osmId": 1559061042,
        "highway": "primary",
        "distanceToHotspotM": 2181.2,
        "nearestHotspot": "Anil Nagar",
        "riskNow": "NORMAL",
        "riskPlus1Hr": "NORMAL"
      },
      "geometry": {
        "type": "LineString",
        "coordinates": [
          [
            91.792497,
            26.18342
          ],
          [
            91.792618,
            26.183351
          ],
          [
            91.792724,
            26.183332
          ]
        ]
      }
    },
    {
      "type": "Feature",
      "id": "RE-OSM-0677",
      "properties": {
        "id": "RE-OSM-0677",
        "name": "Maniram Dewan Road",
        "osmId": 1559061043,
        "highway": "primary",
        "distanceToHotspotM": 2198.0,
        "nearestHotspot": "Anil Nagar",
        "riskNow": "NORMAL",
        "riskPlus1Hr": "NORMAL"
      },
      "geometry": {
        "type": "LineString",
        "coordinates": [
          [
            91.792724,
            26.183332
          ],
          [
            91.793118,
            26.183142
          ],
          [
            91.793526,
            26.183054
          ],
          [
            91.793847,
            26.183018
          ],
          [
            91.794394,
            26.182976
          ],
          [
            91.795078,
            26.182906
          ],
          [
            91.795939,
            26.182842
          ],
          [
            91.797495,
            26.182674
          ],
          [
            91.797997,
            26.182612
          ],
          [
            91.798772,
            26.182507
          ],
          [
            91.799378,
            26.182442
          ],
          [
            91.800235,
            26.182353
          ],
          [
            91.800596,
            26.182307
          ],
          [
            91.801472,
            26.182215
          ],
          [
            91.801921,
            26.182151
          ],
          [
            91.802929,
            26.182057
          ],
          [
            91.803176,
            26.182051
          ]
        ]
      }
    },
    {
      "type": "Feature",
      "id": "RE-OSM-0678",
      "properties": {
        "id": "RE-OSM-0678",
        "name": "Maniram Dewan Road",
        "osmId": 1559061044,
        "highway": "primary",
        "distanceToHotspotM": 2187.0,
        "nearestHotspot": "Anil Nagar",
        "riskNow": "NORMAL",
        "riskPlus1Hr": "NORMAL"
      },
      "geometry": {
        "type": "LineString",
        "coordinates": [
          [
            91.803168,
            26.181963
          ],
          [
            91.802933,
            26.182003
          ],
          [
            91.801926,
            26.182097
          ],
          [
            91.801476,
            26.182161
          ],
          [
            91.801435,
            26.182165
          ],
          [
            91.800641,
            26.182249
          ],
          [
            91.800601,
            26.182253
          ],
          [
            91.800239,
            26.182298
          ],
          [
            91.800219,
            26.1823
          ],
          [
            91.799382,
            26.182388
          ],
          [
            91.798776,
            26.182453
          ],
          [
            91.798123,
            26.182544
          ],
          [
            91.797981,
            26.182561
          ],
          [
            91.797499,
            26.18262
          ],
          [
            91.797478,
            26.182621
          ],
          [
            91.795919,
            26.182759
          ],
          [
            91.795074,
            26.182838
          ],
          [
            91.794392,
            26.182903
          ],
          [
            91.793872,
            26.182952
          ],
          [
            91.793509,
            26.182972
          ],
          [
            91.793085,
            26.183068
          ],
          [
            91.792701,
            26.183255
          ],
          [
            91.792621,
            26.183297
          ]
        ]
      }
    },
    {
      "type": "Feature",
      "id": "RE-OSM-0679",
      "properties": {
        "id": "RE-OSM-0679",
        "name": "Chandmari Railway Flyover",
        "osmId": 1559061045,
        "highway": "secondary",
        "distanceToHotspotM": 948.2,
        "nearestHotspot": "Anil Nagar",
        "riskNow": "NORMAL",
        "riskPlus1Hr": "MODERATE"
      },
      "geometry": {
        "type": "LineString",
        "coordinates": [
          [
            91.775413,
            26.183617
          ],
          [
            91.775432,
            26.183803
          ],
          [
            91.775486,
            26.184094
          ],
          [
            91.775526,
            26.184292
          ],
          [
            91.775572,
            26.184455
          ],
          [
            91.775661,
            26.184703
          ],
          [
            91.775687,
            26.184821
          ]
        ]
      }
    },
    {
      "type": "Feature",
      "id": "RE-OSM-0680",
      "properties": {
        "id": "RE-OSM-0680",
        "name": "Chandmari Railway Flyover",
        "osmId": 1559061046,
        "highway": "secondary",
        "distanceToHotspotM": 951.2,
        "nearestHotspot": "Anil Nagar",
        "riskNow": "NORMAL",
        "riskPlus1Hr": "MODERATE"
      },
      "geometry": {
        "type": "LineString",
        "coordinates": [
          [
            91.77578,
            26.184792
          ],
          [
            91.775749,
            26.184707
          ],
          [
            91.775705,
            26.184575
          ],
          [
            91.775629,
            26.18436
          ],
          [
            91.77558,
            26.184158
          ],
          [
            91.775538,
            26.183865
          ],
          [
            91.775522,
            26.183739
          ],
          [
            91.775506,
            26.183617
          ]
        ]
      }
    },
    {
      "type": "Feature",
      "id": "RE-OSM-0681",
      "properties": {
        "id": "RE-OSM-0681",
        "name": "Hem Baruah Road",
        "osmId": 1559095579,
        "highway": "tertiary",
        "distanceToHotspotM": 2279.5,
        "nearestHotspot": "Bharalumukh",
        "riskNow": "NORMAL",
        "riskPlus1Hr": "NORMAL"
      },
      "geometry": {
        "type": "LineString",
        "coordinates": [
          [
            91.7462,
            26.187652
          ],
          [
            91.744844,
            26.187185
          ],
          [
            91.743867,
            26.186818
          ]
        ]
      }
    },
    {
      "type": "Feature",
      "id": "RE-OSM-0682",
      "properties": {
        "id": "RE-OSM-0682",
        "name": "Ananda Ram Baruah Road",
        "osmId": 1559095580,
        "highway": "tertiary",
        "distanceToHotspotM": 2295.8,
        "nearestHotspot": "Ulubari",
        "riskNow": "NORMAL",
        "riskPlus1Hr": "NORMAL"
      },
      "geometry": {
        "type": "LineString",
        "coordinates": [
          [
            91.7462,
            26.187652
          ],
          [
            91.746346,
            26.186607
          ],
          [
            91.746503,
            26.185872
          ],
          [
            91.746583,
            26.185589
          ]
        ]
      }
    },
    {
      "type": "Feature",
      "id": "RE-OSM-0683",
      "properties": {
        "id": "RE-OSM-0683",
        "name": "Hem Baruah Road",
        "osmId": 1559095581,
        "highway": "tertiary",
        "distanceToHotspotM": 2488.3,
        "nearestHotspot": "Ulubari",
        "riskNow": "NORMAL",
        "riskPlus1Hr": "NORMAL"
      },
      "geometry": {
        "type": "LineString",
        "coordinates": [
          [
            91.746461,
            26.18768
          ],
          [
            91.7462,
            26.187652
          ]
        ]
      }
    }
  ]
}